dataset,seed,variant,scope,modality,n_validation_nodes,top1_usage_expert0,top1_usage_expert1,top1_usage_expert2,top2_inclusion_expert0,top2_inclusion_expert1,top2_inclusion_expert2,max_expert_top1_share,selected_weight_mean_0,selected_weight_mean_1,selected_entropy_mean,full_router_entropy_mean,router_logit_mean_0,router_logit_mean_1,router_logit_mean_2,router_logit_std_0,router_logit_std_1,router_logit_std_2
Grocery,42,bank_crossmoe_generic,validation_targets,text,3415,0.15929721295833588,0.4857979416847229,0.35490483045578003,0.46559298038482666,0.8644216656684875,0.6699853539466858,0.4857979416847229,0.6904401183128357,0.3095598816871643,0.5756848454475403,0.8691365718841553,-0.5475528240203857,0.21058186888694763,-0.18768535554409027,0.7689066529273987,0.67626953125,0.7595146298408508
Grocery,42,bank_crossmoe_generic,validation_targets,visual,3415,0.3686676323413849,0.34202051162719727,0.28931185603141785,0.75168377161026,0.5730600357055664,0.6752562522888184,0.3686676323413849,0.789128303527832,0.21087177097797394,0.44501349329948425,0.6466842889785767,-0.14514471590518951,-0.27610209584236145,-0.3719508647918701,1.201075792312622,1.434471845626831,1.0397987365722656
Grocery,42,bank_crossmoe_protected,validation_targets,text,3415,0.245388001203537,0.25241580605506897,0.502196192741394,0.4509516954421997,0.886969268321991,0.6620790362358093,0.502196192741394,0.8572753071784973,0.1427246332168579,0.31128376722335815,0.3935234546661377,-1.9001661539077759,-0.6751970648765564,0.4820499122142792,3.177394151687622,1.571172833442688,2.754163980484009
Grocery,42,bank_crossmoe_protected,validation_targets,visual,3415,0.09721815586090088,0.6020497679710388,0.3007320761680603,0.2424597293138504,0.8720351457595825,0.8855051398277283,0.6020497679710388,0.8259451389312744,0.17405492067337036,0.3770691156387329,0.4796178340911865,-2.0033485889434814,0.8357129096984863,-0.10966715216636658,1.5605636835098267,1.657265305519104,1.348565936088562
Grocery,43,bank_crossmoe_generic,validation_targets,text,3415,0.4245973527431488,0.535871148109436,0.03953148052096367,0.9636896252632141,0.6243045330047607,0.41200584173202515,0.535871148109436,0.8643732070922852,0.13562682271003723,0.30041274428367615,0.38792529702186584,-0.17529414594173431,0.23418977856636047,-1.8376249074935913,2.199727773666382,2.985301971435547,2.2244086265563965
Grocery,43,bank_crossmoe_generic,validation_targets,visual,3415,0.5973645448684692,0.3010248839855194,0.10161054134368896,0.7692533135414124,0.6453880071640015,0.585358738899231,0.5973645448684692,0.8447412848472595,0.15525871515274048,0.3366177976131439,0.4746483862400055,0.7258437275886536,-0.5997360944747925,-1.3079345226287842,1.9017255306243896,1.708201289176941,1.2565348148345947
Grocery,43,bank_crossmoe_protected,validation_targets,text,3415,0.46559298038482666,0.2948755621910095,0.239531472325325,0.9259150624275208,0.5478770136833191,0.5262079238891602,0.46559298038482666,0.6861172318458557,0.31388282775878906,0.5869981050491333,0.826513946056366,0.240349680185318,-0.4463867247104645,-0.5542511343955994,0.5364544987678528,1.2628560066223145,0.8471696376800537
Grocery,43,bank_crossmoe_protected,validation_targets,visual,3415,0.5206441879272461,0.25710102915763855,0.22225475311279297,0.6720351576805115,0.799414336681366,0.5285505056381226,0.5206441879272461,0.7575360536575317,0.24246399104595184,0.4778349995613098,0.710839569568634,0.42296963930130005,-0.35924986004829407,-0.6945083737373352,1.364781379699707,0.917584240436554,1.1415331363677979
Grocery,44,bank_crossmoe_generic,validation_targets,text,3415,0.19824305176734924,0.623426079750061,0.1783308982849121,0.8623718619346619,0.8916544914245605,0.2459736466407776,0.623426079750061,0.7199424505233765,0.28005754947662354,0.5471256375312805,0.7351264953613281,-0.18381208181381226,0.41359204053878784,-1.4903842210769653,0.5972118377685547,0.889643132686615,1.5034961700439453
Grocery,44,bank_crossmoe_generic,validation_targets,visual,3415,0.23191800713539124,0.502781867980957,0.2653001546859741,0.6603221297264099,0.7016105651855469,0.638067364692688,0.502781867980957,0.8129882216453552,0.18701177835464478,0.3955501317977905,0.5338404178619385,-0.7699258923530579,0.2579488456249237,-0.7121405005455017,1.5185741186141968,1.7710790634155273,1.6196428537368774
Grocery,44,bank_crossmoe_protected,validation_targets,text,3415,0.4310395419597626,0.06705710291862488,0.5019033551216125,0.9944363236427307,0.3010248839855194,0.7045388221740723,0.5019033551216125,0.7121009826660156,0.2878990173339844,0.5505486726760864,0.7682003974914551,0.024406328797340393,-1.2367525100708008,0.12835298478603363,0.6410717964172363,1.1343936920166016,1.0242282152175903
Grocery,44,bank_crossmoe_protected,validation_targets,visual,3415,0.6084919571876526,0.28579795360565186,0.10571010410785675,0.9595900177955627,0.6260614991188049,0.41434845328330994,0.6084919571876526,0.7121979594230652,0.2878020405769348,0.5569782853126526,0.8089000582695007,0.47390106320381165,-0.2683841586112976,-0.6436574459075928,0.6634765863418579,0.9186005592346191,0.811126708984375
Movies,42,bank_crossmoe_generic,validation_targets,text,3334,0.2603479325771332,0.3371325731277466,0.40251949429512024,0.5518895983695984,0.7750449776649475,0.6730653643608093,0.40251949429512024,0.7855334877967834,0.21446651220321655,0.4360488951206207,0.6170909404754639,-1.042531967163086,-0.330452024936676,0.21263329684734344,1.646796703338623,1.3623756170272827,1.79458749294281
Movies,42,bank_crossmoe_generic,validation_targets,visual,3334,0.1793641299009323,0.38362327218055725,0.43701258301734924,0.40941810607910156,0.6517696380615234,0.938812255859375,0.43701258301734924,0.6940310001373291,0.3059689402580261,0.5765275955200195,0.8243072032928467,-0.8368150591850281,-0.23404213786125183,0.11535313725471497,1.071467638015747,0.8784715533256531,0.6423155665397644
Movies,42,bank_crossmoe_protected,validation_targets,text,3334,0.12657468020915985,0.03779244050383568,0.835632860660553,0.4301139712333679,0.7048590183258057,0.8650270104408264,0.835632860660553,0.9106212258338928,0.08937868475914001,0.20325222611427307,0.3015989065170288,-1.6761915683746338,-1.6480966806411743,2.279966354370117,1.531816840171814,1.1272052526474,2.026987075805664
Movies,42,bank_crossmoe_protected,validation_targets,visual,3334,0.11997600644826889,0.0,0.8800240159034729,0.9994001388549805,0.04889022186398506,0.9517096877098083,0.8800240159034729,0.8472930192947388,0.15270693600177765,0.3326527178287506,0.5249705910682678,-1.009698510169983,-1.4945670366287231,1.4594131708145142,0.886611819267273,0.7754344940185547,1.1413456201553345
Movies,43,bank_crossmoe_generic,validation_targets,text,3334,0.38842231035232544,0.592081606388092,0.019496100023388863,0.9895020723342896,0.7138572335243225,0.29664066433906555,0.592081606388092,0.7615199089050293,0.23848006129264832,0.46660763025283813,0.683576762676239,-0.21575722098350525,0.6548875570297241,-1.0651895999908447,0.9663196802139282,1.4209954738616943,1.1128062009811401
Movies,43,bank_crossmoe_generic,validation_targets,visual,3334,0.383923202753067,0.13377325236797333,0.48230352997779846,0.5809838175773621,0.6964607238769531,0.7225555181503296,0.48230352997779846,0.7621148824691772,0.23788504302501678,0.48550936579704285,0.7435243129730225,-0.2196124792098999,-0.44587817788124084,0.3487798273563385,0.9983198642730713,0.5892549157142639,1.1799472570419312
Movies,43,bank_crossmoe_protected,validation_targets,text,3334,0.056388720870018005,0.32723456621170044,0.6163766980171204,0.28794240951538086,0.9403119087219238,0.7717456221580505,0.6163766980171204,0.8330497741699219,0.16695024073123932,0.37263059616088867,0.527597188949585,-1.3838268518447876,-0.2339148074388504,0.4374822676181793,1.0963107347488403,1.178617238998413,1.9862422943115234
Movies,43,bank_crossmoe_protected,validation_targets,visual,3334,0.40161967277526855,0.4976004660129547,0.10077984631061554,0.6184763312339783,0.9661067724227905,0.4154169261455536,0.4976004660129547,0.6954978704452515,0.30450209975242615,0.5777538418769836,0.8198577165603638,-0.20662519335746765,0.20071767270565033,-0.7767944931983948,0.9695528149604797,0.6457579731941223,1.0163891315460205
Movies,44,bank_crossmoe_generic,validation_targets,text,3334,0.8914217352867126,0.10857828706502914,0.0,0.9385123252868652,0.9106178879737854,0.15086983144283295,0.8914217352867126,0.9795721173286438,0.02042783983051777,0.054125651717185974,0.07351944595575333,4.559410095214844,-2.531176805496216,-3.5385091304779053,3.1045775413513184,2.337955951690674,1.0870453119277954
Movies,44,bank_crossmoe_generic,validation_targets,visual,3334,0.4694061279296875,0.1739652007818222,0.3566286861896515,0.7624475359916687,0.6103779077529907,0.6271745562553406,0.4694061279296875,0.7828600406646729,0.21713994443416595,0.4511246979236603,0.6566579341888428,0.2981448769569397,-0.6396446228027344,-0.4095393717288971,1.3302502632141113,0.9190573692321777,1.380971074104309
Movies,44,bank_crossmoe_protected,validation_targets,text,3334,0.6949610114097595,0.1574685126543045,0.14757049083709717,0.7810437679290771,0.48560288548469543,0.733353316783905,0.6949610114097595,0.7506377696990967,0.24936221539974213,0.5170568227767944,0.8104243874549866,0.43692874908447266,-0.35699769854545593,-0.30487075448036194,1.0358058214187622,0.6304091811180115,0.5106046795845032
Movies,44,bank_crossmoe_protected,validation_targets,visual,3334,0.2561487555503845,0.08398320525884628,0.6598680019378662,0.7585483193397522,0.3887222409248352,0.8527294397354126,0.6598680019378662,0.7052607536315918,0.2947392463684082,0.5570622682571411,0.857642412185669,-0.2393040508031845,-0.5544635653495789,0.5282374620437622,0.6123363375663757,0.5616697669029236,0.7342761158943176
ele-fashion,42,bank_crossmoe_generic,validation_targets,text,9777,0.3535849452018738,0.6464150547981262,0.0,0.6166512966156006,0.9831236600875854,0.4002250134944916,0.6464150547981262,0.9281136393547058,0.07188644260168076,0.17316295206546783,0.24241943657398224,-0.7504963278770447,1.7084176540374756,-2.3584368228912354,2.5901215076446533,2.9589924812316895,0.8619563579559326
ele-fashion,42,bank_crossmoe_generic,validation_targets,visual,9777,0.6878387928009033,0.15781937539577484,0.15434181690216064,0.7711977362632751,0.6757696866989136,0.553032636642456,0.6878387928009033,0.9224058985710144,0.07759416848421097,0.17507949471473694,0.21557579934597015,2.8062145709991455,-2.292052745819092,-2.3867268562316895,3.6002085208892822,2.1058876514434814,2.624364137649536
ele-fashion,42,bank_crossmoe_protected,validation_targets,text,9777,0.6252428889274597,0.34499335289001465,0.029763732105493546,0.8592615127563477,0.6042753458023071,0.5364631414413452,0.6252428889274597,0.907611608505249,0.09238830953836441,0.2113572210073471,0.2796507775783539,2.686992645263672,-1.7813854217529297,-2.498619556427002,3.849818706512451,3.2492871284484863,1.5500738620758057
ele-fashion,42,bank_crossmoe_protected,validation_targets,visual,9777,0.4496266841888428,0.2474174052476883,0.3029559254646301,0.7860284447669983,0.41423749923706055,0.7997340559959412,0.4496266841888428,0.9090836048126221,0.09091639518737793,0.20829908549785614,0.2666483521461487,1.6531468629837036,-2.8662705421447754,-1.196841835975647,3.8650565147399902,3.1384634971618652,2.8246116638183594
ele-fashion,43,bank_crossmoe_generic,validation_targets,text,9777,0.0,0.40585047006607056,0.5941495299339294,0.47407180070877075,0.8105758428573608,0.7153523564338684,0.5941495299339294,0.9146767258644104,0.08532332628965378,0.2118483930826187,0.32104215025901794,-1.7570178508758545,1.1824147701263428,-0.814893901348114,0.5214452147483826,3.6790735721588135,3.6833274364471436
ele-fashion,43,bank_crossmoe_generic,validation_targets,visual,9777,0.1082131564617157,0.6300501227378845,0.2617367208003998,0.746138870716095,0.6834407448768616,0.5704203844070435,0.6300501227378845,0.827540397644043,0.17245958745479584,0.33447614312171936,0.4638882577419281,-1.3043490648269653,1.3337945938110352,-1.4466887712478638,1.652250051498413,2.269240617752075,2.144658327102661
ele-fashion,43,bank_crossmoe_protected,validation_targets,text,9777,0.6205379962921143,0.1896287202835083,0.18983328342437744,0.788483202457428,0.8291909694671631,0.3823258578777313,0.6205379962921143,0.8785750269889832,0.12142491340637207,0.2849867641925812,0.380454957485199,0.7946250438690186,-0.737139880657196,-1.4261823892593384,2.21209716796875,1.2460081577301025,1.4524503946304321
ele-fashion,43,bank_crossmoe_protected,validation_targets,visual,9777,0.0873478576540947,0.3718932271003723,0.5407589077949524,0.5268487334251404,0.8211107850074768,0.6520404815673828,0.5407589077949524,0.8759641647338867,0.12403582781553268,0.2848382890224457,0.3941667973995209,-1.783810019493103,-0.210097536444664,0.15296794474124908,1.5306843519210815,1.8146082162857056,2.2841007709503174
ele-fashion,44,bank_crossmoe_generic,validation_targets,text,9777,0.2146875262260437,0.19709523022174835,0.5882172584533691,0.5598854422569275,0.5952746272087097,0.8448399305343628,0.5882172584533691,0.8293582797050476,0.1706417202949524,0.3675142824649811,0.4671381711959839,-1.2256847620010376,-0.823810338973999,1.0700414180755615,1.8832319974899292,1.6948457956314087,1.8919968605041504
ele-fashion,44,bank_crossmoe_generic,validation_targets,visual,9777,0.5055742859840393,0.25273600220680237,0.24168968200683594,0.9793392419815063,0.5028127431869507,0.517848014831543,0.5055742859840393,0.9189839959144592,0.08101603388786316,0.19403262436389923,0.22168685495853424,1.4016982316970825,-1.9314135313034058,-1.971632480621338,2.6649627685546875,2.704403877258301,2.876584768295288
ele-fashion,44,bank_crossmoe_protected,validation_targets,text,9777,0.037946201860904694,0.6923391819000244,0.2697146236896515,0.5838191509246826,0.9564283490180969,0.45975247025489807,0.6923391819000244,0.8988134860992432,0.1011865884065628,0.23548410832881927,0.3081680238246918,-1.5341449975967407,1.9470329284667969,-1.679950475692749,1.326573371887207,2.390699625015259,2.5287349224090576
ele-fashion,44,bank_crossmoe_protected,validation_targets,visual,9777,0.6632913947105408,0.3083767890930176,0.028331799432635307,0.8667280077934265,0.44768333435058594,0.6855885982513428,0.6632913947105408,0.954743504524231,0.04525644704699516,0.12082988768815994,0.1612945795059204,1.858485221862793,-1.3919830322265625,-2.0506770610809326,2.792027473449707,2.8535115718841553,1.0690497159957886
