dataset,target,mean_context_std_mean,mean_context_std_sd,mean_context_range_mean,mean_context_range_sd,mean_context_to_head_ratio_mean,mean_context_to_head_ratio_sd,ordinary_sign_switch_fraction_mean,ordinary_sign_switch_fraction_sd,robust_sign_switch_fraction_mean,robust_sign_switch_fraction_sd
Movies,G_D_text,0.0019303241866057668,6.966492232617342e-05,0.005635968052378399,0.00020463270830469582,0.4500543964655879,0.011095130383270202,0.08219721656746197,0.0035537822819188274,0.0050344119739551664,0.00037329183374534613
Movies,G_P_text,0.0015238675191708666,8.059253701523265e-05,0.004443652098907733,0.00023579680243228016,0.3306553243185098,0.020493435798936546,0.09212340565903572,0.0023443345308906904,0.004679395227877267,0.0014060863481360217
Movies,G_D_visual,0.0030656056141936667,9.53590418674142e-05,0.0090188636897083,0.00028083688934713404,0.5694209308573229,0.007147162957006007,0.07732481896292549,0.002203083369801691,0.007654909358520867,0.0001309924255508825
Movies,G_P_visual,0.0025728825441682667,0.0001729227108027009,0.007534498823167199,0.0005174404113615929,0.38797637875224983,0.021195423760355568,0.09470266201432787,0.0011453599920298947,0.006309150580745634,0.0006164583336382577
Grocery,G_D_text,0.005293784214096567,0.0003306183126009248,0.015578796472617932,0.0010028128408822918,1.769478472776935,0.12252364983953926,0.05409080917141013,0.0014976007594918394,0.006173834916299767,0.0006725212681526606
Grocery,G_P_text,0.0035473171952888,0.00017592508925365382,0.010387734434131367,0.0005138722383482013,1.0131915064956747,0.03632369396389395,0.1175131141879247,0.005651130436023783,0.010004537573737633,0.0007845413724744383
Grocery,G_D_visual,0.004979841151361367,0.00034989310895875184,0.014564995482221467,0.001063149141319743,1.6679236942323847,0.10963584585815854,0.059369127956807204,0.0016650753140450122,0.006509997636368933,0.00027794249864449217
Grocery,G_P_visual,0.0037652500832682668,0.00018470692921904712,0.010927372628457034,0.0005255031848550046,0.9783269653937182,0.027638584393658027,0.11236004761107543,0.0038844769837119864,0.007667790488534733,0.001311490987872439
ele-fashion,G_D_text,0.0011039260755124666,1.387711304313953e-05,0.003045097243519467,3.692560119457413e-05,0.7797049898760807,0.028720279262693202,0.02433986212388937,0.002361636646934775,0.0007466215375425666,0.0004048823852703936
ele-fashion,G_P_text,0.0009659105158753333,1.9444461729214472e-05,0.0026627753996075333,4.964374985252762e-05,0.4553903580963962,0.009013670719701118,0.057066772852840834,0.001619019533340667,0.0013688061521614,0.0004456625774557845
ele-fashion,G_D_visual,0.0010204912779048331,2.2493952832468074e-05,0.0027595019188064664,6.228176021153892e-05,0.6121021056456969,0.027304117177765465,0.03435288652182203,0.0019192173944857145,0.0011448196908986667,0.0004656003318451311
ele-fashion,G_P_visual,0.0008687409656010333,2.3784137714312286e-05,0.0023522600751348334,6.266125231410945e-05,0.42623958658709665,0.012226330825362825,0.05073708137345173,0.002893389630838887,0.0007881005118504999,0.00018213001501620095
