dataset,seed,target,modality,operator,head_repeat_a,head_repeat_b,comparison,valid_target_count,mean,median,q10,q25,q75,q90
Movies,42,G_D_text,text,absdiff,0,1,SS_head_repeat_ceiling,1706,0.6948289756073782,0.7602591036414565,0.3848484848484849,0.6,0.8675185109008638,0.9175824175824177
Movies,42,G_D_text,text,absdiff,0,2,SS_head_repeat_ceiling,1706,0.6846643392171321,0.7463358070500927,0.3684853354760948,0.5989010989010989,0.8571428571428573,0.9210306934444864
Movies,42,G_D_text,text,absdiff,1,2,SS_head_repeat_ceiling,1706,0.6894784518369573,0.7535730398633624,0.3621212121212121,0.5878787878787878,0.8575851393188855,0.9166666666666666
Movies,42,G_P_text,text,product,0,1,SS_head_repeat_ceiling,1706,0.6040157325762547,0.6714852311867239,0.2154761904761905,0.4754987659399424,0.8108702408702408,0.8999999999999998
Movies,42,G_P_text,text,product,0,2,SS_head_repeat_ceiling,1706,0.6332802872709654,0.7,0.2869747899159663,0.5167735042735043,0.8214285714285715,0.8999999999999998
Movies,42,G_P_text,text,product,1,2,SS_head_repeat_ceiling,1706,0.5933145655479624,0.6671277997364955,0.1999999999999999,0.4491873065015479,0.8102403716021764,0.900375939849624
Movies,42,G_D_visual,visual,absdiff,0,1,SS_head_repeat_ceiling,1706,0.7602779716092292,0.8214285714285715,0.5,0.6859890109890109,0.9,0.942857142857143
Movies,42,G_D_visual,visual,absdiff,0,2,SS_head_repeat_ceiling,1706,0.7824608845937898,0.833272238514174,0.551981351981352,0.7142857142857143,0.9020222508815464,0.9451770451770451
Movies,42,G_D_visual,visual,absdiff,1,2,SS_head_repeat_ceiling,1706,0.7602685304654953,0.8285714285714287,0.4999999999999999,0.7,0.9026842722494898,0.942857142857143
Movies,42,G_P_visual,visual,product,0,1,SS_head_repeat_ceiling,1706,0.6893756798545061,0.7507763975155282,0.3928571428571429,0.6,0.8571428571428573,0.9246183640920482
Movies,42,G_P_visual,visual,product,0,2,SS_head_repeat_ceiling,1706,0.7049035172267802,0.7681390977443607,0.3999999999999999,0.613056586270872,0.8666666666666667,0.9160839160839164
Movies,42,G_P_visual,visual,product,1,2,SS_head_repeat_ceiling,1706,0.6874380451104715,0.7525324979825079,0.3828431372549019,0.6,0.8633648022969491,0.9181818181818184
Movies,43,G_D_text,text,absdiff,0,1,SS_head_repeat_ceiling,1775,0.7297185152453369,0.7939393939393938,0.4406834904226209,0.6433566433566434,0.8886713286713288,0.9385425101214576
Movies,43,G_D_text,text,absdiff,0,2,SS_head_repeat_ceiling,1775,0.7133629162798432,0.7797534376481743,0.404627520416994,0.6225565610859729,0.8811609443188391,0.9370629370629372
Movies,43,G_D_text,text,absdiff,1,2,SS_head_repeat_ceiling,1775,0.7057263830672047,0.7747252747252747,0.3790269151138716,0.6,0.8852941176470588,0.936347096697974
Movies,43,G_P_text,text,product,0,1,SS_head_repeat_ceiling,1775,0.6606705035200154,0.7208538587848933,0.3,0.5514928698752228,0.8571428571428572,0.9205533596837946
Movies,43,G_P_text,text,product,0,2,SS_head_repeat_ceiling,1775,0.665957968929667,0.7454545454545456,0.3002797202797203,0.556197291081012,0.8571428571428573,0.9224175824175826
Movies,43,G_P_text,text,product,1,2,SS_head_repeat_ceiling,1775,0.6582415701149524,0.7274725274725276,0.2857142857142857,0.5393939393939393,0.8571428571428573,0.9230769230769232
Movies,43,G_D_visual,visual,absdiff,0,1,SS_head_repeat_ceiling,1775,0.7723653035171886,0.825,0.5357707509881424,0.7,0.9013512223071048,0.9478190182714517
Movies,43,G_D_visual,visual,absdiff,0,2,SS_head_repeat_ceiling,1775,0.781357059368303,0.8363636363636365,0.5357142857142858,0.7115325077399381,0.9094432699083862,0.9523809523809524
Movies,43,G_D_visual,visual,absdiff,1,2,SS_head_repeat_ceiling,1775,0.7676551774613593,0.8321428571428571,0.4999999999999999,0.7,0.9041164291803678,0.9513286713286714
Movies,43,G_P_visual,visual,product,0,1,SS_head_repeat_ceiling,1775,0.714813417600079,0.7720588235294118,0.4333333333333333,0.6153361344537815,0.8791208791208791,0.9285714285714288
Movies,43,G_P_visual,visual,product,0,2,SS_head_repeat_ceiling,1775,0.7310161871166788,0.7999999999999999,0.4285714285714286,0.642857142857143,0.8879709000676743,0.942857142857143
Movies,43,G_P_visual,visual,product,1,2,SS_head_repeat_ceiling,1775,0.7130785205188113,0.7747252747252747,0.3999999999999999,0.6089314194577353,0.8732668297885688,0.9317224880382776
Movies,44,G_D_text,text,absdiff,0,1,SS_head_repeat_ceiling,1739,0.6817850606391702,0.7500000000000002,0.329330388281795,0.5700280112044818,0.8629041015905548,0.9285714285714288
Movies,44,G_D_text,text,absdiff,0,2,SS_head_repeat_ceiling,1739,0.6777466966209424,0.7500000000000002,0.3185683439115357,0.5731283422459894,0.8666666666666665,0.9217582417582416
Movies,44,G_D_text,text,absdiff,1,2,SS_head_repeat_ceiling,1739,0.7012275546405139,0.7714285714285715,0.3886081720137448,0.6,0.8759785407433853,0.9285714285714288
Movies,44,G_P_text,text,product,0,1,SS_head_repeat_ceiling,1739,0.5907704307124978,0.6857142857142857,0.1283116883116883,0.4285714285714286,0.8292357968828556,0.9047619047619048
Movies,44,G_P_text,text,product,0,2,SS_head_repeat_ceiling,1739,0.643490053492143,0.7142857142857143,0.258021978021978,0.5241330599225337,0.8509379304756504,0.9197556416596896
Movies,44,G_P_text,text,product,1,2,SS_head_repeat_ceiling,1739,0.6493570883537815,0.7142857142857143,0.2857142857142857,0.5272727272727273,0.8421480818032541,0.9159898924604808
Movies,44,G_D_visual,visual,absdiff,0,1,SS_head_repeat_ceiling,1739,0.8071655077520887,0.8545454545454544,0.6,0.745054945054945,0.9173957544300236,0.9591855747280472
Movies,44,G_D_visual,visual,absdiff,0,2,SS_head_repeat_ceiling,1739,0.7869613418540241,0.8352941176470589,0.5524475524475525,0.7142857142857142,0.9050125313283208,0.95
Movies,44,G_D_visual,visual,absdiff,1,2,SS_head_repeat_ceiling,1739,0.7868775121222895,0.832967032967033,0.5816938616938617,0.7147058823529413,0.9047619047619048,0.95
Movies,44,G_P_visual,visual,product,0,1,SS_head_repeat_ceiling,1739,0.7350103019743468,0.7912087912087913,0.4787878787878787,0.6582417582417583,0.8857142857142857,0.9364593301435408
Movies,44,G_P_visual,visual,product,0,2,SS_head_repeat_ceiling,1739,0.7232422053545206,0.7857142857142859,0.4281718281718282,0.6428571428571429,0.8857142857142858,0.9320656370656372
Movies,44,G_P_visual,visual,product,1,2,SS_head_repeat_ceiling,1739,0.7214350235566269,0.7857142857142859,0.4285714285714286,0.6314197656302919,0.8819184491978611,0.9333333333333332
Grocery,42,G_D_text,text,absdiff,0,1,SS_head_repeat_ceiling,1454,0.804701551115332,0.8593925795857315,0.6,0.7454545454545454,0.9217007257448434,0.9642857142857144
Grocery,42,G_D_text,text,absdiff,0,2,SS_head_repeat_ceiling,1454,0.8235565659988268,0.8802975818994125,0.6148245614035087,0.7741906418939911,0.9285714285714288,0.9642857142857144
Grocery,42,G_D_text,text,absdiff,1,2,SS_head_repeat_ceiling,1454,0.8104837540358352,0.8612589023879345,0.6,0.7545454545454545,0.9175824175824177,0.9642857142857144
Grocery,42,G_P_text,text,product,0,1,SS_head_repeat_ceiling,1454,0.6939630694854447,0.7570807868601986,0.3742857142857144,0.6,0.8658761866268705,0.9285714285714288
Grocery,42,G_P_text,text,product,0,2,SS_head_repeat_ceiling,1454,0.7256231705680379,0.7857142857142858,0.4468181818181819,0.6428571428571429,0.8857142857142858,0.9285714285714288
Grocery,42,G_P_text,text,product,1,2,SS_head_repeat_ceiling,1454,0.6993359178388551,0.7561829474872952,0.3841389943074004,0.6,0.8678821178821179,0.9285714285714288
Grocery,42,G_D_visual,visual,absdiff,0,1,SS_head_repeat_ceiling,1454,0.8012384671577856,0.8571428571428572,0.6,0.7380952380952381,0.9166666666666666,0.962672064777328
Grocery,42,G_D_visual,visual,absdiff,0,2,SS_head_repeat_ceiling,1454,0.7966710814075286,0.8542091114883984,0.5714285714285715,0.7405094905094904,0.9210222574895128,0.9642857142857144
Grocery,42,G_D_visual,visual,absdiff,1,2,SS_head_repeat_ceiling,1454,0.8110660375138921,0.8619990418014134,0.6,0.7647851898848909,0.9205882352941176,0.9636363636363636
Grocery,42,G_P_visual,visual,product,0,1,SS_head_repeat_ceiling,1454,0.7137036199879885,0.7794584551578461,0.4059358288770053,0.6286019380339156,0.8857142857142858,0.9296960114983832
Grocery,42,G_P_visual,visual,product,0,2,SS_head_repeat_ceiling,1454,0.7022829355040225,0.7590018849546979,0.3942771084337351,0.6168020193151886,0.8725274725274725,0.9324920294165472
Grocery,42,G_P_visual,visual,product,1,2,SS_head_repeat_ceiling,1454,0.7207583423902045,0.7869847543760586,0.4090056285178237,0.6363636363636362,0.8833333333333333,0.9333157740708222
Grocery,43,G_D_text,text,absdiff,0,1,SS_head_repeat_ceiling,1468,0.831350702005155,0.8857142857142858,0.6388198716780882,0.7833041958041957,0.9350076394194042,0.9648351648351648
Grocery,43,G_D_text,text,absdiff,0,2,SS_head_repeat_ceiling,1468,0.832011499159829,0.8883399806180841,0.6190476190476191,0.7857142857142859,0.93314234784823,0.966336898395722
Grocery,43,G_D_text,text,absdiff,1,2,SS_head_repeat_ceiling,1468,0.8213149969539185,0.878514963297572,0.6071428571428572,0.7714285714285715,0.9330143010639612,0.9642857142857144
Grocery,43,G_P_text,text,product,0,1,SS_head_repeat_ceiling,1468,0.7194392272178926,0.7818181818181817,0.4192617353996038,0.6212912087912086,0.8857142857142858,0.940252775355316
Grocery,43,G_P_text,text,product,0,2,SS_head_repeat_ceiling,1468,0.7308780259716846,0.7975967510750119,0.4386673810060907,0.6571428571428573,0.8857448107448108,0.9290987273595968
Grocery,43,G_P_text,text,product,1,2,SS_head_repeat_ceiling,1468,0.7328161370408947,0.7999999999999999,0.470909090909091,0.6433755760368665,0.8912084398976982,0.9411764705882352
Grocery,43,G_D_visual,visual,absdiff,0,1,SS_head_repeat_ceiling,1468,0.8404490252540416,0.8909090909090909,0.6571428571428573,0.7999999999999999,0.9375752154821922,0.9675073368106
Grocery,43,G_D_visual,visual,absdiff,0,2,SS_head_repeat_ceiling,1468,0.8167672518571486,0.8718236149815097,0.6,0.7645323616172133,0.9285714285714288,0.9636363636363636
Grocery,43,G_D_visual,visual,absdiff,1,2,SS_head_repeat_ceiling,1468,0.8233232141648171,0.8763465410614124,0.613525755290461,0.7815691158156911,0.9333333333333332,0.9681950274459156
Grocery,43,G_P_visual,visual,product,0,1,SS_head_repeat_ceiling,1468,0.7465227930472375,0.8026326038956532,0.4973013415892673,0.6717060029753528,0.8999999999999998,0.942857142857143
Grocery,43,G_P_visual,visual,product,0,2,SS_head_repeat_ceiling,1468,0.7259398486655797,0.7857142857142859,0.4285714285714286,0.6402831436298255,0.8898256099960645,0.936850106415324
Grocery,43,G_P_visual,visual,product,1,2,SS_head_repeat_ceiling,1468,0.7188406702203233,0.7913033976892672,0.4047619047619048,0.6153846153846154,0.8928571428571429,0.937888198757764
Grocery,44,G_D_text,text,absdiff,0,1,SS_head_repeat_ceiling,1455,0.8411352153371191,0.8883399209486167,0.6735059422750425,0.7999999999999999,0.9418484663896232,0.97101917690153
Grocery,44,G_D_text,text,absdiff,0,2,SS_head_repeat_ceiling,1455,0.8444118951430103,0.8928571428571429,0.6571428571428573,0.8,0.942857142857143,0.9746103896103896
Grocery,44,G_D_text,text,absdiff,1,2,SS_head_repeat_ceiling,1455,0.8391067698353347,0.8857142857142858,0.6484848484848483,0.7999999999999999,0.9381831281576888,0.9732995439262294
Grocery,44,G_P_text,text,product,0,1,SS_head_repeat_ceiling,1455,0.7157806232878717,0.7807692307692308,0.4047619047619048,0.6363636363636362,0.8822134387351779,0.9347508736474256
Grocery,44,G_P_text,text,product,0,2,SS_head_repeat_ceiling,1455,0.7188956798628923,0.7833333333333333,0.3999999999999999,0.6501748251748252,0.8888091964791172,0.93998001998002
Grocery,44,G_P_text,text,product,1,2,SS_head_repeat_ceiling,1455,0.705284989283819,0.7791537667698658,0.3714285714285715,0.6154171793556666,0.8787878787878788,0.9285714285714288
Grocery,44,G_D_visual,visual,absdiff,0,1,SS_head_repeat_ceiling,1455,0.8124828729494507,0.8677966101694916,0.6,0.7701526543631807,0.9285714285714284,0.9642857142857144
Grocery,44,G_D_visual,visual,absdiff,0,2,SS_head_repeat_ceiling,1455,0.8172486332962089,0.8666666666666665,0.6124340175953079,0.7714285714285715,0.928150659155857,0.9636363636363636
Grocery,44,G_D_visual,visual,absdiff,1,2,SS_head_repeat_ceiling,1455,0.8167455469181554,0.8748717948717948,0.6,0.7668942294386272,0.9274798505110542,0.9642857142857144
Grocery,44,G_P_visual,visual,product,0,1,SS_head_repeat_ceiling,1455,0.6920300393950668,0.7614035087719299,0.3714285714285715,0.5993902439024392,0.8699574791761181,0.9285714285714288
Grocery,44,G_P_visual,visual,product,0,2,SS_head_repeat_ceiling,1455,0.692792912155053,0.7585139318885449,0.36,0.6,0.8736263736263737,0.9305118411000766
Grocery,44,G_P_visual,visual,product,1,2,SS_head_repeat_ceiling,1455,0.6976447662664927,0.766086956521739,0.3928571428571429,0.5960164835164834,0.8785392385392385,0.9366174475217496
ele-fashion,42,G_D_text,text,absdiff,0,1,SS_head_repeat_ceiling,1754,0.7395664375857993,0.8054172932663107,0.4285714285714286,0.664918414918415,0.8999999999999998,0.9560149101999325
ele-fashion,42,G_D_text,text,absdiff,0,2,SS_head_repeat_ceiling,1754,0.7439031204898947,0.8095126653516543,0.4813093913872557,0.6666666666666666,0.8999999999999998,0.958201754385965
ele-fashion,42,G_D_text,text,absdiff,1,2,SS_head_repeat_ceiling,1754,0.7296229105791769,0.7999999999999999,0.4285714285714286,0.649407114624506,0.8999999999999998,0.947243195785777
ele-fashion,42,G_P_text,text,product,0,1,SS_head_repeat_ceiling,1754,0.6894366401967713,0.7666666666666667,0.3290331076257736,0.5895546471600688,0.8928571428571429,0.9497457627118644
ele-fashion,42,G_P_text,text,product,0,2,SS_head_repeat_ceiling,1754,0.6897847061098643,0.7647888942811167,0.3167886178861788,0.5963297083539298,0.8857142857142858,0.942857142857143
ele-fashion,42,G_P_text,text,product,1,2,SS_head_repeat_ceiling,1754,0.6830475556941908,0.7500000000000002,0.3023076923076924,0.5934543397778693,0.8857142857142858,0.942857142857143
ele-fashion,42,G_D_visual,visual,absdiff,0,1,SS_head_repeat_ceiling,1756,0.7188984703801258,0.784482643497578,0.3731106243154436,0.6330288795948393,0.8928571428571429,0.945510415835262
ele-fashion,42,G_D_visual,visual,absdiff,0,2,SS_head_repeat_ceiling,1756,0.695751345243751,0.7701426024955436,0.3559907834101383,0.6,0.8851228118022056,0.942857142857143
ele-fashion,42,G_D_visual,visual,absdiff,1,2,SS_head_repeat_ceiling,1756,0.6943130681002604,0.7639086973715357,0.3571428571428572,0.6,0.881818181818182,0.942857142857143
ele-fashion,42,G_P_visual,visual,product,0,1,SS_head_repeat_ceiling,1756,0.6469538384152781,0.7043956043956043,0.2869805834349498,0.5148652650281315,0.8571428571428573,0.9285714285714288
ele-fashion,42,G_P_visual,visual,product,0,2,SS_head_repeat_ceiling,1756,0.584072371992457,0.6502933591960296,0.165134398130113,0.4452020202020202,0.7999999999999999,0.8999999999999998
ele-fashion,42,G_P_visual,visual,product,1,2,SS_head_repeat_ceiling,1756,0.55941790216232,0.6373087696617109,0.0999999999999999,0.3928571428571429,0.8095238095238096,0.8999999999999998
ele-fashion,43,G_D_text,text,absdiff,0,1,SS_head_repeat_ceiling,1754,0.7673524652007895,0.8285714285714287,0.4990358126721763,0.6981352741263429,0.9016169333141538,0.9651626634235329
ele-fashion,43,G_D_text,text,absdiff,0,2,SS_head_repeat_ceiling,1754,0.7201536300469805,0.7950956937799043,0.3714285714285715,0.6075609996064542,0.8999999999999998,0.9611084816931834
ele-fashion,43,G_D_text,text,absdiff,1,2,SS_head_repeat_ceiling,1754,0.7547703376208645,0.8285714285714287,0.4642857142857144,0.6842105263157895,0.8999999999999998,0.9642857142857144
ele-fashion,43,G_P_text,text,product,0,1,SS_head_repeat_ceiling,1754,0.7273087462722814,0.7999999999999999,0.4053113553113553,0.6396755533199194,0.8999999999999998,0.9523809523809524
ele-fashion,43,G_P_text,text,product,0,2,SS_head_repeat_ceiling,1754,0.684241733792602,0.755080637066283,0.3142857142857143,0.5888431677018633,0.8867522122749472,0.942857142857143
ele-fashion,43,G_P_text,text,product,1,2,SS_head_repeat_ceiling,1754,0.7359437591218603,0.8137254901960784,0.4285714285714286,0.6454545454545455,0.8999999999999998,0.9642857142857144
ele-fashion,43,G_D_visual,visual,absdiff,0,1,SS_head_repeat_ceiling,1756,0.7379493228509357,0.8011848812300095,0.4634833690561244,0.6657903792082509,0.8999999999999998,0.9523809523809524
ele-fashion,43,G_D_visual,visual,absdiff,0,2,SS_head_repeat_ceiling,1756,0.7061851700781385,0.7714285714285715,0.3756652661064426,0.6013986013986015,0.8857142857142858,0.942857142857143
ele-fashion,43,G_D_visual,visual,absdiff,1,2,SS_head_repeat_ceiling,1756,0.7206183317915025,0.7857142857142859,0.3986301369863014,0.642857142857143,0.8928571428571429,0.942857142857143
ele-fashion,43,G_P_visual,visual,product,0,1,SS_head_repeat_ceiling,1756,0.6488331509789312,0.7142857142857143,0.2838635049161365,0.5294117647058824,0.8571428571428573,0.9285714285714288
ele-fashion,43,G_P_visual,visual,product,0,2,SS_head_repeat_ceiling,1756,0.5865070825052839,0.6663372859025033,0.1428571428571428,0.4285714285714286,0.8214285714285715,0.9030115395440472
ele-fashion,43,G_P_visual,visual,product,1,2,SS_head_repeat_ceiling,1756,0.589641105574005,0.6782839253769486,0.1403940886699507,0.4344636201588073,0.8250307881773399,0.9030303030303028
ele-fashion,44,G_D_text,text,absdiff,0,1,SS_head_repeat_ceiling,1754,0.7548462394329675,0.8230603157641362,0.49999999999999994,0.6867797829199281,0.8999999999999998,0.9657988275532137
ele-fashion,44,G_D_text,text,absdiff,0,2,SS_head_repeat_ceiling,1754,0.7501025903150148,0.8213605193962772,0.4882215097547055,0.6833021612635077,0.8999999999999998,0.9629239220191723
ele-fashion,44,G_D_text,text,absdiff,1,2,SS_head_repeat_ceiling,1754,0.7496472696201477,0.8184315684315684,0.4666666666666666,0.6785815777103543,0.8999999999999998,0.9636363636363636
ele-fashion,44,G_P_text,text,product,0,1,SS_head_repeat_ceiling,1754,0.7194835065719517,0.7995992876224399,0.3946231326797464,0.6328023352793996,0.8999999999999998,0.9613144431326249
ele-fashion,44,G_P_text,text,product,0,2,SS_head_repeat_ceiling,1754,0.7399349661225697,0.7999999999999999,0.4416386161757832,0.6606060606060605,0.8999999999999998,0.9556505223171889
ele-fashion,44,G_P_text,text,product,1,2,SS_head_repeat_ceiling,1754,0.7131056192431806,0.7912878787878789,0.3714285714285715,0.6407027635731889,0.8965214674270549,0.9636363636363636
ele-fashion,44,G_D_visual,visual,absdiff,0,1,SS_head_repeat_ceiling,1756,0.725747908544247,0.7922043010752688,0.40636863136863133,0.6454545454545455,0.8999999999999998,0.942857142857143
ele-fashion,44,G_D_visual,visual,absdiff,0,2,SS_head_repeat_ceiling,1756,0.7088876703628881,0.7818181818181819,0.3662601626016261,0.6147945820549279,0.8928571428571429,0.942857142857143
ele-fashion,44,G_D_visual,visual,absdiff,1,2,SS_head_repeat_ceiling,1756,0.7282636966522705,0.793222937016781,0.42906304222093705,0.6422175273229594,0.8951048951048951,0.942857142857143
ele-fashion,44,G_P_visual,visual,product,0,1,SS_head_repeat_ceiling,1756,0.5990177881833575,0.6666666666666667,0.1898809523809524,0.4666666666666666,0.8285714285714287,0.9285714285714288
ele-fashion,44,G_P_visual,visual,product,0,2,SS_head_repeat_ceiling,1756,0.58320749016171,0.6666666666666667,0.1397288842544317,0.4285714285714286,0.823529411764706,0.904188181296615
ele-fashion,44,G_P_visual,visual,product,1,2,SS_head_repeat_ceiling,1756,0.6202987213620699,0.7,0.2010416666666667,0.48681318681318675,0.8506780453588965,0.9270509977827052
