dataset,seed,row_type,target,modality,operator,background,reference_background,mean_abs_gain_change,mean_signed_gain_change,positive_fraction,within_target_rank_mean,within_target_rank_median,valid_target_count,n_edges,centered_spearman,centered_pearson,centered_sign_agreement,mean_context_std,mean_context_range,mean_head_std,mean_context_to_head_ratio,ordinary_sign_switch_fraction,robust_sign_switch_fraction,ordinary_sign_switch_count,robust_sign_switch_count
Movies,42,gain_target,G_D_text,text,absdiff,D25_4101,SS,0.0002567475404169,-0.000171992058895,0.4059577171496135,0.9947867875020052,1.0,1706.0,28333,0.9992896745224192,0.999635736173813,0.9939646348780574,,,,,,,,
Movies,42,gain_target,G_D_text,text,absdiff,D25_4102,SS,0.0002555611861117,-0.0001750011042747,0.4057812444852292,0.9941540407106616,1.0,1706.0,28333,0.9992281306899649,0.999631444387186,0.9941411075424416,,,,,,,,
Movies,42,gain_target,G_D_text,text,absdiff,D25_4103,SS,0.0002559977921577,-0.000172759077735,0.4057812444852292,0.9951441395135536,1.0,1706.0,28333,0.9992627132031936,0.9996134392882036,0.993082271556136,,,,,,,,
Movies,42,gain_target,G_D_text,text,absdiff,P25_4101,SS,0.0001561219125332,-2.7257305505127666e-05,0.4109695408181272,0.9970481040964512,1.0,1706.0,28333,0.999653574166994,0.9997931943912838,0.9958705396534075,,,,,,,,
Movies,42,gain_target,G_D_text,text,absdiff,P25_4102,SS,0.0001510097640788,-2.863334253019226e-05,0.4112166025482652,0.9968449579255249,1.0,1706.0,28333,0.9996564353651152,0.999823167426734,0.9954470052588854,,,,,,,,
Movies,42,gain_target,G_D_text,text,absdiff,P25_4103,SS,0.0001513436809694,-2.3471738627815875e-05,0.4113577806797727,0.9971341689503735,1.0,1706.0,28333,0.999606187357044,0.9998188553003764,0.995799950587654,,,,,,,,
Movies,42,gain_target_overall,G_D_text,text,absdiff,ALL_PARTIAL25_PLUS_SS,SS,0.0002044636460446,,,,,,28333,,,,0.0001757129133465,0.0005092849722972,0.0048463872552264,0.0822782381312777,0.0108354215931952,7.058906575371475e-05,307.0,2.0
Movies,42,gain_target,G_P_text,text,product,D25_4101,SS,0.0001477427623664,-2.471292871288308e-05,0.5453005329474464,0.997058012153738,1.0,1706.0,28333,0.9994747510435884,0.9997294350740438,0.9948469981999788,,,,,,,,
Movies,42,gain_target,G_P_text,text,product,D25_4102,SS,0.0001451190371516,-1.942535442842624e-05,0.5457240673419688,0.996665263631965,1.0,1706.0,28333,0.9994381415903948,0.999734461159124,0.9946705255355944,,,,,,,,
Movies,42,gain_target,G_P_text,text,product,D25_4103,SS,0.0001470038082804,-2.762815289691664e-05,0.5455123001447076,0.9972683045817432,1.0,1706.0,28333,0.9994840478913882,0.9997120315586278,0.994317580206826,,,,,,,,
Movies,42,gain_target,G_P_text,text,product,P25_4101,SS,0.0001981748343052,-0.0001601136456038,0.5385592771679667,0.9952351749842128,1.0,1706.0,28333,0.9993094407547974,0.9997067532163788,0.994035223943811,,,,,,,,
Movies,42,gain_target,G_P_text,text,product,P25_4102,SS,0.0001930421238684,-0.0001571367957482,0.5387004552994741,0.9950918072750858,1.0,1706.0,28333,0.99933864520381,0.9997464881560562,0.9933999223520276,,,,,,,,
Movies,42,gain_target,G_P_text,text,product,P25_4103,SS,0.0001956727992395,-0.0001578745451209,0.5381710373063212,0.9960867383549616,1.0,1706.0,28333,0.9993501552685384,0.99972369123399,0.9939293403451804,,,,,,,,
Movies,42,gain_target_overall,G_P_text,text,product,ALL_PARTIAL25_PLUS_SS,SS,0.0001711258942019,,,,,,28333,,,,0.0001423643764249,0.0004128464979916,0.0049765555886076,0.0570178888612779,0.0144001694137578,0.0,408.0,0.0
Movies,42,gain_target,G_D_visual,visual,absdiff,D25_4101,SS,0.0007566896819572,-0.0005560418116491,0.39173402040024,0.9927914103939818,1.0,1706.0,28333,0.9983592733711246,0.999005271701038,0.9906469487876328,,,,,,,,
Movies,42,gain_target,G_D_visual,visual,absdiff,D25_4102,SS,0.000773379097326,-0.0005621061129346,0.391486958670102,0.9916433519494332,1.0,1706.0,28333,0.9983569677127432,0.9989140070681878,0.9903292979917412,,,,,,,,
Movies,42,gain_target,G_D_visual,visual,absdiff,D25_4103,SS,0.0007699041923426,-0.0005638769069899,0.3908163625454417,0.9920830214817256,1.0,1706.0,28333,0.9984734499363496,0.9989551253563878,0.9907528323862632,,,,,,,,
Movies,42,gain_target,G_D_visual,visual,absdiff,P25_4101,SS,0.0004601377587764,-0.0001786912495048,0.3970282003317686,0.9952259576343824,1.0,1706.0,28333,0.9991140804515856,0.9995195104303484,0.9929763879575054,,,,,,,,
Movies,42,gain_target,G_D_visual,visual,absdiff,P25_4102,SS,0.0004662945130936,-0.00017004594427,0.3970634948646455,0.9950567090682042,1.0,1706.0,28333,0.9990514014681162,0.9994578703540634,0.9931528606218896,,,,,,,,
Movies,42,gain_target,G_D_visual,visual,absdiff,P25_4103,SS,0.000464511430885,-0.0001721397527888,0.3969929057988917,0.9949883178466143,1.0,1706.0,28333,0.9991913116743544,0.9994773749429652,0.9930469770232592,,,,,,,,
Movies,42,gain_target_overall,G_D_visual,visual,absdiff,ALL_PARTIAL25_PLUS_SS,SS,0.0006151527790635,,,,,,28333,,,,0.0004934221604036,0.001438145592306,0.0066846328162677,0.1437206272997727,0.0173296156425369,3.529453287685738e-05,491.0,1.0
Movies,42,gain_target,G_P_visual,visual,product,D25_4101,SS,0.0004663799665273,-0.0001815678133177,0.4903822397910564,0.994999225621156,1.0,1706.0,28333,0.998997646929536,0.9992888023879,0.9913881339780468,,,,,,,,
Movies,42,gain_target,G_P_visual,visual,product,D25_4102,SS,0.0004755908044153,-0.0001762662795512,0.491194014047224,0.9940839557514952,1.0,1706.0,28333,0.9987803842705266,0.9992703436945778,0.9908940105177708,,,,,,,,
Movies,42,gain_target,G_P_visual,visual,product,D25_4103,SS,0.0004743342316646,-0.0001694982990769,0.4905587124554406,0.9941790668235538,1.0,1706.0,28333,0.9988828634835706,0.9993010295784662,0.9915293121095542,,,,,,,,
Movies,42,gain_target,G_P_visual,visual,product,P25_4101,SS,0.0005428371052701,-0.0004304562045951,0.4851233543924046,0.9939518477319476,1.0,1706.0,28333,0.9988406482472544,0.99938193865749,0.9921999082342146,,,,,,,,
Movies,42,gain_target,G_P_visual,visual,product,P25_4102,SS,0.0005440834100228,-0.000426918579433,0.4849468817280203,0.9933554656138112,1.0,1706.0,28333,0.9987180543956914,0.9993226698367328,0.9918116683725692,,,,,,,,
Movies,42,gain_target,G_P_visual,visual,product,P25_4103,SS,0.0005426606653413,-0.0004210391844089,0.4852292379910352,0.9935534523428312,1.0,1706.0,28333,0.9987716038911472,0.9993306224044096,0.9924116754314756,,,,,,,,
Movies,42,gain_target_overall,G_P_visual,visual,product,ALL_PARTIAL25_PLUS_SS,SS,0.0005076476972069,,,,,,28333,,,,0.0003901417067507,0.0011414423997675,0.0077229606631905,0.0921401435695402,0.0201884728055624,0.0001058835986305,572.0,3.0
Movies,43,gain_target,G_D_text,text,absdiff,D25_4101,SS,0.0002529498599986,-0.000169634339156,0.4312366737739872,0.9951452312510142,1.0,1775.0,28140,0.9993607918928848,0.9996557770721436,0.9933546552949538,,,,,,,,
Movies,43,gain_target,G_D_text,text,absdiff,D25_4102,SS,0.0002617640118776,-0.000176422396859,0.4310589907604833,0.9947608491000124,1.0,1775.0,28140,0.999261956292791,0.9996238216574318,0.9935323383084576,,,,,,,,
Movies,43,gain_target,G_D_text,text,absdiff,D25_4103,SS,0.0002571700559365,-0.0001710227036413,0.431272210376688,0.9948134266767422,1.0,1775.0,28140,0.9992911625568608,0.9996185662619256,0.9929637526652452,,,,,,,,
Movies,43,gain_target,G_D_text,text,absdiff,P25_4101,SS,0.0001645800139048,-2.96962948128682e-05,0.4364250177683013,0.9971914360567096,1.0,1775.0,28140,0.9996094985348722,0.9998277818111212,0.9947405828002844,,,,,,,,
Movies,43,gain_target,G_D_text,text,absdiff,P25_4102,SS,0.0001703852762755,-3.037986918005179e-05,0.4366027007818052,0.996635542413332,1.0,1775.0,28140,0.9995422465441122,0.9998005828904482,0.994314143567875,,,,,,,,
Movies,43,gain_target,G_D_text,text,absdiff,P25_4103,SS,0.0001679520090609,-3.044493205628821e-05,0.4363894811656005,0.9970934646151453,1.0,1775.0,28140,0.9995578039853354,0.9998190465341168,0.9943852167732764,,,,,,,,
Movies,43,gain_target_overall,G_D_text,text,absdiff,ALL_PARTIAL25_PLUS_SS,SS,0.0002124668711757,,,,,,28140,,,,0.0001810241020283,0.0005289717160693,0.0048939320537784,0.0726866767817641,0.0120113717128642,0.0001066098081023,338.0,3.0
Movies,43,gain_target,G_P_text,text,product,D25_4101,SS,0.0001561625730363,-2.5505783442767838e-05,0.5043354655294954,0.996880060729064,1.0,1775.0,28140,0.9995674782586716,0.9997298457298344,0.9945984363894812,,,,,,,,
Movies,43,gain_target,G_P_text,text,product,D25_4102,SS,0.0001633714804926,-3.2143304662542604e-05,0.5046197583511016,0.9968843023410906,1.0,1775.0,28140,0.99948777479582,0.9996976787510286,0.9942430703624734,,,,,,,,
Movies,43,gain_target,G_P_text,text,product,D25_4103,SS,0.0001586687047271,-2.6692779486745432e-05,0.505223880597015,0.9967568480142324,1.0,1775.0,28140,0.9995186318850487,0.9997302710288664,0.9940298507462688,,,,,,,,
Movies,43,gain_target,G_P_text,text,product,P25_4101,SS,0.0002134244038914,-0.0001762057521751,0.4966950959488272,0.9957779480404688,1.0,1775.0,28140,0.999443913934264,0.9997418481917194,0.9940298507462688,,,,,,,,
Movies,43,gain_target,G_P_text,text,product,P25_4102,SS,0.0002177592222299,-0.0001790397311941,0.4974413646055437,0.9955414786516792,1.0,1775.0,28140,0.999465228383569,0.9997338114513494,0.9943852167732764,,,,,,,,
Movies,43,gain_target,G_P_text,text,product,P25_4103,SS,0.0002162962549248,-0.0001795753031092,0.4965884861407249,0.9958263706835422,1.0,1775.0,28140,0.9995003089245492,0.9997345840655364,0.9947405828002844,,,,,,,,
Movies,43,gain_target_overall,G_P_text,text,product,ALL_PARTIAL25_PLUS_SS,SS,0.000187613773217,,,,,,28140,,,,0.0001551778807916,0.0004505824289973,0.0048900347895421,0.0659023258247173,0.0150675195451314,0.0,424.0,0.0
Movies,43,gain_target,G_D_visual,visual,absdiff,D25_4101,SS,0.000795582543266,-0.0005826457568734,0.3657071783937455,0.9915182858450476,1.0,1775.0,28140,0.9983591057423692,0.998986705866456,0.9905828002842928,,,,,,,,
Movies,43,gain_target,G_D_visual,visual,absdiff,D25_4102,SS,0.0007791755603032,-0.0005711321266591,0.366275764036958,0.9911731230349646,1.0,1775.0,28140,0.9983773982797616,0.9989814687450388,0.990369580668088,,,,,,,,
Movies,43,gain_target,G_D_visual,visual,absdiff,D25_4103,SS,0.0008115423548178,-0.0005947732940897,0.365955934612651,0.990776700222928,1.0,1775.0,28140,0.998339972211821,0.998925801437152,0.9906183368869936,,,,,,,,
Movies,43,gain_target,G_D_visual,visual,absdiff,P25_4101,SS,0.0005529828949032,-0.0002147979619576,0.3696162046908315,0.9936486312183308,1.0,1775.0,28140,0.9989779335835032,0.999293887265576,0.9918976545842216,,,,,,,,
Movies,43,gain_target,G_D_visual,visual,absdiff,P25_4102,SS,0.0005328484385996,-0.0002064062807688,0.3703269367448472,0.9940628371570388,1.0,1775.0,28140,0.9989910248170896,0.999393946925583,0.9921108742004264,,,,,,,,
Movies,43,gain_target,G_D_visual,visual,absdiff,P25_4103,SS,0.0005461534840357,-0.000225058024381,0.3697583511016347,0.993359333980913,1.0,1775.0,28140,0.998891330533292,0.9993525476948144,0.9914712153518124,,,,,,,,
Movies,43,gain_target_overall,G_D_visual,visual,absdiff,ALL_PARTIAL25_PLUS_SS,SS,0.0006697142126542,,,,,,28140,,,,0.0005278455337057,0.0015449386986804,0.0068452195458452,0.1508060229585879,0.0163113006396588,0.0002487562189054,459.0,7.0
Movies,43,gain_target,G_P_visual,visual,product,D25_4101,SS,0.0005333623514787,-0.0002100521947099,0.4689054726368159,0.9939011121743968,1.0,1775.0,28140,0.9988019239783984,0.9993228889514688,0.9914356787491116,,,,,,,,
Movies,43,gain_target,G_P_visual,visual,product,D25_4102,SS,0.0005196101962571,-0.0001987089895468,0.468407960199005,0.9934611282881392,1.0,1775.0,28140,0.9988849402917624,0.9992855755078252,0.992004264392324,,,,,,,,
Movies,43,gain_target,G_P_visual,visual,product,D25_4103,SS,0.0005417202383415,-0.0002161142335724,0.4682302771855011,0.9939046886366352,1.0,1775.0,28140,0.9986254049278402,0.999270367181182,0.9921108742004264,,,,,,,,
Movies,43,gain_target,G_P_visual,visual,product,P25_4101,SS,0.0006810336802993,-0.0005272120829031,0.4603766879886283,0.992538742864412,1.0,1775.0,28140,0.9984126496609392,0.9992219381028458,0.9915778251599148,,,,,,,,
Movies,43,gain_target,G_P_visual,visual,product,P25_4102,SS,0.0006754527656631,-0.0005294289194223,0.4603766879886283,0.9923412808461624,1.0,1775.0,28140,0.9984823784776516,0.9992256096631298,0.9910092395167022,,,,,,,,
Movies,43,gain_target,G_P_visual,visual,product,P25_4103,SS,0.0006745445777819,-0.0005274911518515,0.4604832977967306,0.9928445421550636,1.0,1775.0,28140,0.9983740484255944,0.9992078894883364,0.991044776119403,,,,,,,,
Movies,43,gain_target_overall,G_P_visual,visual,product,ALL_PARTIAL25_PLUS_SS,SS,0.0006042873016369,,,,,,28140,,,,0.00046711074559,0.001365803084601,0.0080273050423729,0.1080824695465671,0.0210376687988628,7.107320540156361e-05,592.0,2.0
Movies,44,gain_target,G_D_text,text,absdiff,D25_4101,SS,0.0002415121743316,-0.0001674086550855,0.4023523892500503,0.9955324229922116,1.0,1739.0,29842,0.9994204774974892,0.9996068551044774,0.995040546880236,,,,,,,,
Movies,44,gain_target,G_D_text,text,absdiff,D25_4102,SS,0.0002321343323531,-0.0001563755730133,0.4024194088868038,0.9955324640385008,1.0,1739.0,29842,0.99948479783893,0.9996370745040976,0.995040546880236,,,,,,,,
Movies,44,gain_target,G_D_text,text,absdiff,D25_4103,SS,0.0002339078229304,-0.0001591272191209,0.4022183499765431,0.9954295514429732,1.0,1739.0,29842,0.9993620970617072,0.9996094926719902,0.99426982105757,,,,,,,,
Movies,44,gain_target,G_D_text,text,absdiff,P25_4101,SS,0.0001525952969448,-2.7964440960444576e-05,0.4071442932779304,0.9971107695808068,1.0,1739.0,29842,0.9996725651513616,0.999803700007614,0.9956102137926413,,,,,,,,
Movies,44,gain_target,G_D_text,text,absdiff,P25_4102,SS,0.000151454663762,-2.190354169760316e-05,0.4074793914616982,0.9973207070463194,1.0,1739.0,29842,0.9996449820692168,0.9997912166086752,0.9957442530661484,,,,,,,,
Movies,44,gain_target,G_D_text,text,absdiff,P25_4103,SS,0.0001470479568936,-2.715807845230244e-05,0.4069767441860465,0.9973367936041226,1.0,1739.0,29842,0.9996244209712444,0.9998134131080092,0.9955767039742645,,,,,,,,
Movies,44,gain_target_overall,G_D_text,text,absdiff,ALL_PARTIAL25_PLUS_SS,SS,0.0001931087078692,,,,,,29842,,,,0.0001638445862172,0.0004788595853116,0.004634919072899,0.0742425205031594,0.0123986327994102,0.0,370.0,0.0
Movies,44,gain_target,G_P_text,text,product,D25_4101,SS,0.0001456398156885,-2.814993806129069e-05,0.5175926546478118,0.9968301601026752,1.0,1739.0,29842,0.9995480004998616,0.9997303928308146,0.9947724683332216,,,,,,,,
Movies,44,gain_target,G_P_text,text,product,D25_4102,SS,0.000142237331434,-3.042390743151256e-05,0.5179612626499565,0.9968872718024214,1.0,1739.0,29842,0.9995844049641968,0.9997301014106126,0.9947724683332216,,,,,,,,
Movies,44,gain_target,G_P_text,text,product,D25_4103,SS,0.0001443619446247,-2.332460223346726e-05,0.51802828228671,0.9966625627419976,1.0,1739.0,29842,0.9995987889269888,0.9997248935067898,0.9948059781515984,,,,,,,,
Movies,44,gain_target,G_P_text,text,product,P25_4101,SS,0.0002016696395719,-0.000163988058873,0.5110582400643389,0.9952684942491554,1.0,1739.0,29842,0.9994180725732316,0.9996917433030296,0.9934655854165272,,,,,,,,
Movies,44,gain_target,G_P_text,text,product,P25_4102,SS,0.0001991350916191,-0.0001646059358554,0.5113263186113531,0.9950326163261668,1.0,1739.0,29842,0.999377417474398,0.99970677592796,0.9934655854165272,,,,,,,,
Movies,44,gain_target,G_P_text,text,product,P25_4103,SS,0.0001959814256616,-0.000160506836452,0.5111252597010925,0.9954247980413063,1.0,1739.0,29842,0.9994319529311204,0.999701766307174,0.993499095234904,,,,,,,,
Movies,44,gain_target_overall,G_P_text,text,product,ALL_PARTIAL25_PLUS_SS,SS,0.0001715042081,,,,,,29842,,,,0.0001410630171184,0.0004100551713102,0.0046107461870481,0.0587906134160301,0.0143757120836405,0.0,429.0,0.0
Movies,44,gain_target,G_D_visual,visual,absdiff,D25_4101,SS,0.000746214392807,-0.0005610944028861,0.381710341129951,0.9930174116476126,1.0,1739.0,29842,0.9985858734796323,0.9989067132178964,0.9913209570404128,,,,,,,,
Movies,44,gain_target,G_D_visual,visual,absdiff,D25_4102,SS,0.000739384527793,-0.0005495018947028,0.3813417331278064,0.993606501463897,1.0,1739.0,29842,0.998529326538766,0.9989349251115778,0.9912539374036592,,,,,,,,
Movies,44,gain_target,G_D_visual,visual,absdiff,D25_4103,SS,0.0007503816891811,-0.0005444856830788,0.381877890221835,0.9930590179286533,0.9999999999999998,1739.0,29842,0.9986981777187104,0.9988810791307214,0.9915555257690504,,,,,,,,
Movies,44,gain_target,G_D_visual,visual,absdiff,P25_4101,SS,0.0004640186723373,-0.0001834632086834,0.3872059513437437,0.9959584795576504,1.0,1739.0,29842,0.9991238155719342,0.9994153661354592,0.9937336639635412,,,,,,,,
Movies,44,gain_target,G_D_visual,visual,absdiff,P25_4102,SS,0.0004724190514574,-0.000166328449743,0.3871724415253669,0.9959610237408468,1.0,1739.0,29842,0.9990818156699164,0.9994079967601036,0.9932980363246432,,,,,,,,
Movies,44,gain_target,G_D_visual,visual,absdiff,P25_4103,SS,0.0004786818170203,-0.0001799664067223,0.3877085986193955,0.9955638879477032,1.0,1739.0,29842,0.9991228278676958,0.9993523435704194,0.9932645265062664,,,,,,,,
Movies,44,gain_target_overall,G_D_visual,visual,absdiff,ALL_PARTIAL25_PLUS_SS,SS,0.000608516691766,,,,,,29842,,,,0.0004804783036509,0.0014033160703102,0.0061084555811657,0.1485233394716972,0.0168554386435225,0.0001340392735071,503.0,4.0
Movies,44,gain_target,G_P_visual,visual,product,D25_4101,SS,0.0004759657007244,-0.0001826151722458,0.4891428188459218,0.994088460133712,1.0,1739.0,29842,0.9987813051931764,0.9992227167760794,0.992058173044702,,,,,,,,
Movies,44,gain_target,G_P_visual,visual,product,D25_4102,SS,0.0004795617379397,-0.0001763845305935,0.4894444072113129,0.9945077397823694,1.0,1739.0,29842,0.998648837949937,0.9992204562460736,0.9918571141344414,,,,,,,,
Movies,44,gain_target,G_P_visual,visual,product,D25_4103,SS,0.0004738405699488,-0.000168269430056,0.4895784464848201,0.9947234858426992,1.0,1739.0,29842,0.9987457269345928,0.99923175700004,0.9919576435895716,,,,,,,,
Movies,44,gain_target,G_P_visual,visual,product,P25_4101,SS,0.0005748472932443,-0.0004618590285083,0.4818711882581596,0.9929580663879332,1.0,1739.0,29842,0.9986353682081188,0.999327630571971,0.9912539374036592,,,,,,,,
Movies,44,gain_target,G_P_visual,visual,product,P25_4102,SS,0.0005815698855481,-0.0004555677624591,0.4824073453521882,0.9937927676596878,1.0,1739.0,29842,0.9985418226161212,0.9993020995087014,0.9908518195831378,,,,,,,,
Movies,44,gain_target,G_P_visual,visual,product,P25_4103,SS,0.0005734522977448,-0.000453694928213,0.4827089337175792,0.9933619398000456,1.0,1739.0,29842,0.9986133907641958,0.9992845635953383,0.9908518195831378,,,,,,,,
Movies,44,gain_target_overall,G_P_visual,visual,product,ALL_PARTIAL25_PLUS_SS,SS,0.0005265395808583,,,,,,29842,,,,0.0004030525215256,0.0011792989110664,0.0070568132048066,0.1049463901101023,0.0203069499363313,6.70196367535688e-05,606.0,2.0
Grocery,42,gain_target,G_D_text,text,absdiff,D25_4101,SS,0.0005998879417574,-0.0004034937586323,0.2526829268292683,0.9786347580193422,0.997942367230293,1454.0,23575,0.992868096301503,0.9985667222009964,0.984135737009544,,,,,,,,
Grocery,42,gain_target,G_D_text,text,absdiff,D25_4102,SS,0.0005993358720528,-0.0004046338341913,0.2520890774125132,0.9803614004098652,0.9984555984555984,1454.0,23575,0.9928930475851402,0.998690556475356,0.984305408271474,,,,,,,,
Grocery,42,gain_target,G_D_text,text,absdiff,D25_4103,SS,0.0005979315803067,-0.0004063237471837,0.2523860021208908,0.9776500932670809,0.997936016511868,1454.0,23575,0.9925253347654196,0.998617846232751,0.984729586426299,,,,,,,,
Grocery,42,gain_target,G_D_text,text,absdiff,P25_4101,SS,0.0003571305346517,-0.0001143246525216,0.2548462354188759,0.9907749776365656,1.0,1454.0,23575,0.9964819124621214,0.9993810321555374,0.9906256627783668,,,,,,,,
Grocery,42,gain_target,G_D_text,text,absdiff,P25_4102,SS,0.000351878896154,-0.0001119914487199,0.2548886532343584,0.990292696363987,1.0,1454.0,23575,0.9961074973145,0.9994008259732692,0.9903287380699894,,,,,,,,
Grocery,42,gain_target,G_D_text,text,absdiff,P25_4103,SS,0.0003500066343809,-0.0001121497520021,0.2550583244962884,0.9895537383238946,1.0,1454.0,23575,0.9961317015765362,0.9993395032963112,0.9900318133616118,,,,,,,,
Grocery,42,gain_target_overall,G_D_text,text,absdiff,ALL_PARTIAL25_PLUS_SS,SS,0.0004760285765506,,,,,,23575,,,,0.0003939007702559,0.0011515562758377,0.003988121488294,0.3475568941600274,0.0103075291622481,4.241781548250265e-05,243.0,1.0
Grocery,42,gain_target,G_P_text,text,product,D25_4101,SS,0.0003652606442195,-0.0001108651729327,0.5222057264050901,0.988912369046378,0.9993162393162393,1454.0,23575,0.9940031058655427,0.998978792844658,0.9877412513255568,,,,,,,,
Grocery,42,gain_target,G_P_text,text,product,D25_4102,SS,0.0003677222437066,-0.000103138697034,0.5224602332979852,0.9879392497481794,0.9991399738057728,1454.0,23575,0.9947372540982568,0.9989163332780516,0.9885471898197244,,,,,,,,
Grocery,42,gain_target,G_P_text,text,product,D25_4103,SS,0.0003687185313688,-0.0001083821776753,0.5225450689289501,0.9895292461585786,0.9994358674876754,1454.0,23575,0.9944633904420092,0.99891551042599,0.9878685047720044,,,,,,,,
Grocery,42,gain_target,G_P_text,text,product,P25_4101,SS,0.0003543808138974,-0.0002364008051151,0.5145281018027572,0.9879980174158054,0.9993492078894264,1454.0,23575,0.9930943446913084,0.9992036535939514,0.9869777306468716,,,,,,,,
Grocery,42,gain_target,G_P_text,text,product,P25_4102,SS,0.0003614358759966,-0.0002515162769472,0.5139766702014846,0.9862284312888616,0.99901185770751,1454.0,23575,0.9932677959858406,0.9989630303165986,0.9874443266171792,,,,,,,,
Grocery,42,gain_target,G_P_text,text,product,P25_4103,SS,0.0003518376654067,-0.0002398434173481,0.5141887592788972,0.9878697894330188,0.998930234882871,1454.0,23575,0.9929328628404768,0.9991538350311292,0.9866808059384942,,,,,,,,
Grocery,42,gain_target_overall,G_P_text,text,product,ALL_PARTIAL25_PLUS_SS,SS,0.0003615592957659,,,,,,23575,,,,0.0002893192352632,0.0008512855248223,0.0041668219873772,0.2162487023975482,0.024135737009544,8.48356309650053e-05,569.0,2.0
Grocery,42,gain_target,G_D_visual,visual,absdiff,D25_4101,SS,0.000495250551401,-0.0003145942725138,0.2737221633085896,0.9806420574420508,0.9984962406015038,1454.0,23575,0.9928983067178676,0.998957269662766,0.9854082714740192,,,,,,,,
Grocery,42,gain_target,G_D_visual,visual,absdiff,D25_4102,SS,0.000518939588099,-0.0003325472684943,0.2739766702014846,0.9795474111582324,0.9984962406015038,1454.0,23575,0.993332199625616,0.998847151790748,0.9846023329798516,,,,,,,,
Grocery,42,gain_target,G_D_visual,visual,absdiff,D25_4103,SS,0.0005091372531306,-0.0003176322110187,0.2735524920466596,0.9813440971915736,0.9984732562926588,1454.0,23575,0.9929257501264688,0.9989315310003604,0.9847720042417816,,,,,,,,
Grocery,42,gain_target,G_D_visual,visual,absdiff,P25_4101,SS,0.000360990086885,-0.0001212484406222,0.2758430540827147,0.9913370539583516,1.0,1454.0,23575,0.9960914464457132,0.9992866876255372,0.991898197242842,,,,,,,,
Grocery,42,gain_target,G_D_visual,visual,absdiff,P25_4102,SS,0.0003684955373268,-0.0001265661754349,0.2758854718981972,0.9925151312921716,1.0,1454.0,23575,0.9959566973116076,0.999224112672074,0.9912619300106044,,,,,,,,
Grocery,42,gain_target,G_D_visual,visual,absdiff,P25_4103,SS,0.0003560918289451,-0.000109136044759,0.2754188759278897,0.9920038121946702,1.0,1454.0,23575,0.9959214450775032,0.9992554834214062,0.9916012725344644,,,,,,,,
Grocery,42,gain_target_overall,G_D_visual,visual,absdiff,ALL_PARTIAL25_PLUS_SS,SS,0.0004348174742979,,,,,,23575,,,,0.0003525241757299,0.0010383839721816,0.004047462486903,0.3045342660264558,0.0101378579003181,4.241781548250265e-05,239.0,1.0
Grocery,42,gain_target,G_P_visual,visual,product,D25_4101,SS,0.0003379441642864,-0.0001089708440565,0.4758430540827147,0.9896208522867666,0.9996625851162916,1454.0,23575,0.995118691962474,0.99923686436446,0.989353128313892,,,,,,,,
Grocery,42,gain_target,G_P_visual,visual,product,D25_4102,SS,0.0003578259229184,-0.0001163341044568,0.4761823966065747,0.990162173382631,0.9994526546250684,1454.0,23575,0.99520944079653,0.9991677791011784,0.9898197242841994,,,,,,,,
Grocery,42,gain_target,G_P_visual,visual,product,D25_4103,SS,0.0003519539227754,-0.0001210947051667,0.4760551431601272,0.9891055324065594,0.999331550802139,1454.0,23575,0.9950101195908232,0.9992552986743264,0.9883351007423118,,,,,,,,
Grocery,42,gain_target,G_P_visual,visual,product,P25_4101,SS,0.0003860639605018,-0.000250113599784,0.4695227995758218,0.9887727079564136,0.9994379600643262,1454.0,23575,0.9942174729577576,0.999094030679436,0.9885896076352068,,,,,,,,
Grocery,42,gain_target,G_P_visual,visual,product,P25_4102,SS,0.000391342566042,-0.0002542906342735,0.4694379639448568,0.989061476674452,0.9993188727861751,1454.0,23575,0.9940664671880024,0.9990228812065224,0.9882502651113468,,,,,,,,
Grocery,42,gain_target,G_P_visual,visual,product,P25_4103,SS,0.0003844016036657,-0.0002475327170844,0.4691410392364793,0.9885632999316086,0.9995102502808534,1454.0,23575,0.9945878583990524,0.999137980030194,0.9885047720042418,,,,,,,,
Grocery,42,gain_target_overall,G_P_visual,visual,product,ALL_PARTIAL25_PLUS_SS,SS,0.0003682553566983,,,,,,23575,,,,0.0002945937976682,0.0008722165766338,0.0043679245522299,0.1958694273979866,0.0219724284199363,8.48356309650053e-05,518.0,2.0
Grocery,43,gain_target,G_D_text,text,absdiff,D25_4101,SS,0.0006957716494331,-0.0004639519567921,0.2457198760802217,0.977362686069432,0.9975535085829204,1468.0,24532,0.9922699276006562,0.9982803167922368,0.9833686613402902,,,,,,,,
Grocery,43,gain_target,G_D_text,text,absdiff,D25_4102,SS,0.0007114920033072,-0.0004630550186994,0.2457198760802217,0.9768503314715452,0.9975490196078431,1468.0,24532,0.9916808991399424,0.9982431961567544,0.9814527963476276,,,,,,,,
Grocery,43,gain_target,G_D_text,text,absdiff,D25_4103,SS,0.0007237126376914,-0.0004890222511799,0.2456383499103212,0.9778536600782818,0.9977413890457372,1468.0,24532,0.9929974930129836,0.9981211818516432,0.9826756888961355,,,,,,,,
Grocery,43,gain_target,G_D_text,text,absdiff,P25_4101,SS,0.0004141052529724,-0.0001117747776041,0.2479618457524865,0.9904344525414228,0.9998875261173656,1468.0,24532,0.996613966065951,0.9990514670754872,0.9918881460948964,,,,,,,,
Grocery,43,gain_target,G_D_text,text,absdiff,P25_4102,SS,0.0004259976038845,-0.0001094039747036,0.2475134518180335,0.990769609770006,1.0,1468.0,24532,0.9962008440507653,0.9990085045948456,0.991358225990543,,,,,,,,
Grocery,43,gain_target,G_D_text,text,absdiff,P25_4103,SS,0.0004309836314683,-0.0001223150659506,0.247880319582586,0.9901358829688204,0.9999999999999998,1468.0,24532,0.996336905551093,0.9991385837241008,0.991358225990543,,,,,,,,
Grocery,43,gain_target_overall,G_D_text,text,absdiff,ALL_PARTIAL25_PLUS_SS,SS,0.0005670104631261,,,,,,24532,,,,0.0004704671407858,0.0013700971946776,0.0038861888537771,0.430858807500403,0.0109652698516223,0.0001222892548508,269.0,3.0
Grocery,43,gain_target,G_P_text,text,product,D25_4101,SS,0.0004178906523306,-0.0001080331596138,0.5284118702103375,0.988397604358164,0.9992777451096716,1468.0,24532,0.9956733155897444,0.998685679227759,0.9886678623838252,,,,,,,,
Grocery,43,gain_target,G_P_text,text,product,D25_4102,SS,0.0004246737738258,-0.0001102536144498,0.5280857655307354,0.988387569450119,0.9989053092501368,1468.0,24532,0.9958155655687644,0.9986575122147484,0.9885455731289744,,,,,,,,
Grocery,43,gain_target,G_P_text,text,product,D25_4103,SS,0.000432197407841,-0.0001194384904063,0.5278411870210338,0.9887710778624056,0.9993374560525348,1468.0,24532,0.995609395565049,0.9986161630953624,0.988790151638676,,,,,,,,
Grocery,43,gain_target,G_P_text,text,product,P25_4101,SS,0.0004276640135799,-0.0003019741146529,0.5189548345018751,0.9871452022865768,0.9990805017659236,1468.0,24532,0.9950983870743626,0.9985515959573922,0.9878526006848198,,,,,,,,
Grocery,43,gain_target,G_P_text,text,product,P25_4102,SS,0.0004270244686519,-0.00029241097738,0.5188733083319745,0.9866995410715228,0.999012623709287,1468.0,24532,0.9954543892257112,0.9985399522915844,0.988178705364422,,,,,,,,
Grocery,43,gain_target,G_P_text,text,product,P25_4103,SS,0.0004290187950767,-0.0003008096123744,0.5187510190771237,0.9879073062304504,0.999117376530877,1468.0,24532,0.9951439395568056,0.99884420216747,0.988464046959074,,,,,,,,
Grocery,43,gain_target_overall,G_P_text,text,product,ALL_PARTIAL25_PLUS_SS,SS,0.000426411518551,,,,,,24532,,,,0.0003407137379291,0.0009944453357766,0.0042688770508013,0.2379510674961601,0.0261699005380727,0.0,642.0,0.0
Grocery,43,gain_target,G_D_visual,visual,absdiff,D25_4101,SS,0.0006300083013864,-0.0003878265326381,0.2608837436817218,0.9797252099520964,0.9982456140350876,1468.0,24532,0.9937304028306804,0.9984572982749416,0.9856921571824556,,,,,,,,
Grocery,43,gain_target,G_D_visual,visual,absdiff,D25_4102,SS,0.0006346540649717,-0.0003966732201595,0.2615767161258764,0.9767920370923336,0.9982456140350876,1468.0,24532,0.9938433269630108,0.9983066585104192,0.9852437632480026,,,,,,,,
Grocery,43,gain_target,G_D_visual,visual,absdiff,D25_4103,SS,0.0006149372149194,-0.0003908979656295,0.2617397684656775,0.9802689645034578,0.9986531665899898,1468.0,24532,0.9927109349595168,0.9985132372402192,0.9846323169737484,,,,,,,,
Grocery,43,gain_target,G_D_visual,visual,absdiff,P25_4101,SS,0.0003826167158663,-0.0001417248074718,0.2634518180335888,0.9916134778254868,1.0,1468.0,24532,0.996706830664501,0.9992161069528436,0.9928664601337028,,,,,,,,
Grocery,43,gain_target,G_D_visual,visual,absdiff,P25_4102,SS,0.000398976254454,-0.0001458880206384,0.2636556334583401,0.990645318965305,0.9999999999999998,1468.0,24532,0.9964762606494652,0.9991085389879522,0.9926626447089516,,,,,,,,
Grocery,43,gain_target,G_D_visual,visual,absdiff,P25_4103,SS,0.0003972915523273,-0.0001355131120237,0.2638594488830915,0.9919780442662208,1.0,1468.0,24532,0.9963770586113846,0.9991333837319002,0.9925403554541008,,,,,,,,
Grocery,43,gain_target_overall,G_D_visual,visual,absdiff,ALL_PARTIAL25_PLUS_SS,SS,0.0005097473506542,,,,,,24532,,,,0.000417383901805,0.0012230389650561,0.0039827519808115,0.3410727602074977,0.0107206913419207,8.152616990053807e-05,263.0,2.0
Grocery,43,gain_target,G_P_visual,visual,product,D25_4101,SS,0.0004008223178499,-0.0001278574616431,0.4622126202511006,0.988594959469373,0.9993677881347416,1468.0,24532,0.9950821223109922,0.9987651546534748,0.9903391488667862,,,,,,,,
Grocery,43,gain_target,G_P_visual,visual,product,D25_4102,SS,0.0004050275330267,-0.0001494930141901,0.4626202511006033,0.9888199733436498,0.9994526546250684,1468.0,24532,0.9953900698658936,0.9986469885571057,0.990013044187184,,,,,,,,
Grocery,43,gain_target,G_P_visual,visual,product,D25_4103,SS,0.0003900329868006,-0.0001386808668344,0.4617642263166476,0.9886538124710764,0.9993133897502132,1468.0,24532,0.9949987344112672,0.9988461603344848,0.9895646502527312,,,,,,,,
Grocery,43,gain_target,G_P_visual,visual,product,P25_4101,SS,0.0003970052514616,-0.0002646596050229,0.45605739442361,0.9896417331397366,0.9996114327940168,1468.0,24532,0.9949150378284196,0.998672730435872,0.9904206750366868,,,,,,,,
Grocery,43,gain_target,G_P_visual,visual,product,P25_4102,SS,0.0004046986045474,-0.0002688487934727,0.4557720528289581,0.9890974802292922,0.9993265556065968,1468.0,24532,0.9951412595264942,0.9986182624374244,0.9903391488667862,,,,,,,,
Grocery,43,gain_target,G_P_visual,visual,product,P25_4103,SS,0.0004101261474734,-0.0002684149939652,0.45605739442361,0.9901491538157166,0.9993894993894992,1468.0,24532,0.9952312737668232,0.9987688189656896,0.9899722811022338,,,,,,,,
Grocery,43,gain_target_overall,G_P_visual,visual,product,ALL_PARTIAL25_PLUS_SS,SS,0.0004012854735266,,,,,,24532,,,,0.0003187196999538,0.000938988679008,0.0042374040116812,0.1910082294581368,0.0216044350236425,8.152616990053807e-05,530.0,2.0
Grocery,44,gain_target,G_D_text,text,absdiff,D25_4101,SS,0.0007218442309656,-0.0004752772700993,0.2575957166532104,0.977383223564676,0.9975490196078431,1455.0,23533,0.9917479873198936,0.9983792858727174,0.9824926698678452,,,,,,,,
Grocery,44,gain_target,G_D_text,text,absdiff,D25_4102,SS,0.0007377262022722,-0.0004844844085649,0.2575107296137339,0.9754249438261858,0.997936016511868,1455.0,23533,0.99252435264221,0.9979997418402192,0.9842773976968512,,,,,,,,
Grocery,44,gain_target,G_D_text,text,absdiff,D25_4103,SS,0.0007370091171346,-0.0004768293539686,0.2577656907321633,0.9794037434905426,0.9977348233162188,1455.0,23533,0.9918629618099316,0.9980996423430424,0.9833850337823482,,,,,,,,
Grocery,44,gain_target,G_D_text,text,absdiff,P25_4101,SS,0.0004355159037166,-0.0001382223449143,0.2597628861598606,0.9907089631572632,1.0,1455.0,23533,0.9949632569045688,0.9991337264517792,0.9908638932562784,,,,,,,,
Grocery,44,gain_target,G_D_text,text,absdiff,P25_4102,SS,0.0004383917921225,-0.0001660359400702,0.2596778991203841,0.9905770284402632,1.0,1455.0,23533,0.996590480475114,0.999248464666916,0.9910763608549696,,,,,,,,
Grocery,44,gain_target,G_D_text,text,absdiff,P25_4103,SS,0.0004615402540556,-0.0001621116050138,0.2603577954361959,0.9905544671075672,1.0,1455.0,23533,0.9961082072359532,0.9989210182364212,0.9917137636510432,,,,,,,,
Grocery,44,gain_target_overall,G_D_text,text,absdiff,ALL_PARTIAL25_PLUS_SS,SS,0.0005886712500445,,,,,,23533,,,,0.0004882752632623,0.0014352033624748,0.0041239558946261,0.4055917060149751,0.0103259252963923,0.0001699740789529,243.0,4.0
Grocery,44,gain_target,G_P_text,text,product,D25_4101,SS,0.0004434441698433,-0.0001478399915646,0.5096247822207114,0.9889762344217312,0.9991596638655462,1455.0,23533,0.9928500987307344,0.998775762651842,0.9853822292100456,,,,,,,,
Grocery,44,gain_target,G_P_text,text,product,D25_4102,SS,0.0004582736610376,-0.0001412964993346,0.5104321590957379,0.9877239211643878,0.9991304347826084,1455.0,23533,0.9922967299753672,0.9982977805359626,0.9866570348021928,,,,,,,,
Grocery,44,gain_target,G_P_text,text,product,D25_4103,SS,0.0004562329117159,-0.0001546768675876,0.5104746526154761,0.9887165881054604,0.9994362226920366,1455.0,23533,0.9931159029660404,0.9984768815786512,0.9866570348021928,,,,,,,,
Grocery,44,gain_target,G_P_text,text,product,P25_4101,SS,0.0004190208210459,-0.0003039169434685,0.5031657672204989,0.9879882129901896,0.9993894993894992,1455.0,23533,0.992973681074834,0.9989872546091882,0.986911995920622,,,,,,,,
Grocery,44,gain_target,G_P_text,text,product,P25_4102,SS,0.000419733184798,-0.0002969302539044,0.5037606764968342,0.9870166557874844,0.9992287055667336,1455.0,23533,0.993281224766572,0.998976833138289,0.9859346449666426,,,,,,,,
Grocery,44,gain_target,G_P_text,text,product,P25_4103,SS,0.0004420984359295,-0.0003111851232123,0.5038031700165725,0.9874232600936644,0.9993894993894992,1455.0,23533,0.993292925679119,0.9986919140997172,0.9860196320061192,,,,,,,,
Grocery,44,gain_target_overall,G_P_text,text,product,ALL_PARTIAL25_PLUS_SS,SS,0.0004398005307284,,,,,,23533,,,,0.0003473929702597,0.00102655166513,0.004460148915863,0.2315433778006922,0.0226915395402201,8.498703947647984e-05,534.0,2.0
Grocery,44,gain_target,G_D_visual,visual,absdiff,D25_4101,SS,0.0005421423483386,-0.0003221344729681,0.2663493817192878,0.9799694058474948,0.9980237154150198,1455.0,23533,0.9929381252310524,0.9987968191720412,0.9859346449666426,,,,,,,,
Grocery,44,gain_target,G_D_visual,visual,absdiff,D25_4102,SS,0.0005424832016342,-0.0003161861790596,0.2669867845153614,0.9809006289612744,0.998318424859553,1455.0,23533,0.993126867633983,0.9987485230308062,0.9857646708876896,,,,,,,,
Grocery,44,gain_target,G_D_visual,visual,absdiff,D25_4103,SS,0.0005550742238015,-0.0003263721947886,0.2669867845153614,0.9784434510764064,0.998029556650246,1455.0,23533,0.9932578731399132,0.9987590063538356,0.9851697616113544,,,,,,,,
Grocery,44,gain_target,G_D_visual,visual,absdiff,P25_4101,SS,0.0003965804571557,-0.0001378414235781,0.2694514086601793,0.9915439441949832,1.0,1455.0,23533,0.9957634634699192,0.9991882991273472,0.991841244210258,,,,,,,,
Grocery,44,gain_target,G_D_visual,visual,absdiff,P25_4102,SS,0.0003931974155985,-0.0001372186413562,0.2694939021799176,0.9920959989409088,1.0,1455.0,23533,0.9962122196889353,0.9991822398284272,0.9917137636510432,,,,,,,,
Grocery,44,gain_target,G_D_visual,visual,absdiff,P25_4103,SS,0.000394534114481,-0.0001268054248583,0.2691539540220116,0.9907207908449348,1.0,1455.0,23533,0.9968720463480724,0.9991669102799928,0.9922661794076404,,,,,,,,
Grocery,44,gain_target_overall,G_D_visual,visual,absdiff,ALL_PARTIAL25_PLUS_SS,SS,0.0004706686268349,,,,,,23533,,,,0.0003871186835963,0.0011343459420691,0.004172226585809,0.3351962290191014,0.0109633280924659,4.249351973823992e-05,258.0,1.0
Grocery,44,gain_target,G_P_visual,visual,product,D25_4101,SS,0.0003862797953634,-0.0001238545158723,0.4545106871202141,0.9902702183618638,0.9993959072717664,1455.0,23533,0.994313632712182,0.9990481534074004,0.9906939191773254,,,,,,,,
Grocery,44,gain_target,G_P_visual,visual,product,D25_4102,SS,0.0003814093852267,-0.0001378568551004,0.4537882972846641,0.9896021739352204,0.9994526546250684,1455.0,23533,0.9949540920474078,0.9989636382355748,0.9892066459864872,,,,,,,,
Grocery,44,gain_target,G_P_visual,visual,product,D25_4103,SS,0.0003857094262334,-0.0001329324642968,0.45412824544257,0.9891753925445972,0.9993434730276834,1455.0,23533,0.994043673564964,0.9990549395991511,0.9895890876641312,,,,,,,,
Grocery,44,gain_target,G_P_visual,visual,product,P25_4101,SS,0.0004280129257257,-0.0002665644207271,0.4472442952449751,0.9895323160755416,0.999562315351789,1455.0,23533,0.9937052707621296,0.9986981092969612,0.98937662006544,,,,,,,,
Grocery,44,gain_target,G_P_visual,visual,product,P25_4102,SS,0.0004241996794151,-0.0002805342832733,0.4468193600475927,0.9903069184107728,0.9995198079231692,1455.0,23533,0.9946842041810274,0.9986134307774196,0.9890791654272724,,,,,,,,
Grocery,44,gain_target,G_P_visual,visual,product,P25_4103,SS,0.0004293025456019,-0.0002830254238194,0.447584243402881,0.988809790732364,0.9994397759103644,1455.0,23533,0.994124408612114,0.998702792514346,0.9894191135851784,,,,,,,,
Grocery,44,gain_target_overall,G_P_visual,visual,product,ALL_PARTIAL25_PLUS_SS,SS,0.0004058189595944,,,,,,23533,,,,0.0003296356853138,0.0009742169360905,0.0047261532501248,0.1854699324123256,0.0222666043428377,4.249351973823992e-05,524.0,1.0
ele-fashion,42,gain_target,G_D_text,text,absdiff,D25_4101,SS,9.631743310352824e-05,-7.236618489811545e-05,0.2343826394373613,0.9844486116185248,1.0,1754.0,26589,0.9966074677581078,0.9993502845590424,0.9877016811463388,,,,,,,,
ele-fashion,42,gain_target,G_D_text,text,absdiff,D25_4102,SS,9.210466324120188e-05,-7.159029100432846e-05,0.2341569822106886,0.984849599663856,1.0,1754.0,26589,0.9966613960707548,0.9994802620178366,0.9882658242130204,,,,,,,,
ele-fashion,42,gain_target,G_D_text,text,absdiff,D25_4103,SS,9.851413768684592e-05,-7.381557143290154e-05,0.2341569822106886,0.9839124955397852,1.0,1754.0,26589,0.9969796131398792,0.9992130080465192,0.9884538719019144,,,,,,,,
ele-fashion,42,gain_target,G_D_text,text,absdiff,P25_4101,SS,6.227087027273974e-05,-1.8590014787314195e-05,0.2350596111173793,0.9896972455259868,1.0,1754.0,26589,0.9981620598226688,0.9996785168901156,0.9926285305953588,,,,,,,,
ele-fashion,42,gain_target,G_D_text,text,absdiff,P25_4102,SS,6.439079358548213e-05,-1.9459158835797628e-05,0.2349843920418218,0.9904295981565124,1.0,1754.0,26589,0.9984733806615672,0.9996340724155374,0.9925157019820228,,,,,,,,
ele-fashion,42,gain_target,G_D_text,text,absdiff,P25_4103,SS,6.512129779889104e-05,-1.8723147225546817e-05,0.2352100492684944,0.9897583454447548,1.0,1754.0,26589,0.9986978004864732,0.999633110872548,0.9930422355109256,,,,,,,,
ele-fashion,42,gain_target_overall,G_D_text,text,absdiff,ALL_PARTIAL25_PLUS_SS,SS,7.978653261478149e-05,,,,,,26589,,,,6.481589136904706e-05,0.0001854437144635,0.0011041406799331,0.2064487097236707,0.0038361728534356,0.0,102.0,0.0
ele-fashion,42,gain_target,G_P_text,text,product,D25_4101,SS,6.3490221215463e-05,-1.7998466910812354e-05,0.5625634660950017,0.9901739051779715,1.0,1754.0,26589,0.9980622164782792,0.9995830044537574,0.9918011207642258,,,,,,,,
ele-fashion,42,gain_target,G_P_text,text,product,D25_4102,SS,6.070596698970851e-05,-1.808749364203216e-05,0.5619241039527624,0.9894142760458547,1.0,1754.0,26589,0.9983334150877804,0.9996506493844964,0.992967016435368,,,,,,,,
ele-fashion,42,gain_target,G_P_text,text,product,D25_4103,SS,6.596130092624269e-05,-2.02716547937123e-05,0.562337808868329,0.9905886489619888,1.0,1754.0,26589,0.997902316406057,0.999583557984637,0.9912745872353228,,,,,,,,
ele-fashion,42,gain_target,G_P_text,text,product,P25_4101,SS,8.101213794972326e-05,-6.975560258640604e-05,0.5554176539170333,0.9866456756425656,1.0,1754.0,26589,0.9968256101380036,0.9994976549776612,0.9902967392530746,,,,,,,,
ele-fashion,42,gain_target,G_P_text,text,product,P25_4102,SS,8.179036612328624e-05,-6.947615002378037e-05,0.5559817969837151,0.9858736710388616,1.0,1754.0,26589,0.997199719489342,0.9994729271602766,0.991425025386438,,,,,,,,
ele-fashion,42,gain_target,G_P_text,text,product,P25_4103,SS,8.241270363935229e-05,-6.883177840764331e-05,0.5554552634548121,0.9868692799712412,1.0,1754.0,26589,0.9966964390749038,0.9994995574698587,0.9906728346308624,,,,,,,,
ele-fashion,42,gain_target_overall,G_P_text,text,product,ALL_PARTIAL25_PLUS_SS,SS,7.256211614062933e-05,,,,,,26589,,,,5.756817096581053e-05,0.000164502009284,0.0013356604104613,0.1172323745248583,0.0153446914137425,0.0,408.0,0.0
ele-fashion,42,gain_target,G_D_visual,visual,absdiff,D25_4101,SS,5.294000974377353e-05,-3.6641675489871385e-05,0.3216367670841325,0.990071859168249,1.0,1756.0,26589,0.9983566173083792,0.9997456582359868,0.9944337884087404,,,,,,,,
ele-fashion,42,gain_target,G_D_visual,visual,absdiff,D25_4102,SS,5.335434882257261e-05,-3.542639386615436e-05,0.3220128624619203,0.9897009367124936,1.0,1756.0,26589,0.998497107748993,0.9997449705264376,0.9947346647109708,,,,,,,,
ele-fashion,42,gain_target,G_D_visual,visual,absdiff,D25_4103,SS,5.057122543817685e-05,-3.370945453396372e-05,0.3214487193952386,0.9904289653278188,1.0,1756.0,26589,0.9981108068046244,0.999780918472472,0.994697055173192,,,,,,,,
ele-fashion,42,gain_target,G_D_visual,visual,absdiff,P25_4101,SS,3.4156381688808424e-05,-3.82701326621891e-06,0.3255481590131257,0.9931836610668868,1.0,1756.0,26589,0.999130634769478,0.9998745399620754,0.996050998533228,,,,,,,,
ele-fashion,42,gain_target,G_D_visual,visual,absdiff,P25_4102,SS,3.755283268826382e-05,-3.2778858024219752e-06,0.3255105494753469,0.9934144254840794,1.0,1756.0,26589,0.999271837748339,0.999825512579867,0.9964270939110158,,,,,,,,
ele-fashion,42,gain_target,G_D_visual,visual,absdiff,P25_4103,SS,3.593680637140695e-05,-1.729873117593105e-06,0.3253601113242318,0.9928271786568144,1.0,1756.0,26589,0.9992888740778822,0.999852321709932,0.9961638271465644,,,,,,,,
ele-fashion,42,gain_target_overall,G_D_visual,visual,absdiff,ALL_PARTIAL25_PLUS_SS,SS,4.4085267458833695e-05,,,,,,26589,,,,3.887468244279134e-05,0.0001118309409857,0.0010837297262982,0.1044818723887266,0.0072586407913046,0.0,193.0,0.0
ele-fashion,42,gain_target,G_P_visual,visual,product,D25_4101,SS,3.5380963547026045e-05,-3.5433210082011496e-06,0.5452254691789837,0.9922912897030416,1.0,1756.0,26589,0.9989387725620912,0.999755309056013,0.9957501222309978,,,,,,,,
ele-fashion,42,gain_target,G_P_visual,visual,product,D25_4102,SS,3.606183449818076e-05,-3.2094438002179058e-06,0.5453382977923201,0.992742344735766,1.0,1756.0,26589,0.9989706047316292,0.999751028284906,0.9957877317687766,,,,,,,,
ele-fashion,42,gain_target,G_P_visual,visual,product,D25_4103,SS,3.4722531655258586e-05,-2.471821071850264e-06,0.5454887359434353,0.9931358613743956,1.0,1756.0,26589,0.9990355116754418,0.9997830647380292,0.9956749031554404,,,,,,,,
ele-fashion,42,gain_target,G_P_visual,visual,product,P25_4101,SS,4.171971378518651e-05,-3.356650023582109e-05,0.5406747151077513,0.991333813284834,1.0,1756.0,26589,0.99822606698521,0.9997662061138582,0.9936815976531648,,,,,,,,
ele-fashion,42,gain_target,G_P_visual,visual,product,P25_4102,SS,4.424324239554641e-05,-3.4984901798021595e-05,0.5404866674188574,0.9913199623523667,1.0,1756.0,26589,0.9985350309517566,0.9996870290951438,0.9940576930309528,,,,,,,,
ele-fashion,42,gain_target,G_P_visual,visual,product,P25_4103,SS,4.3448229088466026e-05,-3.450466890609623e-05,0.5397720862010605,0.9910295075861146,1.0,1756.0,26589,0.9983736718585836,0.999712725120666,0.9934183308887132,,,,,,,,
ele-fashion,42,gain_target_overall,G_P_visual,visual,product,ALL_PARTIAL25_PLUS_SS,SS,3.926275249494405e-05,,,,,,26589,,,,3.4088254584924386e-05,9.760935469551166e-05,0.0011466272123335,0.0780710459158901,0.0094776035202527,0.0,252.0,0.0
ele-fashion,43,gain_target,G_D_text,text,absdiff,D25_4101,SS,9.26195562336413e-05,-7.22098586414098e-05,0.2440482906465079,0.9831396224827174,1.0,1754.0,26589,0.9969735275580498,0.9994986510990858,0.9898078152619504,,,,,,,,
ele-fashion,43,gain_target,G_D_text,text,absdiff,D25_4102,SS,9.338199922161718e-05,-7.257719727557765e-05,0.2442363383354018,0.9835644283908014,1.0,1754.0,26589,0.9967985908269068,0.9995121759523662,0.9894317198841628,,,,,,,,
ele-fashion,43,gain_target,G_D_text,text,absdiff,D25_4103,SS,8.96342891246435e-05,-7.023461030951887e-05,0.2440106811087291,0.9828501438200656,1.0,1754.0,26589,0.9970856933404768,0.999589373904866,0.9893941103463838,,,,,,,,
ele-fashion,43,gain_target,G_D_text,text,absdiff,P25_4101,SS,5.805337197863226e-05,-1.3120385362998954e-05,0.2459663770732257,0.9914123338849188,1.0,1754.0,26589,0.998686326562381,0.9997499524365614,0.994320959795404,,,,,,,,
ele-fashion,43,gain_target,G_D_text,text,absdiff,P25_4102,SS,5.739861312159997e-05,-1.0108216558948004e-05,0.2461544247621196,0.9916181320421368,1.0,1754.0,26589,0.9986091630363012,0.9997597268633104,0.9943961788709615,,,,,,,,
ele-fashion,43,gain_target,G_D_text,text,absdiff,P25_4103,SS,5.90891026605448e-05,-1.2233161763635832e-05,0.2462296438376772,0.9908296348854037,1.0,1754.0,26589,0.9985483552289192,0.9997267001986528,0.9940953025687316,,,,,,,,
ele-fashion,43,gain_target_overall,G_D_text,text,absdiff,ALL_PARTIAL25_PLUS_SS,SS,7.502948872344651e-05,,,,,,26589,,,,6.381446187751271e-05,0.0001815900390799,0.0010709704044624,0.2198145364112758,0.0048516303734627,0.0,129.0,0.0
ele-fashion,43,gain_target,G_P_text,text,product,D25_4101,SS,6.107956779902434e-05,-1.1381916374974444e-05,0.553085862574749,0.9901285427630198,1.0,1754.0,26589,0.9983632179404532,0.9996696642117872,0.9927413592086952,,,,,,,,
ele-fashion,43,gain_target,G_P_text,text,product,D25_4102,SS,6.0804773534973904e-05,-1.1628607421406931e-05,0.5531986911880853,0.990784801851386,1.0,1754.0,26589,0.9985237569148976,0.9996840665916652,0.9940576930309528,,,,,,,,
ele-fashion,43,gain_target,G_P_text,text,product,D25_4103,SS,5.8912922457499296e-05,-1.1047750158946137e-05,0.5528602053480762,0.9906357062445034,1.0,1754.0,26589,0.9984341236586336,0.9997401800001592,0.9939072548798376,,,,,,,,
ele-fashion,43,gain_target,G_P_text,text,product,P25_4101,SS,7.325971983943553e-05,-6.090731285424855e-05,0.545714393170108,0.987499701091228,1.0,1754.0,26589,0.9971966964913352,0.9996475571843312,0.9919891684531196,,,,,,,,
ele-fashion,43,gain_target,G_P_text,text,product,P25_4102,SS,7.15969122833517e-05,-6.017510581819354e-05,0.5454887359434353,0.9885665725359284,1.0,1754.0,26589,0.997673648772562,0.9996788861157768,0.9923276542931287,,,,,,,,
ele-fashion,43,gain_target,G_P_text,text,product,P25_4103,SS,7.387978143430968e-05,-6.149042493287378e-05,0.5456767836323292,0.9873582061099,1.0,1754.0,26589,0.9976278504992012,0.9996299019591672,0.992967016435368,,,,,,,,
ele-fashion,43,gain_target_overall,G_P_text,text,product,ALL_PARTIAL25_PLUS_SS,SS,6.658894622476574e-05,,,,,,26589,,,,5.391835649637059e-05,0.0001540641813823,0.0012222947042598,0.1185422689309133,0.0155703486404152,3.76095377787807e-05,414.0,1.0
ele-fashion,43,gain_target,G_D_visual,visual,absdiff,D25_4101,SS,5.453949526164161e-05,-3.685280336545631e-05,0.3106547820527285,0.9914089792464064,1.0,1756.0,26589,0.998696516044596,0.9996799483856812,0.9945842265598556,,,,,,,,
ele-fashion,43,gain_target,G_D_visual,visual,absdiff,D25_4102,SS,5.6818405157925016e-05,-3.828791164700824e-05,0.3106547820527285,0.9913093787695946,1.0,1756.0,26589,0.9979908636139356,0.9996706599067582,0.9943961788709615,,,,,,,,
ele-fashion,43,gain_target,G_D_visual,visual,absdiff,D25_4103,SS,5.7293983060482805e-05,-3.871403390256491e-05,0.3102786866749407,0.9899813536889498,1.0,1756.0,26589,0.9984673318722644,0.999650333677486,0.9938696453420588,,,,,,,,
ele-fashion,43,gain_target,G_D_visual,visual,absdiff,P25_4101,SS,3.815771734049955e-05,-4.098953335079788e-06,0.3120839444883222,0.993752448221176,1.0,1756.0,26589,0.9992833182503184,0.999829214721334,0.9959757794576704,,,,,,,,
ele-fashion,43,gain_target,G_D_visual,visual,absdiff,P25_4102,SS,3.940590282156585e-05,-4.298231179733411e-06,0.3121591635638798,0.9940872545197824,1.0,1756.0,26589,0.9994554171077368,0.999805580525985,0.9961262176087856,,,,,,,,
ele-fashion,43,gain_target,G_D_visual,visual,absdiff,P25_4103,SS,3.71725466991003e-05,-4.758248420515948e-06,0.3118206777238708,0.9934591314948438,1.0,1756.0,26589,0.9993116206730056,0.999838972591894,0.996389484373237,,,,,,,,
ele-fashion,43,gain_target_overall,G_D_visual,visual,absdiff,ALL_PARTIAL25_PLUS_SS,SS,4.723134172353585e-05,,,,,,26589,,,,4.160652837908928e-05,0.0001201720194701,0.0010568184380058,0.1257973342505163,0.0045507540712324,0.0,121.0,0.0
ele-fashion,43,gain_target,G_P_visual,visual,product,D25_4101,SS,3.650596817529232e-05,-4.6207358369469655e-06,0.5933280679980443,0.9928575932780088,1.0,1756.0,26589,0.9989521233456728,0.9997648188947392,0.9950355410132008,,,,,,,,
ele-fashion,43,gain_target,G_P_visual,visual,product,D25_4102,SS,3.697830368385521e-05,-4.960138017411467e-06,0.5930271916958141,0.9926719054540434,1.0,1756.0,26589,0.9988293192634976,0.999791576331989,0.994320959795404,,,,,,,,
ele-fashion,43,gain_target,G_P_visual,visual,product,D25_4103,SS,3.94782071769685e-05,-5.733203764387647e-06,0.592688705855805,0.9925219979346896,1.0,1756.0,26589,0.9988765979339036,0.999705405867637,0.9944713979465192,,,,,,,,
ele-fashion,43,gain_target,G_P_visual,visual,product,P25_4101,SS,4.524207732717114e-05,-3.524533040493637e-05,0.5890405806912633,0.9913767791954604,1.0,1756.0,26589,0.9985139868312066,0.99978974790605,0.9944337884087404,,,,,,,,
ele-fashion,43,gain_target,G_P_visual,visual,product,P25_4102,SS,4.648761008753592e-05,-3.6321626375592e-05,0.5891157997668208,0.9905444111976156,1.0,1756.0,26589,0.9985269109294976,0.999792910871569,0.9941329121065102,,,,,,,,
ele-fashion,43,gain_target,G_P_visual,visual,product,P25_4103,SS,4.4954688063825246e-05,-3.4737866277339226e-05,0.5889653616157058,0.9906690039654872,1.0,1756.0,26589,0.998856375079129,0.9998004047454658,0.9946218360976344,,,,,,,,
ele-fashion,43,gain_target_overall,G_P_visual,visual,product,ALL_PARTIAL25_PLUS_SS,SS,4.160780908577472e-05,,,,,,26589,,,,3.532693765111919e-05,0.0001017392259641,0.0011514333578727,0.0835490999597911,0.0075595170935349,0.0,201.0,0.0
ele-fashion,44,gain_target,G_D_text,text,absdiff,D25_4101,SS,9.876409855704789e-05,-7.78381264210823e-05,0.2412651848508782,0.9840038856211705,0.9999999999999999,1754.0,26589,0.9970604612729901,0.999529605405945,0.9894317198841627,,,,,,,,
ele-fashion,44,gain_target,G_D_text,text,absdiff,D25_4102,SS,0.00010088725619713212,-7.79079914048532e-05,0.24149084207755087,0.984659676965028,0.9999999999999999,1754.0,26589,0.9971971831214085,0.9995068769663736,0.989544548497499,,,,,,,,
ele-fashion,44,gain_target,G_D_text,text,absdiff,D25_4103,SS,9.822969405690151e-05,-7.761338230625655e-05,0.24130279438865695,0.9849312016150165,0.9999999999999999,1754.0,26589,0.9973659489991407,0.9995185999387681,0.9899582534130655,,,,,,,,
ele-fashion,44,gain_target,G_D_text,text,absdiff,P25_4101,SS,6.266166176589779e-05,-1.9787765358949197e-05,0.24261912821091428,0.9896751526801134,0.9999999999999999,1754.0,26589,0.998550752016205,0.9997385670644735,0.9932302831998194,,,,,,,,
ele-fashion,44,gain_target,G_D_text,text,absdiff,P25_4102,SS,6.098428377230441e-05,-1.848002554647964e-05,0.24246869005979915,0.9901278611956252,0.9999999999999999,1754.0,26589,0.9985713075239488,0.9997645492647913,0.9931174545864832,,,,,,,,
ele-fashion,44,gain_target,G_D_text,text,absdiff,P25_4103,SS,6.221390020441662e-05,-1.633719380383804e-05,0.24246869005979915,0.9898790574428875,0.9999999999999999,1754.0,26589,0.9985466494733454,0.9997395700721046,0.9937568167287224,,,,,,,,
ele-fashion,44,gain_target_overall,G_D_text,text,absdiff,ALL_PARTIAL25_PLUS_SS,SS,8.062348242561671e-05,,,,,,26589,,,,6.665008030939441e-05,0.00019070354647269895,0.0010997464759414251,0.20630896197040993,0.004513144533453684,0.0,120.0,0.0
ele-fashion,44,gain_target,G_P_text,text,product,D25_4101,SS,6.244773857881399e-05,-1.6536092534761075e-05,0.5716273646996879,0.9899769781351585,0.9999999999999999,1754.0,26589,0.9982051919387753,0.9996596210221013,0.9930798450487044,,,,,,,,
ele-fashion,44,gain_target,G_P_text,text,product,D25_4102,SS,6.376278857538029e-05,-1.5969879362852923e-05,0.5710256120952274,0.9904272714041887,0.9999999999999999,1754.0,26589,0.9980301917978609,0.9996713790919988,0.9926661401331378,,,,,,,,
ele-fashion,44,gain_target,G_P_text,text,product,D25_4103,SS,6.148779954766247e-05,-1.794142955320879e-05,0.5713640979352363,0.9902410583545519,0.9999999999999999,1754.0,26589,0.9981736777556461,0.9996485891580369,0.9930046259731468,,,,,,,,
ele-fashion,44,gain_target,G_P_text,text,product,P25_4101,SS,7.92324152194456e-05,-6.487147637702722e-05,0.5634284854639137,0.9877143435829232,0.9999999999999999,1754.0,26589,0.9965597429392267,0.9995962466052446,0.9904471774041897,,,,,,,,
ele-fashion,44,gain_target,G_P_text,text,product,P25_4102,SS,7.677546344106837e-05,-6.194537213845153e-05,0.5630147805483471,0.9877102074240934,0.9999999999999999,1754.0,26589,0.9966529756621573,0.9996846380547832,0.9913121967731017,,,,,,,,
ele-fashion,44,gain_target,G_P_text,text,product,P25_4103,SS,7.860729375768978e-05,-6.56925384376634e-05,0.5638045808417015,0.9871835423815641,0.9999999999999999,1754.0,26589,0.9970594440410679,0.9995421149596526,0.9911617586219865,,,,,,,,
ele-fashion,44,gain_target_overall,G_P_text,text,product,ALL_PARTIAL25_PLUS_SS,SS,7.038558318667675e-05,,,,,,26589,,,,5.6865919293606155e-05,0.00016143231726108666,0.001224046607579159,0.12098699596859223,0.016360148933769605,0.0,435.0,0.0
ele-fashion,44,gain_target,G_D_visual,visual,absdiff,D25_4101,SS,5.4229180099899795e-05,-3.584771573751201e-05,0.3269773214487194,0.9913083269782365,0.9999999999999999,1756.0,26589,0.9986109573741296,0.999735442557252,0.9950731505509798,,,,,,,,
ele-fashion,44,gain_target,G_D_visual,visual,absdiff,D25_4102,SS,5.5613210152108976e-05,-3.6989780725410876e-05,0.3269773214487194,0.9905814296109617,0.9999999999999999,1756.0,26589,0.9988079066915664,0.9997150749028375,0.994847493324307,,,,,,,,
ele-fashion,44,gain_target,G_D_visual,visual,absdiff,D25_4103,SS,5.4529631269631294e-05,-3.545766026379589e-05,0.32686449283538305,0.9905757330777683,0.9999999999999999,1756.0,26589,0.998627134968112,0.999716054825569,0.9949979314754221,,,,,,,,
ele-fashion,44,gain_target,G_D_visual,visual,absdiff,P25_4101,SS,3.726413819645381e-05,-8.677253994971863e-06,0.33115198014216407,0.9941453117781515,0.9999999999999999,1756.0,26589,0.9991696031384285,0.9998345234848459,0.9958629508443341,,,,,,,,
ele-fashion,44,gain_target,G_D_visual,visual,absdiff,P25_4102,SS,3.843503671529349e-05,-7.807149932946107e-06,0.33024935123547333,0.9933563333695818,0.9999999999999999,1756.0,26589,0.9992142843280307,0.9998412537845628,0.9964647034487946,,,,,,,,
ele-fashion,44,gain_target,G_D_visual,visual,absdiff,P25_4103,SS,3.853251197911006e-05,-7.068485142728718e-06,0.33058783707548234,0.9935382995202865,0.9999999999999999,1756.0,26589,0.9990820226854457,0.9998308733544221,0.996577532062131,,,,,,,,
ele-fashion,44,gain_target_overall,G_D_visual,visual,absdiff,ALL_PARTIAL25_PLUS_SS,SS,4.6433951402082903e-05,,,,,,26589,,,,4.0080134526914615e-05,0.00011569826712421002,0.0010529513722582478,0.11709644125540816,0.007446688480198579,0.0,198.0,0.0
ele-fashion,44,gain_target,G_P_visual,visual,product,D25_4101,SS,3.680362909039025e-05,-4.553632201787411e-06,0.5855428936778367,0.992155045696155,0.9999999999999999,1756.0,26589,0.9987597087207667,0.9998292741540894,0.9952235887020948,,,,,,,,
ele-fashion,44,gain_target,G_P_visual,visual,product,D25_4102,SS,3.799145805231497e-05,-7.978013625328522e-06,0.5852044078378277,0.991504022037559,0.9999999999999999,1756.0,26589,0.9986781677201035,0.99982616170587,0.9951483696265373,,,,,,,,
ele-fashion,44,gain_target,G_P_visual,visual,product,D25_4103,SS,3.6239957819389425e-05,-7.589317921143205e-06,0.5850163601489338,0.9926115122205755,0.9999999999999999,1756.0,26589,0.9985844324012697,0.9998324414401308,0.9951483696265373,,,,,,,,
ele-fashion,44,gain_target,G_P_visual,visual,product,P25_4101,SS,4.203102383387793e-05,-3.236027718568946e-05,0.5807664823799316,0.9903137040831791,0.9999999999999999,1756.0,26589,0.9983440742581373,0.9998352491491304,0.9939448644176163,,,,,,,,
ele-fashion,44,gain_target,G_P_visual,visual,product,P25_4102,SS,4.311591729962054e-05,-3.3702083875445574e-05,0.5803903870021437,0.9908320388920738,0.9999999999999999,1756.0,26589,0.9980859578945948,0.9998374594841302,0.9945466170220768,,,,,,,,
ele-fashion,44,gain_target,G_P_visual,visual,product,P25_4103,SS,4.232634452271695e-05,-3.2966963032469155e-05,0.5800142916243559,0.9909868325954678,0.9999999999999999,1756.0,26589,0.9982301589965858,0.999828518516914,0.9938320358042799,,,,,,,,
ele-fashion,44,gain_target_overall,G_P_visual,visual,product,ALL_PARTIAL25_PLUS_SS,SS,3.975138843638501e-05,,,,,,26589,,,,3.365478747269364e-05,9.699137941397324e-05,0.0011690703188752107,0.08227792786774221,0.00910150814246493,0.0,242.0,0.0
