dataset,seed,modality,scope,n_edges,ordinary_sign_switch_fraction,robust_sign_switch_fraction,ordinary_sign_switch_count,robust_sign_switch_count,context_count
Movies,42,text,full_grid,31601,0.0887313692604664,0.0041770830037024,2804,132,
Movies,42,visual,full_grid,31601,0.0823391664820733,0.0035758362077149,2602,113,
Movies,42,text,partial25_plus_SS,28333,0.0158119507288321,3.529453287685738e-05,448,1,7.0
Movies,42,visual,partial25_plus_SS,28333,0.0205414181343309,7.058906575371475e-05,582,2,7.0
Movies,43,text,full_grid,31265,0.1101551255397409,0.0076123460738845,3444,238,
Movies,43,visual,full_grid,31265,0.0881816727970574,0.0044778506316967,2757,140,
Movies,43,text,partial25_plus_SS,28140,0.0192253020611229,7.107320540156361e-05,541,2,7.0
Movies,43,visual,partial25_plus_SS,28140,0.0214285714285714,3.5536602700781806e-05,603,1,7.0
Movies,44,text,full_grid,33039,0.0942219800841429,0.0042374163866945,3113,140,
Movies,44,visual,full_grid,33039,0.0832652319985471,0.005357305003178,2751,177,
Movies,44,text,partial25_plus_SS,29842,0.0146102808122779,3.35098183767844e-05,436,1,7.0
Movies,44,visual,partial25_plus_SS,29842,0.0186649688358689,3.35098183767844e-05,557,1,7.0
Grocery,42,text,full_grid,27524,0.068558349077169,0.0045051591338468,1887,124,
Grocery,42,visual,full_grid,27524,0.0761517221334108,0.004323499491353,2096,119,
Grocery,42,text,partial25_plus_SS,23575,0.0146341463414634,8.48356309650053e-05,345,2,7.0
Grocery,42,visual,partial25_plus_SS,23575,0.0152279957582184,4.241781548250265e-05,359,1,7.0
Grocery,43,text,full_grid,28356,0.0661941035406968,0.0059599379320073,1877,169,
Grocery,43,visual,full_grid,28356,0.0779023839751728,0.0047256312596981,2209,134,
Grocery,43,text,partial25_plus_SS,24532,0.014104027392793,0.0001222892548508,346,3,7.0
Grocery,43,visual,partial25_plus_SS,24532,0.0151231045165498,0.0,371,0,7.0
Grocery,44,text,full_grid,27398,0.0625593108986057,0.0043433827286663,1714,119,
Grocery,44,visual,full_grid,27398,0.070443098036353,0.003065917220235,1930,84,
Grocery,44,text,partial25_plus_SS,23533,0.0133854587175455,0.0,315,0,7.0
Grocery,44,visual,partial25_plus_SS,23533,0.0143203161517868,0.0,337,0,7.0
ele-fashion,42,text,full_grid,40181,0.0309101316542644,0.0007715089221273,1242,31,
ele-fashion,42,visual,full_grid,40181,0.0448470670217266,0.001816779074687,1802,73,
ele-fashion,42,text,partial25_plus_SS,26589,0.0060551355823836,3.76095377787807e-05,161,1,7.0
ele-fashion,42,visual,partial25_plus_SS,26589,0.0068825454135168,0.0,183,0,7.0
ele-fashion,43,text,full_grid,40181,0.0315074288842985,0.0007963963067121,1266,32,
ele-fashion,43,visual,full_grid,40181,0.0368333291854359,0.0008212836912968,1480,33,
ele-fashion,43,text,partial25_plus_SS,26589,0.00770995524465,0.0,205,0,7.0
ele-fashion,43,visual,partial25_plus_SS,26589,0.0065816691112866,0.0,175,0,7.0
ele-fashion,44,text,full_grid,40181,0.03501655011074886,0.0008461710758816356,1407,34,
ele-fashion,44,visual,full_grid,40181,0.038102585799258355,0.0005724098454493417,1531,23,
ele-fashion,44,text,partial25_plus_SS,26589,0.0061679641957200345,3.76095377787807e-05,164,1,7.0
ele-fashion,44,visual,partial25_plus_SS,26589,0.0063560118846139385,0.0,169,0,7.0
