dataset,seed,comparison,new_variant,base_variant,accuracy_delta_pp,macro_f1_delta_pp,ce_delta
Movies,42,D-B,D,B,-0.5398929119110107,0.27783159490397114,-0.03925860335745335
Movies,43,D-B,D,B,0.029993057250976562,-0.5628130760065464,0.01881625627999406
Movies,44,D-B,D,B,-0.659865140914917,-1.5421078951617762,-0.020298088819735938
Movies,42,D-C,D,C,-0.5698859691619873,-0.20264620055077676,-0.0752067359965507
Movies,43,D-C,D,C,-0.029993057250976562,0.8579523568198577,0.002743396633173356
Movies,44,D-C,D,C,-0.6898581981658936,-2.5213783041995175,-0.02973096786892615
Movies,42,C-B,C,B,0.029993057250976562,0.4804777954547479,0.03594813263909735
Movies,43,C-B,C,B,0.059986114501953125,-1.420765432826404,0.016072859646820703
Movies,44,C-B,C,B,0.029993057250976562,0.9792704090377413,0.009432879049190213
Grocery,42,D-B,D,B,-0.3221094608306885,-0.899036237269335,-0.007926027177891593
Grocery,43,D-B,D,B,0.029283761978149414,-0.04996948392251843,0.0291791298728038
Grocery,44,D-B,D,B,-0.35138726234436035,-0.7448797834938126,0.01165562374176432
Grocery,42,D-C,D,C,-0.26354193687438965,-1.5386769382241816,0.03049791819180092
Grocery,43,D-C,D,C,0.11712908744812012,1.5426986542618537,0.02001495584736457
Grocery,44,D-C,D,C,-0.11712908744812012,-0.9368180622906452,-0.005619523814970662
Grocery,42,C-B,C,B,-0.05856752395629883,0.6396407009548466,-0.038423945369692514
Grocery,43,C-B,C,B,-0.0878453254699707,-1.5926681381843721,0.009164174025439231
Grocery,44,C-B,C,B,-0.23425817489624023,0.19193827879683267,0.017275147556734982
ele-fashion,42,D-B,D,B,0.030684471130371094,-0.4874454293538055,-0.001729217057970911
ele-fashion,43,D-B,D,B,0.10228157043457031,-0.7679354088731216,0.002704893090528182
ele-fashion,44,D-B,D,B,-0.08181929588317871,-0.6165229136399164,0.0025021854543827438
ele-fashion,42,D-C,D,C,-0.15342235565185547,-0.49926334092891267,-0.005957111156924433
ele-fashion,43,D-C,D,C,-0.08182525634765625,-1.3476124034205839,-0.026396066361901616
ele-fashion,44,D-C,D,C,-0.13296008110046387,-1.6825450893625526,-0.01696272931289633
ele-fashion,42,C-B,C,B,0.18410682678222656,0.011817911575107143,0.004227894098953522
ele-fashion,43,C-B,C,B,0.18410682678222656,0.5796769945474622,0.029100959452429798
ele-fashion,44,C-B,C,B,0.051140785217285156,1.0660221757226362,0.019464914767279073
