dataset,seed,intervention,n_repeats,val_accuracy_mean,val_accuracy_population_sd,val_macro_f1_mean,val_macro_f1_population_sd,val_ce_mean,val_ce_population_sd,delta_accuracy_pp_vs_normal_mean,delta_macro_f1_pp_vs_normal_mean,delta_ce_vs_normal_mean
Grocery,42,interaction_off,1,0.8204978108406067,0.0,0.7453820265792215,0.0,0.6495659801656296,0.0,-0.5856513977050781,-0.9282838889152933,0.0036675426656296306
Grocery,42,normal,1,0.8263543248176575,0.0,0.7546648654683744,0.0,0.6458984375,0.0,,,
Grocery,42,source_node_shuffle,5,0.8200292825698853,0.003205614794499372,0.7484653306519244,0.004975119325993106,0.6627795999954246,0.003955496807245416,-0.6325042247772195,-0.619953481644997,0.016881162495424595
Grocery,43,interaction_off,1,0.8245973587036133,0.0,0.7434051112337892,0.0,0.6758010529145315,0.0,-0.3513932228088379,-0.5901542514750613,0.016668978198206452
Grocery,43,normal,1,0.8281112909317017,0.0,0.7493066537485398,0.0,0.6591320747163251,0.0,,,
Grocery,43,source_node_shuffle,5,0.8193265080451966,0.001063889253289166,0.7407669458339875,0.002707009019967686,0.6872662541178624,0.003780819978191804,-0.8784782886505083,-0.8539707914552275,0.028134179401537285
Grocery,44,interaction_off,1,0.819033682346344,0.0,0.7455567942506321,0.0,0.6543157485358712,0.0,-0.5270838737487793,-0.19434356854080015,0.01059112772236459
Grocery,44,normal,1,0.8243045210838318,0.0,0.7475002299360402,0.0,0.6437246208135066,0.0,,,
Grocery,44,source_node_shuffle,5,0.8180966258049012,0.0017014261747895284,0.7434431301906466,0.004269569954706196,0.6631900279099561,0.0011355854094462236,-0.620789527893062,-0.40570997453935886,0.019465407096449505
Movies,42,interaction_off,1,0.5563887357711792,0.0,0.4809342063557073,0.0,1.3423873818986203,0.0,-0.5998790264129639,-1.585032771187861,0.01019136992913916
Movies,42,normal,1,0.5623875260353088,0.0,0.49678453406758594,0.0,1.3321960119694811,0.0,,,
Movies,42,source_node_shuffle,5,0.541211748123169,0.002373873532592036,0.4686445312967951,0.003953209771567818,1.3853657686431464,0.005626416441651315,-2.117577791213987,-2.8140002770790815,0.0531697566736653
Movies,43,interaction_off,1,0.5464907288551331,0.0,0.47891366168954325,0.0,1.3585788701634673,0.0,-0.6898581981658936,-0.09430554683462211,0.015254761547690565
Movies,43,normal,1,0.553389310836792,0.0,0.47985671715788947,0.0,1.3433241086157768,0.0,,,
Movies,43,source_node_shuffle,5,0.5331133723258972,0.003438731974303265,0.4661283283117998,0.004641660348792559,1.394693990889322,0.006542917412039331,-2.027593851089482,-1.3728388846089679,0.05136988227354533
Movies,44,interaction_off,1,0.5482903122901917,0.0,0.47637195495712764,0.0,1.3850488691324234,0.0,-1.1397778987884521,-0.7397103702164454,0.00746598727129566
Movies,44,normal,1,0.5596880912780762,0.0,0.4837690586592921,0.0,1.3775828818611278,0.0,,,
Movies,44,source_node_shuffle,5,0.5379724025726318,0.002618942666136479,0.4652650323068854,0.004474805632136518,1.4323668664704559,0.00511201628649523,-2.171568870544438,-1.8504026352406722,0.054783984609328096
ele-fashion,42,interaction_off,1,0.864886999130249,0.0,0.7319347156035967,0.0,0.4239440462249572,0.0,-0.6239116191864014,-0.9406953409603513,0.01927835082695678
ele-fashion,42,normal,1,0.871126115322113,0.0,0.7413416690132002,0.0,0.4046656953980004,0.0,,,
ele-fashion,42,source_node_shuffle,5,0.8407077789306641,0.001554656969979085,0.702856297014668,0.0035838066902944433,0.47559557752130316,0.0017525055203505,-3.0418336391448975,-3.848537199853219,0.07092988212330276
ele-fashion,43,interaction_off,1,0.8650915622711182,0.0,0.7237913270169686,0.0,0.43274646192115424,0.0,-0.7364213466644287,-1.4134365810658411,0.02437289794846964
ele-fashion,43,normal,1,0.8724557757377625,0.0,0.737925692827627,0.0,0.4083735639726846,0.0,,,
ele-fashion,43,source_node_shuffle,5,0.8504449248313903,0.0018952469669848398,0.706632390856488,0.0034108355102733154,0.46150349073399305,0.004306922992842239,-2.2010850906372115,-3.1293301971139,0.053129926761308455
ele-fashion,44,interaction_off,1,0.863455057144165,0.0,0.7219318612109095,0.0,0.42401944589941637,0.0,-0.7466495037078857,-1.6146512065561502,0.01689111897461837
ele-fashion,44,normal,1,0.8709215521812439,0.0,0.738078373276471,0.0,0.407128326924798,0.0,,,
ele-fashion,44,source_node_shuffle,5,0.8443285226821899,0.00219178690194509,0.7086277910741554,0.004014967158705351,0.46858872784980055,0.002677454230037711,-2.6593029499053955,-2.9450582202315556,0.061460400925002545
