dataset,variant,seed,intervention,repeat,val_accuracy,val_macro_f1,val_ce,evaluate_test,delta_accuracy_pp_vs_normal,delta_macro_f1_pp_vs_normal,delta_ce_vs_normal,source_shuffle_repeats
Movies,IA,42,normal,0,0.5623875260353088,0.49678453406758594,1.3321960119694811,False,,,,
Movies,IA,42,interaction_off,0,0.5563887357711792,0.4809342063557073,1.3423873818986203,False,-0.5998790264129639,-1.585032771187861,0.01019136992913916,
Movies,IA,42,source_node_shuffle,1,0.5404918789863586,0.46171400473924545,1.387826829165417,False,-2.1895647048950195,-3.507052932834048,0.05563081719593588,5
Movies,IA,42,source_node_shuffle,2,0.542291522026062,0.46801326410531685,1.3760161053726754,False,-2.0096004009246826,-2.8771269962269086,0.04382009340319426,5
Movies,IA,42,source_node_shuffle,3,0.5371925830841064,0.47046967046902,1.383170289770171,False,-2.5194942951202393,-2.631486359856594,0.05097427780068986,5
Movies,IA,42,source_node_shuffle,4,0.5443910956382751,0.47374029040159316,1.3929679884335633,False,-1.7996430397033691,-2.304424366599278,0.06077197646408217,5
Movies,IA,42,source_node_shuffle,5,0.5416916608810425,0.46928542676880014,1.3868476304739052,False,-2.0695865154266357,-2.7499107298785797,0.054651618504424126,5
Movies,IA,43,normal,0,0.553389310836792,0.47985671715788947,1.3433241086157768,False,,,,
Movies,IA,43,interaction_off,0,0.5464907288551331,0.47891366168954325,1.3585788701634673,False,-0.6898581981658936,-0.09430554683462211,0.015254761547690565,
Movies,IA,43,source_node_shuffle,1,0.531193733215332,0.4661675406605642,1.3855838695542142,False,-2.219557762145996,-1.3689176497325262,0.04225976093843742,5
Movies,IA,43,source_node_shuffle,2,0.5323935151100159,0.4654634305019195,1.398664944745426,False,-2.0995795726776123,-1.439328665596995,0.05534083612964924,5
Movies,IA,43,source_node_shuffle,3,0.5398920178413391,0.4746892127464998,1.3881597215713108,False,-1.349729299545288,-0.516750441138969,0.044835612955534065,5
Movies,IA,43,source_node_shuffle,4,0.5314937233924866,0.4632807720345343,1.3990382587544992,False,-2.189558744430542,-1.657594512335514,0.055714150138722385,5
Movies,IA,43,source_node_shuffle,5,0.5305938720703125,0.4610406856154812,1.4020231598211608,False,-2.279543876647949,-1.881603154240824,0.05869905120538399,5
Movies,IA,44,normal,0,0.5596880912780762,0.4837690586592921,1.3775828818611278,False,,,,
Movies,IA,44,interaction_off,0,0.5482903122901917,0.47637195495712764,1.3850488691324234,False,-1.1397778987884521,-0.7397103702164454,0.00746598727129566,
Movies,IA,44,source_node_shuffle,1,0.5380923748016357,0.4606529068786118,1.4277479953228105,False,-2.159571647644043,-2.311615178068027,0.05016511346168273,5
Movies,IA,44,source_node_shuffle,2,0.541091799736023,0.4702232429246231,1.4272324734271895,False,-1.8596291542053223,-1.354581573466901,0.049649591566061746,5
Movies,IA,44,source_node_shuffle,3,0.5341931581497192,0.46347710762864053,1.4377466303614277,False,-2.5494933128356934,-2.029195103065157,0.06016374850029993,5
Movies,IA,44,source_node_shuffle,4,0.5359928011894226,0.4709873392848465,1.4392685915941812,False,-2.3695290088653564,-1.278171937444561,0.06168570973305343,5
Movies,IA,44,source_node_shuffle,5,0.5404918789863586,0.46098456481770506,1.4298386416466706,False,-1.919621229171753,-2.278449384158704,0.052255759785542866,5
Grocery,IA,42,normal,0,0.8263543248176575,0.7546648654683744,0.6458984375,False,,,,
Grocery,IA,42,interaction_off,0,0.8204978108406067,0.7453820265792215,0.6495659801656296,False,-0.5856513977050781,-0.9282838889152933,0.0036675426656296306,
Grocery,IA,42,source_node_shuffle,1,0.8237189054489136,0.7505612113117546,0.6574457528825036,False,-0.26354193687438965,-0.41036541566198403,0.011547315382503642,5
Grocery,IA,42,source_node_shuffle,2,0.8155197501182556,0.7390719228231923,0.6676170159224012,False,-1.0834574699401855,-1.5592942645182073,0.021718578422401214,5
Grocery,IA,42,source_node_shuffle,3,0.8204978108406067,0.7522480825457893,0.6654489184892021,False,-0.5856513977050781,-0.241678292258507,0.01955048098920209,5
Grocery,IA,42,source_node_shuffle,4,0.8231332302093506,0.7525296860671407,0.6587868462893485,False,-0.3221094608306885,-0.21351794012337555,0.012888408789348493,5
Grocery,IA,42,source_node_shuffle,5,0.8172767162322998,0.7479157505117455,0.6645994663936676,False,-0.9077608585357666,-0.6749114956628888,0.01870102889366765,5
Grocery,IA,43,normal,0,0.8281112909317017,0.7493066537485398,0.6591320747163251,False,,,,
Grocery,IA,43,interaction_off,0,0.8245973587036133,0.7434051112337892,0.6758010529145315,False,-0.3513932228088379,-0.5901542514750613,0.016668978198206452,
Grocery,IA,43,source_node_shuffle,1,0.8207906484603882,0.7413815944212095,0.6834720013954978,False,-0.7320642471313477,-0.792505932733023,0.02433992667917273,5
Grocery,IA,43,source_node_shuffle,2,0.819033682346344,0.7403086516850642,0.6839350464403368,False,-0.9077608585357666,-0.8998002063475563,0.02480297172401169,5
Grocery,IA,43,source_node_shuffle,3,0.8193265199661255,0.7450310031667756,0.6923728752974012,False,-0.8784770965576172,-0.42756505817641566,0.033240800581076146,5
Grocery,IA,43,source_node_shuffle,4,0.8199121356010437,0.7365443461365953,0.6852870064284406,False,-0.8199155330657959,-1.2762307611944523,0.02615493171211558,5
Grocery,IA,43,source_node_shuffle,5,0.8175695538520813,0.7405691337602927,0.6912643410276355,False,-1.0541737079620361,-0.8737519988247122,0.03213226631131039,5
Grocery,IA,44,normal,0,0.8243045210838318,0.7475002299360402,0.6437246208135066,False,,,,
Grocery,IA,44,interaction_off,0,0.819033682346344,0.7455567942506321,0.6543157485358712,False,-0.5270838737487793,-0.19434356854080015,0.01059112772236459,
Grocery,IA,44,source_node_shuffle,1,0.8175695538520813,0.7364258492385691,0.6651508024112371,False,-0.6734967231750488,-1.107438069747102,0.021426181597730576,5
Grocery,IA,44,source_node_shuffle,2,0.8152269124984741,0.7420129791874202,0.6637911929218521,False,-0.9077608585357666,-0.5487250748619998,0.020066572108345504,5
Grocery,IA,44,source_node_shuffle,3,0.8202049732208252,0.7486211540451299,0.6623894754300879,False,-0.4099547863006592,0.11209241090897049,0.018664854616581295,5
Grocery,IA,44,source_node_shuffle,4,0.8193265199661255,0.7470402470971829,0.6621518404557101,False,-0.4978001117706299,-0.045998283885728686,0.018427219642203507,5
Grocery,IA,44,source_node_shuffle,5,0.8181551694869995,0.7431154213849306,0.6624668283308931,False,-0.6149351596832275,-0.43848085511095647,0.018742207517386533,5
ele-fashion,IA,42,normal,0,0.871126115322113,0.7413416690132002,0.4046656953980004,False,,,,
ele-fashion,IA,42,interaction_off,0,0.864886999130249,0.7319347156035967,0.4239440462249572,False,-0.6239116191864014,-0.9406953409603513,0.01927835082695678,
ele-fashion,IA,42,source_node_shuffle,1,0.8381916880607605,0.696878021417055,0.47589385383904825,False,-3.293442726135254,-4.446364759614518,0.07122815844104785,5
ele-fashion,IA,42,source_node_shuffle,2,0.8415669202804565,0.7029997694146614,0.4727693619971457,False,-2.9559195041656494,-3.834189959853884,0.0681036665991453,5
ele-fashion,IA,42,source_node_shuffle,3,0.8406463861465454,0.7041850251450069,0.47827134703497365,False,-3.0479729175567627,-3.7156643868193284,0.07360565163697325,5
ele-fashion,IA,42,source_node_shuffle,4,0.8402373194694519,0.7022335638849833,0.47528794709921884,False,-3.0888795852661133,-3.910810512821694,0.07062225170121844,5
ele-fashion,IA,42,source_node_shuffle,5,0.842896580696106,0.7079851052116335,0.47575537763612946,False,-2.822953462600708,-3.3356563801566708,0.07108968223812906,5
ele-fashion,IA,43,normal,0,0.8724557757377625,0.737925692827627,0.4083735639726846,False,,,,
ele-fashion,IA,43,interaction_off,0,0.8650915622711182,0.7237913270169686,0.43274646192115424,False,-0.7364213466644287,-1.4134365810658411,0.02437289794846964,
ele-fashion,IA,43,source_node_shuffle,1,0.8478060960769653,0.703100631155332,0.46885071393840455,False,-2.464967966079712,-3.4825061672295043,0.060477149965719956,5
ele-fashion,IA,43,source_node_shuffle,2,0.8517950177192688,0.7073795416580256,0.45841505064900406,False,-2.0660758018493652,-3.0546151169601354,0.05004148667631947,5
ele-fashion,IA,43,source_node_shuffle,3,0.8486243486404419,0.7031511378002769,0.46312214282803393,False,-2.3831427097320557,-3.477455502735005,0.05474857885534934,5
ele-fashion,IA,43,source_node_shuffle,4,0.8527155518531799,0.7123525788391883,0.46072528468839496,False,-1.974022388458252,-2.5573113988438645,0.05235172071571037,5
ele-fashion,IA,43,source_node_shuffle,5,0.851283609867096,0.7071780648296172,0.4564042615661278,False,-2.1172165870666504,-3.0747627998009786,0.048030697593443195,5
ele-fashion,IA,44,normal,0,0.8709215521812439,0.738078373276471,0.407128326924798,False,,,,
ele-fashion,IA,44,interaction_off,0,0.863455057144165,0.7219318612109095,0.42401944589941637,False,-0.7466495037078857,-1.6146512065561502,0.01689111897461837,
ele-fashion,IA,44,source_node_shuffle,1,0.8435102701187134,0.7118099523181518,0.4735082825524829,False,-2.7411282062530518,-2.626842095831916,0.0663799556276849,5
ele-fashion,IA,44,source_node_shuffle,2,0.8445330858230591,0.7084720379982978,0.4691053111335916,False,-2.6388466358184814,-2.9606335278173135,0.061976984208793606,5
ele-fashion,IA,44,source_node_shuffle,3,0.8459650278091431,0.705445230227295,0.46653463046243737,False,-2.495652437210083,-3.263314304917597,0.05940630353763937,5
ele-fashion,IA,44,source_node_shuffle,4,0.8469878435134888,0.71419715650855,0.4660502072186317,False,-2.3933708667755127,-2.3881216767920987,0.05892188029383372,5
ele-fashion,IA,44,source_node_shuffle,5,0.8406463861465454,0.7032145783184822,0.4677452078818592,False,-3.0275166034698486,-3.4863794957988747,0.06061688095706119,5
