dataset,seed,modality,num_active_nodes,routing_js_mean,routing_js_std,routing_js_p50,routing_js_p90,absolute_strength_diff_mean,absolute_strength_diff_p50,absolute_strength_diff_p90
Movies,42,text,16672,0.1702200025320053,0.18231436610221863,0.018904289230704308,0.3551487326622009,0.051978517323732376,0.029806002974510193,0.14113347232341766
Movies,42,visual,16672,0.1249793991446495,0.12588343024253845,0.11118574440479279,0.2835882902145386,0.08480900526046753,0.08584606647491455,0.1397034227848053
Movies,43,text,16672,0.18362966179847717,0.19213896989822388,0.02499142661690712,0.3603633642196655,0.05323571711778641,0.04158836603164673,0.10156574100255966
Movies,43,visual,16672,0.08276360481977463,0.11303162574768066,0.012862480245530605,0.260458379983902,0.034778110682964325,0.029053613543510437,0.07237512618303299
Movies,44,text,16672,0.1540098637342453,0.17608235776424408,0.003886628895998001,0.34567055106163025,0.03313884511590004,0.026116080582141876,0.06903845816850662
Movies,44,visual,16672,0.0735100507736206,0.10636874288320541,0.03185061365365982,0.2364165484905243,0.05263744667172432,0.04323109984397888,0.1087714433670044
Grocery,42,text,17074,0.11131028831005096,0.15456746518611908,0.010247807949781418,0.3486192524433136,0.11434300988912582,0.11835205554962158,0.19644330441951752
Grocery,42,visual,17074,3.869276406476274e-05,0.0004886568640358746,1.102504825212236e-06,1.0400642167951446e-05,0.006450990214943886,0.0022377073764801025,0.00895568635314703
Grocery,43,text,17074,0.11410078406333923,0.15920986235141754,0.003351578488945961,0.3581641912460327,0.0704801008105278,0.06967131793498993,0.12283096462488174
Grocery,43,visual,17074,0.00015956495190039277,0.0005234463606029749,8.660708408569917e-05,0.00026216713013127446,0.08820699900388718,0.07952070236206055,0.1256995052099228
Grocery,44,text,17074,0.21627803146839142,0.19155628979206085,0.244858980178833,0.4390033483505249,0.12783268094062805,0.12197548151016235,0.2398080676794052
Grocery,44,visual,17074,0.00022426147188525647,0.006133631337434053,4.1237416326112e-07,2.035884972428903e-05,0.010869559831917286,0.0035653114318847656,0.016940712928771973
ele-fashion,42,text,97763,0.14153599739074707,0.1746632158756256,0.06334799528121948,0.4169263243675232,0.15578025579452515,0.12197273969650269,0.33781567215919495
ele-fashion,42,visual,97763,0.17974582314491272,0.19727203249931335,0.09335950762033463,0.4966965317726135,0.16473059356212616,0.12999367713928223,0.3585093915462494
ele-fashion,43,text,97763,0.2613067924976349,0.23220564424991608,0.18545562028884888,0.6431022882461548,0.11844193935394287,0.100279301404953,0.24227967858314514
ele-fashion,43,visual,97763,0.2593061923980713,0.2170596867799759,0.20807848870754242,0.5905587673187256,0.09088127315044403,0.06633546948432922,0.20640571415424347
ele-fashion,44,text,97763,0.2058325558900833,0.19692711532115936,0.13937649130821228,0.49092769622802734,0.11523879319429398,0.08341377973556519,0.2631622552871704
ele-fashion,44,visual,97763,0.12924803793430328,0.15746870636940002,0.05553784221410751,0.3601282238960266,0.10638616979122162,0.07705973088741302,0.23783046007156372
