dataset,seed,variant,expert,alpha_1,alpha_2,alpha_3,alpha_4,row_norm
Movies,42,U0_modality_static,0,0.5639564394950867,0.540927529335022,0.4486890435218811,0.43362268805503845,0.9999999755065617
Movies,42,U0_modality_static,1,0.5182189345359802,0.5204242467880249,-0.4809722900390625,-0.4788251519203186,1.0000000653267107
Movies,42,U0_modality_static,2,0.5228306651115417,-0.47588643431663513,0.5136310458183289,-0.4861721694469452,1.0000000161603786
Movies,42,U0_modality_static,3,0.5368499159812927,-0.46118417382240295,-0.4663679003715515,0.5306621193885803,0.9999999889621612
Movies,42,U1_node_selection,0,0.5561001896858215,0.554820716381073,0.4380636215209961,0.43706607818603516,0.9999999707476124
Movies,42,U1_node_selection,1,0.5300692915916443,0.5404559969902039,-0.4644496440887451,-0.4595872163772583,1.0000000099613509
Movies,42,U1_node_selection,2,0.5535401701927185,-0.44111350178718567,0.5389913320541382,-0.45661863684654236,1.0000000385105123
Movies,42,U1_node_selection,3,0.5540804266929626,-0.4410254657268524,-0.45358899235725403,0.5410624146461487,1.0000000455971152
Movies,42,U2_node_selection_strength,0,0.5553156137466431,0.5400505661964417,0.4522196054458618,0.44211697578430176,1.0000000183730877
Movies,42,U2_node_selection_strength,1,0.5116682052612305,0.5257208347320557,-0.4846750497817993,-0.4763438403606415,1.0000000532385647
Movies,42,U2_node_selection_strength,2,0.5351874828338623,-0.4628608226776123,0.5183943510055542,-0.48021000623703003,1.0000000680982377
Movies,42,U2_node_selection_strength,3,0.5310102701187134,-0.46075141429901123,-0.47858726978302,0.5260138511657715,1.000000059583348
Movies,42,U3_collaborative,0,0.5559273958206177,0.5408174991607666,0.4517214000225067,0.4409183859825134,1.000000041579058
Movies,42,U3_collaborative,1,0.5125337839126587,0.525464653968811,-0.48383110761642456,-0.476553738117218,0.9999999941166102
Movies,42,U3_collaborative,2,0.5350509881973267,-0.46202343702316284,0.5211974382400513,-0.4781295657157898,0.9999999337845948
Movies,42,U3_collaborative,3,0.5313836932182312,-0.4628371596336365,-0.48055967688560486,0.5219917893409729,0.9999999484718822
Movies,43,U0_modality_static,0,0.5544962286949158,0.546769380569458,0.4506383538246155,0.43646562099456787,0.9999999937065631
Movies,43,U0_modality_static,1,0.5200698375701904,0.5229635238647461,-0.478159099817276,-0.4768652319908142,1.0000000287315185
Movies,43,U0_modality_static,2,0.5253400206565857,-0.47151848673820496,0.5172260403633118,-0.48390644788742065,1.0000000238881397
Movies,43,U0_modality_static,3,0.5296287536621094,-0.4692946672439575,-0.479170024394989,0.5192802548408508,0.9999999983777847
Movies,43,U1_node_selection,0,0.5358321666717529,0.5181441307067871,0.4787372648715973,0.46391934156417847,0.9999999876400579
Movies,43,U1_node_selection,1,0.5180104374885559,0.5242316722869873,-0.4794406592845917,-0.47642743587493896,1.0000000535027533
Movies,43,U1_node_selection,2,0.5210652351379395,-0.47681790590286255,0.5171861052513123,-0.4833778738975525,0.9999999655488429
Movies,43,U1_node_selection,3,0.5205376148223877,-0.47486037015914917,-0.48542073369026184,0.5176049470901489,0.999999974770626
Movies,43,U2_node_selection_strength,0,0.540985107421875,0.5445906519889832,0.45599308609962463,0.4503626525402069,1.0000000390298764
Movies,43,U2_node_selection_strength,1,0.5222992300987244,0.5252087712287903,-0.47585952281951904,-0.4742540419101715,0.9999999604317648
Movies,43,U2_node_selection_strength,2,0.5234659314155579,-0.4747227728366852,0.5130956172943115,-0.4871903955936432,0.9999999432239132
Movies,43,U2_node_selection_strength,3,0.5320206880569458,-0.4648302495479584,-0.4790930151939392,0.5209192037582397,1.0000000537335694
Movies,43,U3_collaborative,0,0.5348610877990723,0.5277233123779297,0.47034454345703125,0.46282580494880676,0.9999999964775275
Movies,43,U3_collaborative,1,0.5061131119728088,0.513234555721283,-0.4923632740974426,-0.4878711700439453,1.0000000317686122
Movies,43,U3_collaborative,2,0.5142594575881958,-0.4835582673549652,0.5083761215209961,-0.493216335773468,1.0000000112263892
Movies,43,U3_collaborative,3,0.5188578963279724,-0.47413626313209534,-0.48784130811691284,0.5176796317100525,1.000000027795716
Movies,44,U0_modality_static,0,0.5635462999343872,0.5335723161697388,0.450765997171402,0.44105127453804016,1.0000000298650176
Movies,44,U0_modality_static,1,0.5366173386573792,0.5366473197937012,-0.46080949902534485,-0.46011531352996826,1.0000000050631308
Movies,44,U0_modality_static,2,0.5230409502983093,-0.47443678975105286,0.5178356766700745,-0.48289135098457336,0.9999999740231514
Movies,44,U0_modality_static,3,0.5166963338851929,-0.4825752079486847,-0.4917127192020416,0.5082958936691284,1.0000000232615391
Movies,44,U1_node_selection,0,0.5589417815208435,0.5437332987785339,0.44447940587997437,0.4408811628818512,0.9999999786828744
Movies,44,U1_node_selection,1,0.5140558481216431,0.5271291136741638,-0.4832431674003601,-0.4736637473106384,0.999999910913226
Movies,44,U1_node_selection,2,0.5178560614585876,-0.47941017150878906,0.5057799816131592,-0.49616292119026184,1.0000000235500741
Movies,44,U1_node_selection,3,0.5251697897911072,-0.46810975670814514,-0.4815104007720947,0.5227022171020508,0.999999963124848
Movies,44,U2_node_selection_strength,0,0.5691558718681335,0.5511186122894287,0.43109390139579773,0.4318423867225647,0.9999999650423452
Movies,44,U2_node_selection_strength,1,0.5299109220504761,0.5331175327301025,-0.4686141610145569,-0.46409153938293457,1.0000000389214077
Movies,44,U2_node_selection_strength,2,0.5099188685417175,-0.4894210696220398,0.4913150668144226,-0.5089786648750305,1.000000006030838
Movies,44,U2_node_selection_strength,3,0.539991021156311,-0.457335501909256,-0.4671618938446045,0.5301073789596558,1.000000066261988
Movies,44,U3_collaborative,0,0.5614780783653259,0.5513376593589783,0.4344063401222229,0.4382469058036804,1.0000000329485697
Movies,44,U3_collaborative,1,0.5351081490516663,0.5375195145606995,-0.4620188772678375,-0.45964187383651733,1.0000000274254237
Movies,44,U3_collaborative,2,0.524754524230957,-0.4740986227989197,0.5097571015357971,-0.4899090826511383,1.0000000133354736
Movies,44,U3_collaborative,3,0.5406014323234558,-0.45301586389541626,-0.46661534905433655,0.5336636304855347,1.0000000180235917
Grocery,42,U0_modality_static,0,0.506324052810669,0.5365186929702759,0.4936589300632477,0.4605264663696289,1.000000059909619
Grocery,42,U0_modality_static,1,0.5168148875236511,0.515861451625824,-0.4828695058822632,-0.48334917426109314,1.0000000246047238
Grocery,42,U0_modality_static,2,0.5135815739631653,-0.48631882667541504,0.5119087100028992,-0.4875217080116272,0.9999999887264205
Grocery,42,U0_modality_static,3,0.5123680233955383,-0.48845797777175903,-0.4901861548423767,0.508532702922821,1.0000000818941326
Grocery,42,U1_node_selection,0,0.5112248063087463,0.5390110611915588,0.48960331082344055,0.45651376247406006,0.9999999719848809
Grocery,42,U1_node_selection,1,0.5090741515159607,0.5103559494018555,-0.4902300536632538,-0.489953875541687,0.9999999962522801
Grocery,42,U1_node_selection,2,0.5263422131538391,-0.4722718894481659,0.5237465500831604,-0.47498685121536255,0.9999999102310557
Grocery,42,U1_node_selection,3,0.5062639117240906,-0.49507150053977966,-0.49744153022766113,0.5011515617370605,0.9999999513938082
Grocery,42,U2_node_selection_strength,0,0.49095776677131653,0.5510708093643188,0.49040135741233826,0.46345219016075134,0.9999999948015925
Grocery,42,U2_node_selection_strength,1,0.5067877769470215,0.5096889138221741,-0.49290844798088074,-0.4903310537338257,0.9999999600413872
Grocery,42,U2_node_selection_strength,2,0.5273027420043945,-0.47150954604148865,0.5248288512229919,-0.4734821915626526,1.0000000712683084
Grocery,42,U2_node_selection_strength,3,0.5057593584060669,-0.49467259645462036,-0.4982580840587616,0.5012437105178833,0.999999940981056
Grocery,42,U3_collaborative,0,0.4888117015361786,0.5524340271949768,0.4883977770805359,0.46620526909828186,0.9999999877768823
Grocery,42,U3_collaborative,1,0.5127413272857666,0.5152175426483154,-0.4870472252368927,-0.4841819107532501,0.9999999536354804
Grocery,42,U3_collaborative,2,0.5359475016593933,-0.461448609828949,0.5321308970451355,-0.46546998620033264,1.000000071845704
Grocery,42,U3_collaborative,3,0.5218023657798767,-0.47865769267082214,-0.48211607336997986,0.5159196853637695,0.9999999628169844
Grocery,43,U0_modality_static,0,0.5509690642356873,0.5125759243965149,0.48418569564819336,0.4463890790939331,0.9999999929101726
Grocery,43,U0_modality_static,1,0.5223036408424377,0.5183021426200867,-0.4782460629940033,-0.47941890358924866,0.9999999930849102
Grocery,43,U0_modality_static,2,0.5218878388404846,-0.4778215289115906,0.5180522203445435,-0.4805637001991272,0.9999999513869936
Grocery,43,U0_modality_static,3,0.5208077430725098,-0.48091620206832886,-0.48186659812927246,0.5150567293167114,0.9999999757316061
Grocery,43,U1_node_selection,0,0.5332674384117126,0.5123967528343201,0.4915899336338043,0.45979851484298706,0.9999999651436243
Grocery,43,U1_node_selection,1,0.5051942467689514,0.5056183934211731,-0.49460569024086,-0.4944634735584259,1.0000000511181777
Grocery,43,U1_node_selection,2,0.509813666343689,-0.48895102739334106,0.5052734017372131,-0.4956970810890198,0.9999999441415321
Grocery,43,U1_node_selection,3,0.5196684002876282,-0.4810417890548706,-0.4820413291454315,0.51592618227005,1.0000000588153264
Grocery,43,U2_node_selection_strength,0,0.5058525204658508,0.5270912647247314,0.48780587315559387,0.4778424799442291,0.9999999896675567
Grocery,43,U2_node_selection_strength,1,0.5257241725921631,0.5214884877204895,-0.4746587872505188,-0.4757762551307678,1.000000078866551
Grocery,43,U2_node_selection_strength,2,0.5283132791519165,-0.47089239954948425,0.5183897614479065,-0.4800182580947876,1.0000000228800465
Grocery,43,U2_node_selection_strength,3,0.5341498255729675,-0.4665597081184387,-0.46818867325782776,0.5270724296569824,0.9999999886353169
Grocery,43,U3_collaborative,0,0.5438639521598816,0.522864580154419,0.4760267436504364,0.4519105553627014,0.999999989178843
Grocery,43,U3_collaborative,1,0.5274884104728699,0.520345151424408,-0.47277629375457764,-0.47694826126098633,1.0000000838251353
Grocery,43,U3_collaborative,2,0.5293424725532532,-0.46893075108528137,0.5219123959541321,-0.4769779145717621,0.9999999913010038
Grocery,43,U3_collaborative,3,0.5420271158218384,-0.4610274136066437,-0.4628366529941559,0.5286233425140381,1.0000000379942586
Grocery,44,U0_modality_static,0,0.5185196995735168,0.5117493271827698,0.5084157586097717,0.4590896666049957,0.9999999791520315
Grocery,44,U0_modality_static,1,0.5242517590522766,0.5225098729133606,-0.475065141916275,-0.4758746027946472,1.0000000004051182
Grocery,44,U0_modality_static,2,0.526446521282196,-0.47253939509391785,0.524810791015625,-0.473428338766098,1.0000000889995584
Grocery,44,U0_modality_static,3,0.51887047290802,-0.48345398902893066,-0.48523691296577454,0.511459469795227,0.9999999890557735
Grocery,44,U1_node_selection,0,0.5738344788551331,0.5232210159301758,0.46863478422164917,0.4211118817329407,1.0000000092765386
Grocery,44,U1_node_selection,1,0.4981800615787506,0.4986991882324219,-0.5012831091880798,-0.5018276572227478,1.0000000036046122
Grocery,44,U1_node_selection,2,0.4961189031600952,-0.5033512115478516,0.494427889585495,-0.5060085654258728,1.000000007261891
Grocery,44,U1_node_selection,3,0.4997950494289398,-0.4998101592063904,-0.5018526911735535,0.498536616563797,1.0000000841863015
Grocery,44,U2_node_selection_strength,0,0.5115928649902344,0.5295229554176331,0.496545672416687,0.4596962034702301,1.000000012051912
Grocery,44,U2_node_selection_strength,1,0.5290220975875854,0.5272471308708191,-0.47045260667800903,-0.4699154496192932,1.0000000508342564
Grocery,44,U2_node_selection_strength,2,0.526709794998169,-0.47294628620147705,0.5194114446640015,-0.4786547124385834,0.9999999901831953
Grocery,44,U2_node_selection_strength,3,0.5279244780540466,-0.47267162799835205,-0.47850698232650757,0.5185636878013611,0.9999999764423089
Grocery,44,U3_collaborative,0,0.555946409702301,0.5369027853012085,0.4662508964538574,0.4304288923740387,0.9999999705797205
Grocery,44,U3_collaborative,1,0.5362647771835327,0.5396905541419983,-0.46093690395355225,-0.4568275511264801,1.0000000231861519
Grocery,44,U3_collaborative,2,0.5254781246185303,-0.4725588858127594,0.520038902759552,-0.47970861196517944,0.9999999863950609
Grocery,44,U3_collaborative,3,0.531164824962616,-0.46852320432662964,-0.4743398427963257,0.5228304266929626,1.0000000029050238
ele-fashion,42,U0_modality_static,0,0.46227407455444336,0.5313170552253723,0.4693617522716522,0.5326390862464905,0.9999999919357703
ele-fashion,42,U0_modality_static,1,0.5955279469490051,0.5831106901168823,-0.38524702191352844,-0.396122545003891,0.9999999755397427
ele-fashion,42,U0_modality_static,2,0.5935033559799194,-0.38247308135032654,0.5953084230422974,-0.38350483775138855,0.999999985320433
ele-fashion,42,U0_modality_static,3,0.6010783314704895,-0.3907475173473358,-0.37741923332214355,0.586153507232666,0.9999999972995419
ele-fashion,42,U1_node_selection,0,0.4548684060573578,0.5189715623855591,0.4933825433254242,0.5294685363769531,1.0000000072327433
ele-fashion,42,U1_node_selection,1,0.5655773878097534,0.5778272747993469,-0.4146481454372406,-0.4174981415271759,0.9999999618984657
ele-fashion,42,U1_node_selection,2,0.5638981461524963,-0.42236557602882385,0.568070113658905,-0.42535004019737244,1.0000000548883634
ele-fashion,42,U1_node_selection,3,0.5402534604072571,-0.4211740791797638,-0.4466323256492615,0.5755501985549927,0.9999999359132465
ele-fashion,42,U2_node_selection_strength,0,0.4619993567466736,0.5135838389396667,0.4986744523048401,0.5235571265220642,1.0000000196839591
ele-fashion,42,U2_node_selection_strength,1,0.5592207312583923,0.5605173110961914,-0.42864224314689636,-0.43515318632125854,0.999999975241611
ele-fashion,42,U2_node_selection_strength,2,0.5633343458175659,-0.42269405722618103,0.5670949220657349,-0.42706847190856934,0.9999999907615487
ele-fashion,42,U2_node_selection_strength,3,0.5713320970535278,-0.3896346688270569,-0.40755540132522583,0.5963749289512634,1.0000000006532712
ele-fashion,42,U3_collaborative,0,0.44968947768211365,0.521587073802948,0.4886086583137512,0.5357124209403992,0.99999996041266
ele-fashion,42,U3_collaborative,1,0.5548713803291321,0.5603674650192261,-0.4359227120876312,-0.43367889523506165,0.9999999698232842
ele-fashion,42,U3_collaborative,2,0.5671812295913696,-0.4184829890727997,0.5709279179573059,-0.4209735691547394,0.9999999963870136
ele-fashion,42,U3_collaborative,3,0.5750890374183655,-0.4151807129383087,-0.40913906693458557,0.574023425579071,1.0000000472801884
ele-fashion,43,U0_modality_static,0,0.45477911829948425,0.5355794429779053,0.4644666612148285,0.5390744209289551,0.9999999484308577
ele-fashion,43,U0_modality_static,1,0.5739943385124207,0.5589635968208313,-0.4164430499076843,-0.42972704768180847,0.9999999762704644
ele-fashion,43,U0_modality_static,2,0.5596631169319153,-0.43066686391830444,0.5617555379867554,-0.430968701839447,1.0000000292775701
ele-fashion,43,U0_modality_static,3,0.5677970051765442,-0.4377269744873047,-0.4244774281978607,0.5530105233192444,1.0000000346162776
ele-fashion,43,U1_node_selection,0,0.45945391058921814,0.519939124584198,0.48848840594291687,0.5290979743003845,1.0000000891892609
ele-fashion,43,U1_node_selection,1,0.580053985118866,0.5897003412246704,-0.39369139075279236,-0.40099620819091797,0.9999999941145661
ele-fashion,43,U1_node_selection,2,0.564152717590332,-0.4183822274208069,0.5731209516525269,-0.4221615195274353,0.9999999753894816
ele-fashion,43,U1_node_selection,3,0.547900378704071,-0.4164576828479767,-0.44130411744117737,0.5758635401725769,0.9999999837788999
ele-fashion,43,U2_node_selection_strength,0,0.4719834327697754,0.5097050070762634,0.49720096588134766,0.5198304057121277,1.0000000031119676
ele-fashion,43,U2_node_selection_strength,1,0.589737057685852,0.5792490243911743,-0.3873865008354187,-0.4081820547580719,1.0000000601610606
ele-fashion,43,U2_node_selection_strength,2,0.566344141960144,-0.41781917214393616,0.5721629858016968,-0.42108315229415894,1.000000025605557
ele-fashion,43,U2_node_selection_strength,3,0.5731083154678345,-0.3955658972263336,-0.41134777665138245,0.5881048440933228,0.9999999106544561
ele-fashion,43,U3_collaborative,0,0.4495649039745331,0.524777352809906,0.47970855236053467,0.5407215356826782,0.9999999736333384
ele-fashion,43,U3_collaborative,1,0.5802493095397949,0.5802109241485596,-0.40164533257484436,-0.40662881731987,0.9999999729884236
ele-fashion,43,U3_collaborative,2,0.5650467276573181,-0.42275598645210266,0.5697118639945984,-0.42122191190719604,0.9999999677821431
ele-fashion,43,U3_collaborative,3,0.5854780077934265,-0.40985968708992004,-0.4031301438808441,0.5715911984443665,0.9999999358778299
ele-fashion,44,U0_modality_static,0,0.4591473937034607,0.5381196737289429,0.4634251892566681,0.5337113738059998,0.9999999244831426
ele-fashion,44,U0_modality_static,1,0.5956127643585205,0.5764616131782532,-0.3868599236011505,-0.4040752053260803,0.9999999642914366
ele-fashion,44,U0_modality_static,2,0.5930401086807251,-0.3823489844799042,0.5950422286987305,-0.3847562372684479,0.9999999662442928
ele-fashion,44,U0_modality_static,3,0.6024366617202759,-0.3844849169254303,-0.37393060326576233,0.591115415096283,1.000000056375485
ele-fashion,44,U1_node_selection,0,0.4613099694252014,0.5006776452064514,0.5180980563163757,0.5177733898162842,0.9999999357306028
ele-fashion,44,U1_node_selection,1,0.5419624447822571,0.5675604939460754,-0.44214093685150146,-0.4343538284301758,1.0000000310772736
ele-fashion,44,U1_node_selection,2,0.56797856092453,-0.41823920607566833,0.5690596699714661,-0.4226670563220978,1.0000000138283633
ele-fashion,44,U1_node_selection,3,0.5951442122459412,-0.3692561089992523,-0.375112384557724,0.607243001461029,1.0000000356375447
ele-fashion,44,U2_node_selection_strength,0,0.4713889956474304,0.5039664506912231,0.5089571475982666,0.5145609378814697,1.0000000527623105
ele-fashion,44,U2_node_selection_strength,1,0.5472036004066467,0.5639446377754211,-0.4402449131011963,-0.4344179928302765,0.999999955389906
ele-fashion,44,U2_node_selection_strength,2,0.5680360794067383,-0.41870084404945374,0.569648802280426,-0.42133694887161255,0.9999999833697334
ele-fashion,44,U2_node_selection_strength,3,0.5835636854171753,-0.4035749137401581,-0.40160852670669556,0.5790435075759888,1.0000000391637387
ele-fashion,44,U3_collaborative,0,0.4658993184566498,0.5145406723022461,0.4908491373062134,0.5265479683876038,0.9999999584994916
ele-fashion,44,U3_collaborative,1,0.5448240041732788,0.5523350834846497,-0.44739335775375366,-0.4448954463005066,1.0000000073362525
ele-fashion,44,U3_collaborative,2,0.5544930100440979,-0.437605082988739,0.555166482925415,-0.4391235411167145,1.0000000074860016
ele-fashion,44,U3_collaborative,3,0.560289740562439,-0.4363856017589569,-0.4318358898162842,0.5560221672058105,0.9999999364798582
