comparison,dataset,seed,candidate,baseline,val_acc_delta_pp,val_macro_f1_delta_pp,val_acc_delta_sd_pp,val_acc_positive_pairs,val_macro_f1_delta_sd_pp,val_macro_f1_positive_pairs
a1_minus_a0,Movies,42,a1_static_dual,a0_raw,0.0,-0.18619915310760793,,,,
a1_minus_a0,Movies,43,a1_static_dual,a0_raw,0.0,-0.25870245421936167,,,,
a1_minus_a0,Movies,44,a1_static_dual,a0_raw,0.20995736122131348,-1.2294482850263577,,,,
a1_minus_a0,Movies,ALL,a1_static_dual,a0_raw,0.06998578707377116,-0.5581166307844424,0.09897484925308282,1,0.4756250796992769,0
a1_minus_a0,Grocery,42,a1_static_dual,a0_raw,0.35138726234436035,0.16636126182472122,,,,
a1_minus_a0,Grocery,43,a1_static_dual,a0_raw,0.468522310256958,-0.38764207326407174,,,,
a1_minus_a0,Grocery,44,a1_static_dual,a0_raw,0.6149351596832275,1.2087884949605998,,,,
a1_minus_a0,Grocery,ALL,a1_static_dual,a0_raw,0.47828157742818195,0.3291692278404164,0.1078140560400916,3,0.6618295173930936,2
a1_minus_a0,ele-fashion,42,a1_static_dual,a0_raw,-0.020456314086914062,-2.4575350952593555,,,,
a1_minus_a0,ele-fashion,43,a1_static_dual,a0_raw,0.46026110649108887,2.307900115576622,,,,
a1_minus_a0,ele-fashion,44,a1_static_dual,a0_raw,0.2761542797088623,-0.8627757908243439,,,,
a1_minus_a0,ele-fashion,ALL,a1_static_dual,a0_raw,0.23865302403767905,-0.33747025683569243,0.19803546440722636,2,1.980623237804734,1
a1_minus_a0,ALL,ALL,a1_static_dual,a0_raw,0.2623067961798774,-0.1888058865932395,0.21971945312365293,6,1.2927871282093106,3
a2_minus_a1,Movies,42,a2_conditional_dual,a1_static_dual,0.11997818946838379,0.397158812131182,,,,
a2_minus_a1,Movies,43,a2_conditional_dual,a1_static_dual,0.17996430397033691,1.2607936415842513,,,,
a2_minus_a1,Movies,44,a2_conditional_dual,a1_static_dual,-0.14997124671936035,1.3814509202162872,,,,
a2_minus_a1,Movies,ALL,a2_conditional_dual,a1_static_dual,0.04999041557312012,1.01313445797724,0.1434993223522661,2,0.438337040740968,3
a2_minus_a1,Grocery,42,a2_conditional_dual,a1_static_dual,-0.29282569885253906,-0.20033255601823452,,,,
a2_minus_a1,Grocery,43,a2_conditional_dual,a1_static_dual,0.32210350036621094,1.6053211820906466,,,,
a2_minus_a1,Grocery,44,a2_conditional_dual,a1_static_dual,-0.3221094608306885,0.3231537753014213,,,,
a2_minus_a1,Grocery,ALL,a2_conditional_dual,a1_static_dual,-0.0976105531056722,0.5760474671246111,0.2970233432916761,1,0.7585348904344549,2
a2_minus_a1,ele-fashion,42,a2_conditional_dual,a1_static_dual,0.28638243675231934,0.8432062274761898,,,,
a2_minus_a1,ele-fashion,43,a2_conditional_dual,a1_static_dual,-0.21478533744812012,-0.9043758110848232,,,,
a2_minus_a1,ele-fashion,44,a2_conditional_dual,a1_static_dual,-0.08182525634765625,1.0541916975204346,,,,
a2_minus_a1,ele-fashion,ALL,a2_conditional_dual,a1_static_dual,-0.0034093856811523438,0.3310073713039337,0.21198124296510304,1,0.877784112653059,2
a2_minus_a1,ALL,ALL,a2_conditional_dual,a1_static_dual,-0.017009841071234807,0.6400630988019284,0.23446495893305666,4,0.7695919205555961,7
a2_minus_a0,Movies,42,a2_conditional_dual,a0_raw,0.11997818946838379,0.21095965902357405,,,,
a2_minus_a0,Movies,43,a2_conditional_dual,a0_raw,0.17996430397033691,1.0020911873648897,,,,
a2_minus_a0,Movies,44,a2_conditional_dual,a0_raw,0.059986114501953125,0.1520026351899295,,,,
a2_minus_a0,Movies,ALL,a2_conditional_dual,a0_raw,0.11997620264689128,0.45501782719279776,0.04898089076356509,3,0.38758734819591983,3
a2_minus_a0,Grocery,42,a2_conditional_dual,a0_raw,0.05856156349182129,-0.0339712941935133,,,,
a2_minus_a0,Grocery,43,a2_conditional_dual,a0_raw,0.790625810623169,1.2176791088265748,,,,
a2_minus_a0,Grocery,44,a2_conditional_dual,a0_raw,0.29282569885253906,1.5319422702620211,,,,
a2_minus_a0,Grocery,ALL,a2_conditional_dual,a0_raw,0.38067102432250977,0.9052166949650275,0.30525084371948974,3,0.6763854388801294,2
a2_minus_a0,ele-fashion,42,a2_conditional_dual,a0_raw,0.2659261226654053,-1.6143288677831658,,,,
a2_minus_a0,ele-fashion,43,a2_conditional_dual,a0_raw,0.24547576904296875,1.4035243044917989,,,,
a2_minus_a0,ele-fashion,44,a2_conditional_dual,a0_raw,0.19432902336120605,0.19141590669609077,,,,
a2_minus_a0,ele-fashion,ALL,a2_conditional_dual,a0_raw,0.2352436383565267,-0.006462885531758704,0.030111554050255226,3,1.2399533471499862,2
a2_minus_a0,ALL,ALL,a2_conditional_dual,a0_raw,0.24529695510864258,0.45125721220868886,0.2086595390659091,9,0.9239059403070659,7
