dataset,seed,variant,semantic_path_present,modality,edge_weight_mean,edge_weight_std,edge_weight_p10,edge_weight_p50,edge_weight_p90,semantic_hop1_rms,semantic_hop2_rms,raw_hop1_rms,raw_hop2_rms,semantic_raw_cosine_hop1,semantic_raw_cosine_hop2,semantic_strength,semantic_contribution_rms,semantic_to_physical_contribution_rms,top2_selection_share_json,physical_strength,shared_expert_gradient_nonzero,relation_scorer_gradient_norm,semantic_closed_output_delta_rms,semantic_closed_val_acc,semantic_closed_val_macro_f1,semantic_closed_val_acc_delta,semantic_closed_val_macro_f1_delta
Movies,42,a0_raw,False,,,,,,,,,,,,,,,,,,,,,,,,
Movies,42,a1_static_dual,True,text,0.03667882829904556,0.13527840375900269,4.314607906508172e-07,6.762531847925857e-05,0.03988372161984444,0.09593751281499863,0.053947895765304565,1.0,1.0,0.12498673051595688,0.22965987026691437,0.18098686635494232,0.01601799950003624,0.47123268246650696,"[0.5, 0.0, 0.5, 0.0]",0.2182764708995819,True,0.0006939502782188356,0.008207829669117928,0.5617876648902893,0.48135020310751264,0.0011997818946838379,0.0009863340624061134
Movies,42,a1_static_dual,True,visual,0.03667882829904556,0.13527840375900269,4.314607906508172e-07,6.762531847925857e-05,0.03988372161984444,0.0664454996585846,0.038223762065172195,1.0,1.0,0.1582878679037094,0.28344279527664185,0.18585093319416046,0.009848267771303654,0.010520909912884235,"[0.5, 0.0, 0.0, 0.5]",0.5145993232727051,True,0.0006939502782188356,0.008207829669117928,0.5617876648902893,0.48135020310751264,0.0011997818946838379,0.0009863340624061134
Movies,42,a2_conditional_dual,True,text,0.16718554496765137,0.32853642106056213,8.820193033898249e-05,0.0039147548377513885,0.9377308487892151,0.25764960050582886,0.17131777107715607,1.0,1.0,0.2809910178184509,0.43392452597618103,0.23728327453136444,0.08205807209014893,2.4031364917755127,"[0.24259236454963684, 0.265654981136322, 0.19916626811027527, 0.2925863564014435]",0.21481084823608398,True,0.0005450532771646976,0.03659974783658981,0.5599880218505859,0.48406784013025145,-0.0017996430397033691,-0.0002676170361669006
Movies,42,a2_conditional_dual,True,visual,0.16718554496765137,0.32853642106056213,8.820193033898249e-05,0.0039147548377513885,0.9377308487892151,0.2072167843580246,0.14161475002765656,1.0,1.0,0.3153570294380188,0.47094857692718506,0.3338245451450348,0.06627435982227325,0.07551954686641693,"[0.24781069159507751, 0.24193257093429565, 0.2600167989730835, 0.25023990869522095]",0.48424476385116577,True,0.0005450532771646976,0.03659974783658981,0.5599880218505859,0.48406784013025145,-0.0017996430397033691,-0.0002676170361669006
Movies,43,a0_raw,False,,,,,,,,,,,,,,,,,,,,,,,,
Movies,43,a1_static_dual,True,text,0.022678177803754807,0.09736837446689606,2.1596602550744137e-07,1.532362148282118e-05,0.024188892915844917,0.06714688986539841,0.03845931217074394,1.0,1.0,0.11159692704677582,0.1998623162508011,0.1819041222333908,0.008130529895424843,0.25148898363113403,"[0.0, 0.5, 0.5, 0.0]",0.20650526881217957,True,0.00011414250184316188,0.00409336481243372,0.5548890233039856,0.4680817879423306,-0.0002999305725097656,-0.0005149310185856293
Movies,43,a1_static_dual,True,visual,0.022678177803754807,0.09736837446689606,2.1596602550744137e-07,1.532362148282118e-05,0.024188892915844917,0.04848254472017288,0.02783244103193283,1.0,1.0,0.13445371389389038,0.23946671187877655,0.18634164333343506,0.006226884666830301,0.007174207363277674,"[0.0, 0.0, 0.5, 0.5]",0.49202466011047363,True,0.00011414250184316188,0.00409336481243372,0.5548890233039856,0.4680817879423306,-0.0002999305725097656,-0.0005149310185856293
Movies,43,a2_conditional_dual,True,text,0.15874041616916656,0.24949312210083008,0.0035379482433199883,0.028203776106238365,0.5819603204727173,0.23206935822963715,0.15411895513534546,1.0,1.0,0.3266671299934387,0.5024768710136414,0.14737191796302795,0.025407426059246063,0.9243950843811035,"[0.23581452667713165, 0.28113001585006714, 0.1968570053577423, 0.2861984074115753]",0.20215344429016113,True,0.00023054338817019016,0.01290842890739441,0.5563887357711792,0.4773058322725204,-0.0005998611450195312,-0.003898823104238336
Movies,43,a2_conditional_dual,True,visual,0.15874041616916656,0.24949312210083008,0.0035379482433199883,0.028203776106238365,0.5819603204727173,0.1855095624923706,0.12502402067184448,1.0,1.0,0.3533874452114105,0.5333870649337769,0.20652247965335846,0.03989852964878082,0.04342620074748993,"[0.23917345702648163, 0.23851366341114044, 0.25128957629203796, 0.2710232734680176]",0.4935651123523712,True,0.00023054338817019016,0.01290842890739441,0.5563887357711792,0.4773058322725204,-0.0005998611450195312,-0.003898823104238336
Movies,44,a0_raw,False,,,,,,,,,,,,,,,,,,,,,,,,
Movies,44,a1_static_dual,True,text,0.04050394520163536,0.12208633869886398,1.3072939509584103e-05,0.0005317002069205046,0.09916131943464279,0.08925288915634155,0.05228007957339287,1.0,1.0,0.16238535940647125,0.284824401140213,0.18564191460609436,0.006361374631524086,0.19179928302764893,"[0.0, 0.5, 0.0, 0.5]",0.20675219595432281,True,0.00027452182257547975,0.004441612400114536,0.5662867426872253,0.4878822707372771,-0.0002999305725097656,0.00058508655893319
Movies,44,a1_static_dual,True,visual,0.04050394520163536,0.12208633869886398,1.3072939509584103e-05,0.0005317002069205046,0.09916131943464279,0.06946787238121033,0.041829515248537064,1.0,1.0,0.1971491277217865,0.3350008726119995,0.18798625469207764,0.012335315346717834,0.011691320687532425,"[0.5, 0.0, 0.5, 0.0]",0.556704580783844,True,0.00027452182257547975,0.004441612400114536,0.5662867426872253,0.4878822707372771,-0.0002999305725097656,0.00058508655893319
Movies,44,a2_conditional_dual,True,text,0.12600818276405334,0.23790308833122253,0.000314811390126124,0.0083449836820364,0.5708674788475037,0.186654195189476,0.12214363366365433,1.0,1.0,0.2769492566585541,0.43340182304382324,0.23241165280342102,0.0818059891462326,2.7014896869659424,"[0.23050622642040253, 0.21413147449493408, 0.2440618872642517, 0.3113003671169281]",0.1806546151638031,True,0.00018748872389551252,0.035790763795375824,0.5641871690750122,0.5008890057244364,-0.0008997917175292969,-0.0002226876560703639
Movies,44,a2_conditional_dual,True,visual,0.12600818276405334,0.23790308833122253,0.000314811390126124,0.0083449836820364,0.5708674788475037,0.16827720403671265,0.11330819129943848,1.0,1.0,0.31171631813049316,0.47180479764938354,0.5163644552230835,0.060332681983709335,0.05842428654432297,"[0.18549063801765442, 0.24361203610897064, 0.24040307104587555, 0.330494225025177]",0.5583884716033936,True,0.00018748872389551252,0.035790763795375824,0.5641871690750122,0.5008890057244364,-0.0008997917175292969,-0.0002226876560703639
Grocery,42,a0_raw,False,,,,,,,,,,,,,,,,,,,,,,,,
Grocery,42,a1_static_dual,True,text,0.45866286754608154,0.3559465706348419,0.07356332987546921,0.3267780840396881,0.9846596717834473,0.46169722080230713,0.3732873499393463,1.0,1.0,0.5491024255752563,0.6963255405426025,0.021898405626416206,0.004122624639421701,0.007023222744464874,"[0.0, 0.5, 0.0, 0.5]",0.3689020276069641,True,0.00011139200069010258,0.061016589403152466,0.8322108387947083,0.7684626617226458,-0.004099547863006592,-0.007286831845398245
Grocery,42,a1_static_dual,True,visual,0.45866286754608154,0.3559465706348419,0.07356332987546921,0.3267780840396881,0.9846596717834473,0.45005178451538086,0.3714928925037384,0.9999999403953552,1.0,0.5032173991203308,0.6257851123809814,0.8433237671852112,0.21450358629226685,0.14897918701171875,"[0.5, 0.0, 0.0, 0.5]",0.7510955333709717,True,0.00011139200069010258,0.061016589403152466,0.8322108387947083,0.7684626617226458,-0.004099547863006592,-0.007286831845398245
Grocery,42,a2_conditional_dual,True,text,0.7512864470481873,0.1729660928249359,0.4934901297092438,0.7828435897827148,0.9546985626220703,0.6111315488815308,0.5081367492675781,0.9999999403953552,1.0,0.6515761017799377,0.7993869185447693,0.023809581995010376,0.02476601116359234,0.039378054440021515,"[0.2264554351568222, 0.2003338485956192, 0.24434813857078552, 0.32886260747909546]",0.38640499114990234,True,3.9617509173695e-05,0.087250255048275,0.8301610350608826,0.7663280124053162,-0.0032210946083068848,-0.00741815560254544
Grocery,42,a2_conditional_dual,True,visual,0.7512864470481873,0.1729660928249359,0.4934901297092438,0.7828435897827148,0.9546985626220703,0.6277258396148682,0.5408720374107361,1.0,1.0,0.5843396782875061,0.6953904032707214,0.9805569648742676,0.3934938311576843,0.2738852798938751,"[0.21936863660812378, 0.20496076345443726, 0.11684432625770569, 0.45882630348205566]",0.7489270567893982,True,3.9617509173695e-05,0.087250255048275,0.8301610350608826,0.7663280124053162,-0.0032210946083068848,-0.00741815560254544
Grocery,43,a0_raw,False,,,,,,,,,,,,,,,,,,,,,,,,
Grocery,43,a1_static_dual,True,text,0.4583088755607605,0.2562691867351532,0.15411892533302307,0.40552839636802673,0.856032133102417,0.4384992718696594,0.36442577838897705,1.0,0.9999999403953552,0.5645668506622314,0.6976158618927002,0.03825034201145172,0.018438538536429405,0.02557133324444294,"[0.5, 0.0, 0.5, 0.0]",0.41532596945762634,True,3.657518027466722e-05,0.048679206520318985,0.8357247710227966,0.7532777940231975,-0.0029282569885253906,-0.0028510138195237955
Grocery,43,a1_static_dual,True,visual,0.4583088755607605,0.2562691867351532,0.15411892533302307,0.40552839636802673,0.856032133102417,0.4259215295314789,0.3585663139820099,1.0,1.0,0.5158731341362,0.6290614008903503,0.5402678847312927,0.22933460772037506,0.18931208550930023,"[0.0, 0.5, 0.5, 0.0]",0.6354836225509644,True,3.657518027466722e-05,0.048679206520318985,0.8357247710227966,0.7532777940231975,-0.0029282569885253906,-0.0028510138195237955
Grocery,43,a2_conditional_dual,True,text,0.6997981667518616,0.2012069970369339,0.4203370213508606,0.715395450592041,0.9563506245613098,0.600734293460846,0.5070463418960571,1.0,1.0,0.6322126388549805,0.7692481875419617,0.004962367936968803,0.003654312575235963,0.005693876650184393,"[0.25055640935897827, 0.2404533177614212, 0.23166804015636444, 0.27732226252555847]",0.39900803565979004,True,5.0419715989846736e-05,0.11114703118801117,0.8368960618972778,0.76603050198517,-0.004978001117706299,-0.006151517678457785
Grocery,43,a2_conditional_dual,True,visual,0.6997981667518616,0.2012069970369339,0.4203370213508606,0.715395450592041,0.9563506245613098,0.5872067809104919,0.5044642686843872,1.0,0.9999999403953552,0.576214611530304,0.6887773871421814,0.9454640746116638,0.4333050549030304,0.34986597299575806,"[0.2671605944633484, 0.2805728018283844, 0.11289094388484955, 0.33937567472457886]",0.6548271775245667,True,5.0419715989846736e-05,0.11114703118801117,0.8368960618972778,0.76603050198517,-0.004978001117706299,-0.006151517678457785
Grocery,44,a0_raw,False,,,,,,,,,,,,,,,,,,,,,,,,
Grocery,44,a1_static_dual,True,text,0.30242183804512024,0.3535315990447998,0.002313795732334256,0.10779271274805069,0.9322981834411621,0.3316490352153778,0.2428605705499649,1.0,1.0,0.4803066849708557,0.6625328660011292,0.048126522451639175,0.0067284246906638145,0.02071826532483101,"[0.0, 0.5, 0.0, 0.5]",0.3223787546157837,True,2.3381646315101534e-05,0.05496674403548241,0.8286969065666199,0.7480114446960371,-0.003806769847869873,-0.004454865500407967
Grocery,44,a1_static_dual,True,visual,0.30242183804512024,0.3535315990447998,0.002313795732334256,0.10779271274805069,0.9322981834411621,0.3308934271335602,0.2555844187736511,1.0,1.0,0.4600115120410919,0.6121390461921692,0.9650846719741821,0.19921602308750153,0.12799498438835144,"[0.5, 0.0, 0.0, 0.5]",0.8121767044067383,True,2.3381646315101534e-05,0.05496674403548241,0.8286969065666199,0.7480114446960371,-0.003806769847869873,-0.004454865500407967
Grocery,44,a2_conditional_dual,True,text,0.5700156092643738,0.35676759481430054,0.03986965864896774,0.6502890586853027,0.9817230701446533,0.48336443305015564,0.37248846888542175,1.0,1.0,0.5880615711212158,0.7676740884780884,0.028095126152038574,0.013679238967597485,0.21554963290691376,"[0.218519389629364, 0.24376244843006134, 0.19573621451854706, 0.34198197722435]",0.21937964856624603,True,0.0001120909582823515,0.07289828360080719,0.826647162437439,0.7510513031502337,-0.0026354193687438965,-0.004646544799225549
Grocery,44,a2_conditional_dual,True,visual,0.5700156092643738,0.35676759481430054,0.03986965864896774,0.6502890586853027,0.9817230701446533,0.5098252892494202,0.42248645424842834,1.0,1.0,0.562591016292572,0.6961536407470703,0.9906290173530579,0.3958386182785034,0.24298731982707977,"[0.25963452458381653, 0.24197611212730408, 0.13874897360801697, 0.3596403896808624]",0.8473420143127441,True,0.0001120909582823515,0.07289828360080719,0.826647162437439,0.7510513031502337,-0.0026354193687438965,-0.004646544799225549
ele-fashion,42,a0_raw,False,,,,,,,,,,,,,,,,,,,,,,,,
ele-fashion,42,a1_static_dual,True,text,0.7016564607620239,0.4060148298740387,0.032764729112386703,0.9994310736656189,1.0,0.6668471693992615,0.5557702779769897,0.999984622001648,1.0,0.43334704637527466,0.5391380190849304,0.45942744612693787,0.2404268980026245,0.5886358022689819,"[0.5, 0.0, 0.0, 0.5]",0.383659303188324,False,0.00037719152169302106,0.0575171634554863,0.8702055811882019,0.7339048117638846,-0.0036821365356445312,-0.0022481117989173738
ele-fashion,42,a1_static_dual,True,visual,0.7016564607620239,0.4060148298740387,0.032764729112386703,0.9994310736656189,1.0,0.6956977248191833,0.6018852591514587,0.999984622001648,1.0,0.4178220331668854,0.5088241696357727,0.2640267312526703,0.09101298451423645,4.672110080718994,"[0.0, 0.5, 0.0, 0.5]",0.12719836831092834,False,0.00037719152169302106,0.0575171634554863,0.8702055811882019,0.7339048117638846,-0.0036821365356445312,-0.0022481117989173738
ele-fashion,42,a2_conditional_dual,True,text,0.8749802708625793,0.26186519861221313,0.39101096987724304,0.9999611377716064,1.0,0.726952850818634,0.5983284711837769,0.999984622001648,1.0,0.4853973090648651,0.6097283959388733,0.7661963105201721,0.5482804179191589,2.3507349491119385,"[0.2504347264766693, 0.2393828183412552, 0.23471349477767944, 0.27546897530555725]",0.2238839864730835,True,0.0002419435331830755,0.1491575837135315,0.8558862805366516,0.7306121126078828,-0.020865261554718018,-0.013972873229680993
ele-fashion,42,a2_conditional_dual,True,visual,0.8749802708625793,0.26186519861221313,0.39101096987724304,0.9999611377716064,1.0,0.7715069651603699,0.6703921556472778,0.999984622001648,1.0,0.44764408469200134,0.5407964587211609,0.3094395697116852,0.23858900368213654,5.2482686042785645,"[0.22633635997772217, 0.25740543007850647, 0.266677588224411, 0.24958063662052155]",0.09206199645996094,True,0.0002419435331830755,0.1491575837135315,0.8558862805366516,0.7306121126078828,-0.020865261554718018,-0.013972873229680993
ele-fashion,43,a0_raw,False,,,,,,,,,,,,,,,,,,,,,,,,
ele-fashion,43,a1_static_dual,True,text,0.8872012495994568,0.2814456820487976,0.37509411573410034,0.9999862909317017,1.0,0.7597395181655884,0.6347358226776123,0.999984622001648,1.0,0.5062124133110046,0.6276541948318481,0.45606786012649536,0.3733588755130768,4.8676886558532715,"[0.5, 0.0, 0.5, 0.0]",0.3500214219093323,True,0.00020397276966832578,0.10184796899557114,0.8670348525047302,0.7422973968248582,-0.009921252727508545,-0.007798273325097638
ele-fashion,43,a1_static_dual,True,visual,0.8872012495994568,0.2814456820487976,0.37509411573410034,0.9999862909317017,1.0,0.7747172713279724,0.6650367975234985,0.999984622001648,1.0,0.4762471616268158,0.5805593729019165,0.20694486796855927,0.16944676637649536,2.125920057296753,"[0.5, 0.0, 0.5, 0.0]",0.07909701764583588,True,0.00020397276966832578,0.10184796899557114,0.8670348525047302,0.7422973968248582,-0.009921252727508545,-0.007798273325097638
ele-fashion,43,a2_conditional_dual,True,text,0.9172519445419312,0.2435683310031891,0.7560224533081055,0.9999997615814209,1.0,0.769241452217102,0.6421715021133423,0.999984622001648,1.0,0.5102541446685791,0.6331573128700256,0.6953615546226501,0.5686014294624329,6.947116851806641,"[0.27251294255256653, 0.25192296504974365, 0.29240739345550537, 0.18315672874450684]",0.08015920221805573,True,0.00028460670728236437,0.20057889819145203,0.849851667881012,0.7336242426364936,-0.024956583976745605,-0.007427669402613968
ele-fashion,43,a2_conditional_dual,True,visual,0.9172519445419312,0.2435683310031891,0.7560224533081055,0.9999997615814209,1.0,0.7938315868377686,0.6870529651641846,0.999984622001648,1.0,0.4667510688304901,0.5648952126502991,0.23309148848056793,0.17824576795101166,3.7900846004486084,"[0.24868051707744598, 0.2477906495332718, 0.2609393894672394, 0.24258944392204285]",0.04570078104734421,True,0.00028460670728236437,0.20057889819145203,0.849851667881012,0.7336242426364936,-0.024956583976745605,-0.007427669402613968
ele-fashion,44,a0_raw,False,,,,,,,,,,,,,,,,,,,,,,,,
ele-fashion,44,a1_static_dual,True,text,0.7971692681312561,0.3495643734931946,0.07510452717542648,0.9999362230300903,1.0,0.6810144186019897,0.5564067959785461,0.999984622001648,1.0,0.479534387588501,0.6066001057624817,0.5654775500297546,0.41143035888671875,6.586808681488037,"[0.5, 0.0, 0.5, 0.0]",0.1253976970911026,True,0.0012190539855509996,0.1286018341779709,0.8650915622711182,0.7369013797820454,-0.012069106101989746,-0.00587454554703537
ele-fashion,44,a1_static_dual,True,visual,0.7971692681312561,0.3495643734931946,0.07510452717542648,0.9999362230300903,1.0,0.6964259743690491,0.5893908143043518,0.999984622001648,1.0,0.44053855538368225,0.544966459274292,0.23277577757835388,0.12295873463153839,4.02701473236084,"[0.0, 0.0, 0.5, 0.5]",0.06028398126363754,True,0.0012190539855509996,0.1286018341779709,0.8650915622711182,0.7369013797820454,-0.012069106101989746,-0.00587454554703537
ele-fashion,44,a2_conditional_dual,True,text,0.9998003840446472,0.0006782067357562482,0.9995162487030029,0.9999825954437256,0.9999994039535522,0.8108950853347778,0.6797311305999756,0.999984622001648,1.0,0.5229337215423584,0.6463579535484314,0.7006739974021912,0.545756459236145,8.014019966125488,"[0.20660045742988586, 0.2744307816028595, 0.27908986806869507, 0.23987889289855957]",0.14544253051280975,True,0.001395926927216351,0.1950797587633133,0.8495448231697083,0.7260834901976391,-0.026797592639923096,-0.027234352106646043
ele-fashion,44,a2_conditional_dual,True,visual,0.9998003840446472,0.0006782067357562482,0.9995162487030029,0.9999825954437256,0.9999994039535522,0.8309234380722046,0.7177565693855286,0.999984622001648,1.0,0.46842899918556213,0.5669052004814148,0.6559127569198608,0.4328765869140625,12.657733917236328,"[0.2294611632823944, 0.2420831322669983, 0.251851350069046, 0.2766043543815613]",0.07160209119319916,True,0.001395926927216351,0.1950797587633133,0.8495448231697083,0.7260834901976391,-0.026797592639923096,-0.027234352106646043
