contrast,dataset,metric,mean_delta,population_sd,n_pairs,positive_count,negative_count,tie_count,favorable_count
residual_generic-Smooth,Grocery,accuracy,-0.6734987099965414,0.104219997996669,3,0,3,0,0
residual_generic-Smooth,Grocery,ce,0.010739525159200033,0.01646180630686976,3,2,1,0,1
residual_generic-Smooth,Grocery,macro_f1,-1.2509278034556186,0.22443684448295342,3,0,3,0,0
residual_generic-Smooth,Movies,accuracy,-0.5098998546600342,0.1272539797322076,3,0,3,0,0
residual_generic-Smooth,Movies,ce,-0.03946971893310547,0.048292089136346035,3,1,2,0,2
residual_generic-Smooth,Movies,macro_f1,-3.6603214955696313,1.5469139471644378,3,0,3,0,0
residual_generic-Smooth,ele-fashion,accuracy,0.030684471130371094,0.18804237931620482,3,2,1,0,2
residual_generic-Smooth,ele-fashion,ce,0.027733882268269856,0.010269510026047327,3,3,0,0,0
residual_generic-Smooth,ele-fashion,macro_f1,0.5529063315392491,0.6401811113223246,3,2,1,0,2
residual_protected-Smooth,Grocery,accuracy,-0.5466083685557047,0.09662927679944423,3,0,3,0,0
residual_protected-Smooth,Grocery,ce,0.03169397513071696,0.013022846646671594,3,3,0,0,0
residual_protected-Smooth,Grocery,macro_f1,-1.3244763064762595,0.4024656306826015,3,0,3,0,0
residual_protected-Smooth,Movies,accuracy,-0.9698073069254557,0.12080529186985389,3,0,3,0,0
residual_protected-Smooth,Movies,ce,-0.01862935225168864,0.06469572533511496,3,2,1,0,1
residual_protected-Smooth,Movies,macro_f1,-4.477042970896043,2.098484313516384,3,0,3,0,0
residual_protected-Smooth,ele-fashion,accuracy,-0.16024112701416016,0.1712177059857397,3,1,2,0,1
residual_protected-Smooth,ele-fashion,ce,0.007398784160614014,0.002688191593461416,3,3,0,0,0
residual_protected-Smooth,ele-fashion,macro_f1,-0.809820858910304,0.6915753408282722,3,1,2,0,1
residual_protected-residual_generic,Grocery,accuracy,0.12689034144083658,0.027608995564536318,3,3,0,0,3
residual_protected-residual_generic,Grocery,ce,0.020954449971516926,0.016881292658431312,3,2,1,0,1
residual_protected-residual_generic,Grocery,macro_f1,-0.07354850302064102,0.33333760915686617,3,1,2,0,1
residual_protected-residual_generic,Movies,accuracy,-0.45990745226542157,0.014137458094919148,3,0,3,0,0
residual_protected-residual_generic,Movies,ce,0.02084036668141683,0.018089259718215782,3,3,0,0,0
residual_protected-residual_generic,Movies,macro_f1,-0.8167214753264114,2.141660138270414,3,2,1,0,2
residual_protected-residual_generic,ele-fashion,accuracy,-0.19092559814453125,0.019286397878585108,3,0,3,0,0
residual_protected-residual_generic,ele-fashion,ce,-0.020335098107655842,0.01016771237919092,3,0,3,0,3
residual_protected-residual_generic,ele-fashion,macro_f1,-1.362727190449553,0.8730697454331023,3,0,3,0,0
residual_generic-Smooth,ALL_POOLED_DESCRIPTIVE,accuracy,-0.38423803117540145,0.33368579875497834,9,2,7,0,2
residual_generic-Smooth,ALL_POOLED_DESCRIPTIVE,ce,-0.0003321038352118598,0.04143514304031613,9,6,3,0,3
residual_generic-Smooth,ALL_POOLED_DESCRIPTIVE,macro_f1,-1.4527809891620003,1.9824150201895367,9,2,7,0,2
residual_protected-Smooth,ALL_POOLED_DESCRIPTIVE,accuracy,-0.5588856008317735,0.35645076050706187,9,1,8,0,1
residual_protected-Smooth,ALL_POOLED_DESCRIPTIVE,ce,0.006821135679880778,0.043316959502146674,9,8,1,0,1
residual_protected-Smooth,ALL_POOLED_DESCRIPTIVE,macro_f1,-2.2037800454275356,2.075886401621881,9,1,8,0,1
residual_protected-residual_generic,ALL_POOLED_DESCRIPTIVE,accuracy,-0.17464756965637207,0.24076086072218175,9,3,6,0,3
residual_protected-residual_generic,ALL_POOLED_DESCRIPTIVE,ce,0.007153239515092637,0.024826070298448213,9,5,4,0,4
residual_protected-residual_generic,ALL_POOLED_DESCRIPTIVE,macro_f1,-0.7509990562655351,1.4488550523932997,9,3,6,0,3
