dataset,intervention,n,val_accuracy_mean,val_accuracy_population_sd,val_macro_f1_mean,val_macro_f1_population_sd,val_ce_mean,val_ce_population_sd,delta_val_accuracy_vs_normal_mean,delta_val_accuracy_vs_normal_population_sd,delta_val_macro_f1_vs_normal_mean,delta_val_macro_f1_vs_normal_population_sd,delta_val_ce_vs_normal_mean,delta_val_ce_vs_normal_population_sd
Movies,normal,3,0.5524894992510477,0.0007347011945384123,0.49107406019139554,0.004554199206884815,1.4078435289504598,0.026907963793599495,,,,,,
Movies,adapter_off,3,0.5435912807782491,0.0031106341053970302,0.4767627734047305,0.007914825215674642,1.4393082321035793,0.020283916918335605,-0.008898218472798666,0.0031962075934820647,-0.014311286786665064,0.004417904618286188,0.031464703153119444,0.010579949028195576
Movies,coeff_global_mean,3,0.5504899024963379,0.0005098112227041171,0.4900243092520749,0.004196668650176896,1.4069664094524845,0.02455437916300917,-0.0019995967547098794,0.0009897625417794535,-0.0010497509393206188,0.0005797388390010132,-0.0008771194979754574,0.0024111795265153485
Movies,coeff_node_shuffle,15,0.5499500115712483,0.002068987301201817,0.48759042453906676,0.0037321158193093,1.408515250074985,0.025652727051888518,-0.0025394876797993978,0.0017790947290680433,-0.003483635652328809,0.002620165862632187,0.0006717211245251005,0.0016851414250151613
Grocery,normal,3,0.8218643069267273,0.0006017015468750293,0.7607876527740235,0.0017957104824804474,0.7118591100079307,0.008606980935601841,,,,,,
Grocery,adapter_off,3,0.8160078128178915,0.0019472803995863785,0.7528811553192739,0.0017260043746321666,0.7367575932619571,0.015216221954373292,-0.005856494108835856,0.0018977035113902612,-0.007906497454749509,0.0024909521874717754,0.024898483254026365,0.010649793249273157
Grocery,coeff_global_mean,3,0.8208882411321005,0.001359531151629898,0.7615433476783793,0.0028111240979317833,0.7112723861106027,0.007483955786602829,-0.0009760657946268717,0.0009662666769569134,0.00075569490435586,0.0019007952620832941,-0.0005867238973280194,0.0012363801769011058
Grocery,coeff_node_shuffle,15,0.820244026184082,0.000996563256292677,0.7601442082296324,0.0024594962472305796,0.712144248146962,0.008017514460584633,-0.0016202807426452636,0.0009313298491384596,-0.0006434445443910622,0.0014491787346769065,0.0002851381390312158,0.0011308937089993083
ele-fashion,normal,3,0.8737172484397888,0.000556053976901272,0.743037543889519,0.0032388034179588205,0.4101249718494564,0.0026798837057824807,,,,,,
ele-fashion,adapter_off,3,0.859091063340505,0.006626619741261183,0.7120694228490388,0.007876712676827602,0.44427315021795943,0.01905359197792696,-0.014626185099283854,0.006755692061759805,-0.030968121040480117,0.010290409517352743,0.034148178368503035,0.01638445237099512
ele-fashion,coeff_global_mean,3,0.8700351119041443,0.001466432229503507,0.7340287601675219,0.0014687145982511687,0.41344378734316933,0.0032187989849862173,-0.0036821365356445312,0.0014845516067323902,-0.009008783721997019,0.0037851662605404355,0.0033188154937129157,0.0008334098221387596
ele-fashion,coeff_node_shuffle,15,0.8652892748514811,0.005318531871918751,0.7306993474469796,0.003888355566639784,0.42697650609902915,0.013689393435557194,-0.008427973588307698,0.0051356504061026275,-0.012338196442539402,0.004673692896436163,0.016851534249572756,0.011312569115192206
