dataset,seed,operator,edge_count,text_visual_sign_disagreement,text_positive_fraction,visual_positive_fraction,r_any_text,r_any_visual,summary_level,text_visual_sign_disagreement_mean,text_visual_sign_disagreement_seed_std,r_any_text_mean,r_any_visual_mean
Grocery,42.0,smooth,27524.0,0.21028920215085017,0.7912367388460979,0.7700915564598169,0.7177166724678037,0.6499683944374209,seed,,,,
Grocery,42.0,absdiff,27524.0,0.6774814707164656,0.5732451678535097,0.5411640749891005,0.7177166724678037,0.6499683944374209,seed,,,,
Grocery,42.0,product,27524.0,0.23266967010608924,0.8048248801046359,0.7735067577387008,0.7177166724678037,0.6499683944374209,seed,,,,
Grocery,43.0,smooth,28356.0,0.22228099873042742,0.7958456764000564,0.7601918465227818,0.7310416306788737,0.7255882352941176,seed,,,,
Grocery,43.0,absdiff,28356.0,0.6654676258992805,0.5292354351812667,0.508781210325857,0.7310416306788737,0.7255882352941176,seed,,,,
Grocery,43.0,product,28356.0,0.22510227112427705,0.8155593172520806,0.7900620679926647,0.7310416306788737,0.7255882352941176,seed,,,,
Grocery,44.0,smooth,27398.0,0.2068399153222863,0.793780567924666,0.77060369370027,0.6638938053097345,0.6631662688941925,seed,,,,
Grocery,44.0,absdiff,27398.0,0.7253814147018031,0.5481422001605957,0.48419592670997885,0.6638938053097345,0.6631662688941925,seed,,,,
Grocery,44.0,product,27398.0,0.24841229286809255,0.7911891378932768,0.7585590189064896,0.6638938053097345,0.6631662688941925,seed,,,,
Movies,42.0,smooth,31601.0,0.46115629252238854,0.552735672921743,0.6335875446979526,0.7612848450544786,0.7407375421020813,seed,,,,
Movies,42.0,absdiff,31601.0,0.6341571469257302,0.3960317711464827,0.6084934021075282,0.7612848450544786,0.7407375421020813,seed,,,,
Movies,42.0,product,31601.0,0.4303028385177684,0.6181133508433277,0.6241258188032024,0.7612848450544786,0.7407375421020813,seed,,,,
Movies,43.0,smooth,31265.0,0.39014872861026706,0.664385095154326,0.6571565648488725,0.6995139616887449,0.7705009795689897,seed,,,,
Movies,43.0,absdiff,31265.0,0.69154006077083,0.3843914920837998,0.6103630257476411,0.6995139616887449,0.7705009795689897,seed,,,,
Movies,43.0,product,31265.0,0.43492723492723495,0.6174316328162482,0.6402047017431632,0.6995139616887449,0.7705009795689897,seed,,,,
Movies,44.0,smooth,33039.0,0.4147219952177729,0.5850358667029874,0.6426041950422229,0.7555069292487235,0.7769308943089431,seed,,,,
Movies,44.0,absdiff,33039.0,0.6536820121674385,0.4150852023366325,0.6050727927600714,0.7555069292487235,0.7769308943089431,seed,,,,
Movies,44.0,product,33039.0,0.4597899452162596,0.6297708768425194,0.6182390508187294,0.7555069292487235,0.7769308943089431,seed,,,,
ele-fashion,42.0,smooth,40181.0,0.7420173713944401,0.8142903362285657,0.23175132525322914,0.7057089252211204,0.8231559169393242,seed,,,,
ele-fashion,42.0,absdiff,40181.0,0.4678081680396207,0.37811403399616733,0.5213409322814265,0.7057089252211204,0.8231559169393242,seed,,,,
ele-fashion,42.0,product,40181.0,0.3388915158905951,0.7714591473582041,0.6488887782782907,0.7057089252211204,0.8231559169393242,seed,,,,
ele-fashion,43.0,smooth,40181.0,0.6554839351932505,0.8026181528583162,0.30850401931261046,0.7287857773294667,0.7573510887169336,seed,,,,
ele-fashion,43.0,absdiff,40181.0,0.4707448794206217,0.3920509693636296,0.4548418406709639,0.7287857773294667,0.7573510887169336,seed,,,,
ele-fashion,43.0,product,40181.0,0.36562056693462086,0.7770588088897737,0.6312933973768696,0.7287857773294667,0.7573510887169336,seed,,,,
ele-fashion,44.0,smooth,40181.0,0.6576242502675393,0.8113287374629801,0.3189567208382071,0.7179791584223717,0.7468664352274803,seed,,,,
ele-fashion,44.0,absdiff,40181.0,0.4129563724148229,0.37184241308080934,0.36783554416266395,0.7179791584223717,0.7468664352274803,seed,,,,
ele-fashion,44.0,product,40181.0,0.31124163161693336,0.794032005176576,0.6677534157935343,0.7179791584223717,0.7468664352274803,seed,,,,
Grocery,,absdiff,,,,,,,dataset_3seed_mean,0.6894435037725164,0.03169752669048262,0.7042173694854706,0.6795742995419104
Grocery,,product,,,,,,,dataset_3seed_mean,0.2353947446994863,0.011891543300975329,0.7042173694854706,0.6795742995419104
Grocery,,smooth,,,,,,,dataset_3seed_mean,0.21313670540118798,0.008104811550850893,0.7042173694854706,0.6795742995419104
Movies,,absdiff,,,,,,,dataset_3seed_mean,0.6597930732879996,0.02917547773992671,0.7387685786639824,0.7627231386600046
Movies,,product,,,,,,,dataset_3seed_mean,0.4416733395537544,0.015858903211950395,0.7387685786639824,0.7627231386600046
Movies,,smooth,,,,,,,dataset_3seed_mean,0.42200900545014286,0.03606028177619391,0.7387685786639824,0.7627231386600046
ele-fashion,,absdiff,,,,,,,dataset_3seed_mean,0.45050313995835517,0.03254959113660042,0.7174912869909863,0.7757911469612461
ele-fashion,,product,,,,,,,dataset_3seed_mean,0.33858457148071647,0.027190767049209495,0.7174912869909863,0.7757911469612461
ele-fashion,,smooth,,,,,,,dataset_3seed_mean,0.6850418522850766,0.049353850614621615,0.7174912869909863,0.7757911469612461
