dataset,seed,variant,modality,direct_strength_raw,effective_strength,node_strength_std,prior_rms,unscaled_expert_mixture_rms,scaled_correction_rms,scaled_correction_to_prior_rms_ratio,legacy_strength_head_frozen
Movies,42,D0_static,text,-1.1764384508132935,0.23569315671920776,0.0,0.9963615536689758,0.25684884190559387,0.060537517070770264,0.06075858391750313,True
Movies,42,D0_static,visual,-1.1032110452651978,0.2491387128829956,0.0,0.9945650100708008,1.9125192165374756,0.4764825701713562,0.4790863999301931,True
Movies,42,D1_free_node,text,-1.1652882099151611,0.2377077043056488,0.0,0.9965295791625977,0.5828174948692322,0.13854020833969116,0.13902267552972092,True
Movies,42,D1_free_node,visual,-1.1018767356872559,0.2493884116411209,0.0,0.9941611886024475,1.8452590703964233,0.460186243057251,0.46288896441849897,True
Movies,42,D2_struct_free,text,-1.1691890954971313,0.23700156807899475,0.0,0.9960020780563354,0.48433104157447815,0.11478721350431442,0.115247965876053,True
Movies,42,D2_struct_free,visual,-1.101209282875061,0.2495133876800537,0.0,0.9941575527191162,1.8820923566818237,0.46960723400115967,0.4723670133740259,True
Movies,42,D3_struct_residual,text,-1.173238754272461,0.23627007007598877,0.0,0.9959635734558105,0.33297213912010193,0.07867135107517242,0.07899018917147471,True
Movies,42,D3_struct_residual,visual,-1.0957391262054443,0.250539094209671,0.0,0.9937089085578918,1.9132832288742065,0.47935226559638977,0.4823870063639099,True
Movies,43,D0_static,text,-1.1633963584899902,0.23805071413516998,0.0,0.9960201382637024,1.0347591638565063,0.24632516503334045,0.24730942234033862,True
Movies,43,D0_static,visual,-1.1078706979751587,0.24826805293560028,0.0,0.9959378242492676,1.8846185207366943,0.46789059042930603,0.4697989965206908,True
Movies,43,D1_free_node,text,-1.1678459644317627,0.23724453151226044,0.0,0.996741533279419,0.46354788541793823,0.109974205493927,0.11033372426259443,True
Movies,43,D1_free_node,visual,-1.1132220029830933,0.24727070331573486,0.0,0.9964856505393982,1.8289399147033691,0.45224323868751526,0.4538381846670002,True
Movies,43,D2_struct_free,text,-1.1623449325561523,0.23824147880077362,0.0,0.9952057600021362,0.5957308411598206,0.1419278085231781,0.14261152238796673,True
Movies,43,D2_struct_free,visual,-1.1035740375518799,0.24907083809375763,0.0,0.9954209923744202,1.652266502380371,0.4115314185619354,0.4134244924655366,True
Movies,43,D3_struct_residual,text,-1.16525137424469,0.23771439492702484,0.0,0.9953393340110779,0.8103168606758118,0.19262397289276123,0.19352593262492063,True
Movies,43,D3_struct_residual,visual,-1.1007932424545288,0.24959130585193634,0.0,0.9949797987937927,1.8704230785369873,0.46684134006500244,0.46919680241845213,True
Movies,44,D0_static,text,-1.1674292087554932,0.2373199760913849,0.0,0.9958188533782959,0.3294789791107178,0.07819194346666336,0.07852024813689631,True
Movies,44,D0_static,visual,-1.0841974020004272,0.25271251797676086,0.0,0.9936418533325195,1.7898404598236084,0.452315092086792,0.45520938008981593,True
Movies,44,D1_free_node,text,-1.1701050996780396,0.2368360012769699,0.0,0.9945530891418457,0.5433400273323059,0.128682479262352,0.1293872400249505,True
Movies,44,D1_free_node,visual,-1.0925239324569702,0.25114330649375916,0.0,0.9943361282348633,1.6590181589126587,0.41665130853652954,0.41902461019511106,True
Movies,44,D2_struct_free,text,-1.1647543907165527,0.23780447244644165,0.0,0.9938658475875854,0.567637026309967,0.13498662412166595,0.13581976325005987,True
Movies,44,D2_struct_free,visual,-1.0896600484848022,0.2516822814941406,0.0,0.9937504529953003,1.6268599033355713,0.40945184230804443,0.4120268233075018,True
Movies,44,D3_struct_residual,text,-1.1699212789535522,0.2368692308664322,0.0,0.9949685335159302,0.26687151193618774,0.06321365386247635,0.06353331963082051,True
Movies,44,D3_struct_residual,visual,-1.092487096786499,0.2511502504348755,0.0,0.9943791031837463,1.9217640161514282,0.4826515316963196,0.4853798014771161,True
Grocery,42,D0_static,text,-1.106019377708435,0.24861375987529755,0.0,0.9920135140419006,1.1927292346954346,0.2965288758277893,0.298916165586898,True
Grocery,42,D0_static,visual,-1.104066252708435,0.24897874891757965,0.0,0.9898881912231445,1.9231066703796387,0.47881269454956055,0.48370381503179755,True
Grocery,42,D1_free_node,text,-1.1123888492584229,0.24742580950260162,0.0,0.9915175437927246,1.943660020828247,0.48091164231300354,0.48502585286936434,True
Grocery,42,D1_free_node,visual,-1.1064084768295288,0.24854107201099396,0.0,0.9897485375404358,1.9313551187515259,0.48002105951309204,0.48499294649726216,True
Grocery,42,D2_struct_free,text,-1.111904501914978,0.2475159913301468,0.0,0.9907904863357544,1.9415086507797241,0.48055440187454224,0.48502121134789966,True
Grocery,42,D2_struct_free,visual,-1.1051112413406372,0.2487834244966507,0.0,0.9896514415740967,1.927403450012207,0.4795060157775879,0.48452010034452775,True
Grocery,42,D3_struct_residual,text,-1.1033676862716675,0.2491094172000885,0.0,0.9913647770881653,1.2730551958084106,0.31713002920150757,0.3198923711340454,True
Grocery,42,D3_struct_residual,visual,-1.1051762104034424,0.2487712949514389,0.0,0.9905396103858948,1.9264304637908936,0.4792405962944031,0.4838177002408822,True
Grocery,43,D0_static,text,-1.100778579711914,0.24959403276443481,0.0,0.990229070186615,1.2169170379638672,0.30373522639274597,0.30673228603105457,True
Grocery,43,D0_static,visual,-1.1034750938415527,0.2490893453359604,0.0,0.9904623627662659,1.9101941585540771,0.4758090376853943,0.4803908311634432,True
Grocery,43,D1_free_node,text,-1.116540789604187,0.2466534823179245,0.0,0.9914940595626831,1.9316366910934448,0.47644495964050293,0.48053233909505,True
Grocery,43,D1_free_node,visual,-1.1052342653274536,0.24876044690608978,0.0,0.9900920987129211,1.92416250705719,0.47865551710128784,0.4834454468665291,True
Grocery,43,D2_struct_free,text,-1.1147723197937012,0.24698224663734436,0.0,0.9912593960762024,1.9325029850006104,0.4772939085960388,0.48150253151229366,True
Grocery,43,D2_struct_free,visual,-1.106722354888916,0.24848243594169617,0.0,0.9899999499320984,1.91424560546875,0.4756563901901245,0.4804610244907069,True
Grocery,43,D3_struct_residual,text,-1.1001558303833008,0.24971070885658264,0.0,0.9899080395698547,1.0455456972122192,0.2610839605331421,0.26374567141266075,True
Grocery,43,D3_struct_residual,visual,-1.102668046951294,0.24924032390117645,0.0,0.9897416830062866,1.9204611778259277,0.4786563515663147,0.48361745269980144,True
Grocery,44,D0_static,text,-1.105407476425171,0.24872806668281555,0.0,0.9905885457992554,1.1829643249511719,0.294236421585083,0.2970319239333407,True
Grocery,44,D0_static,visual,-1.1058287620544434,0.24864935874938965,0.0,0.9894371032714844,1.9306221008300781,0.48004791140556335,0.48517274096385543,True
Grocery,44,D1_free_node,text,-1.1186779737472534,0.24625657498836517,0.0,0.9906443953514099,1.9405758380889893,0.4778795838356018,0.48239265883706356,True
Grocery,44,D1_free_node,visual,-1.1087164878845215,0.24811026453971863,0.0,0.9893707036972046,1.939897894859314,0.48130857944488525,0.4864795143481316,True
Grocery,44,D2_struct_free,text,-1.113646149635315,0.24719174206256866,0.0,0.9903939962387085,1.9397279024124146,0.4794847369194031,0.48413534284373416,True
Grocery,44,D2_struct_free,visual,-1.1066811084747314,0.24849015474319458,0.0,0.988953173160553,1.9363349676132202,0.48116016387939453,0.48653482989662233,True
Grocery,44,D3_struct_residual,text,-1.1027251482009888,0.24922963976860046,0.0,0.9904308319091797,1.1336686611175537,0.282543808221817,0.2852736396313293,True
Grocery,44,D3_struct_residual,visual,-1.1055271625518799,0.2487056851387024,0.0,0.9891533851623535,1.933363914489746,0.4808385968208313,0.4861112584090378,True
ele-fashion,42,D0_static,text,-1.1040329933166504,0.24898502230644226,0.0,1.0022165775299072,0.4115906059741974,0.10247989743947983,0.1022532451938231,True
ele-fashion,42,D0_static,visual,-1.212891936302185,0.22918978333473206,0.0,0.9974900484085083,0.3697858452796936,0.08475114405155182,0.08496440058401782,True
ele-fashion,42,D1_free_node,text,-1.0733534097671509,0.25476589798927307,0.0,0.9990086555480957,1.0635865926742554,0.2709656357765198,0.27123452261567976,True
ele-fashion,42,D1_free_node,visual,-1.0385143756866455,0.2614367604255676,0.0,0.9927483797073364,0.9574654698371887,0.25031667947769165,0.25214514029374224,True
ele-fashion,42,D2_struct_free,text,-1.0602335929870605,0.2572648227214813,0.0,0.9989976286888123,1.0272181034088135,0.26426708698272705,0.2645322465175203,True
ele-fashion,42,D2_struct_free,visual,-1.0733751058578491,0.2547617554664612,0.0,0.9931891560554504,0.9424712657928467,0.24010564386844635,0.24175218024132464,True
ele-fashion,42,D3_struct_residual,text,-1.0829086303710938,0.25295597314834595,0.0,1.001997709274292,0.9587013721466064,0.24250921607017517,0.24202571904661854,True
ele-fashion,42,D3_struct_residual,visual,-1.1404194831848145,0.24224334955215454,0.0,0.9980572462081909,0.8129244446754456,0.19692553579807281,0.1973088583307524,True
ele-fashion,43,D0_static,text,-1.1067755222320557,0.24847251176834106,0.0,1.0015968084335327,1.078221082687378,0.2679083049297333,0.26748118871178694,True
ele-fashion,43,D0_static,visual,-1.1708617210388184,0.23669923841953278,0.0,0.9963836669921875,0.9922823905944824,0.2348724752664566,0.23572493513013215,True
ele-fashion,43,D1_free_node,text,-1.08637535572052,0.252301424741745,0.0,1.0003290176391602,1.0885964632034302,0.27465444803237915,0.27456411159658356,True
ele-fashion,43,D1_free_node,visual,-1.086785912513733,0.25222399830818176,0.0,0.9930098056793213,0.980679452419281,0.24735090136528015,0.24909210357300207,True
ele-fashion,43,D2_struct_free,text,-1.0867120027542114,0.2522379457950592,0.0,1.0002896785736084,1.005759596824646,0.2536907494068146,0.2536172819143472,True
ele-fashion,43,D2_struct_free,visual,-1.1049138307571411,0.24882031977176666,0.0,0.9936375617980957,0.869874119758606,0.21644236147403717,0.21782828044700833,True
ele-fashion,43,D3_struct_residual,text,-1.0831730365753174,0.25290602445602417,0.0,1.0002294778823853,0.9636229276657104,0.24370603263378143,0.24365012032012745,True
ele-fashion,43,D3_struct_residual,visual,-1.166077971458435,0.23756463825702667,0.0,0.9946648478507996,0.7838007807731628,0.18620336055755615,0.1872021123093784,True
ele-fashion,44,D0_static,text,-1.1075329780578613,0.24833111464977264,0.0,1.0040260553359985,1.168711543083191,0.2902274429798126,0.28906365670230305,True
ele-fashion,44,D0_static,visual,-1.2413554191589355,0.22420014441013336,0.0,1.0001329183578491,0.420725554227829,0.09432672709226608,0.09431419100487584,True
ele-fashion,44,D1_free_node,text,-1.1018389463424683,0.249395489692688,0.0,0.9994785189628601,1.2480565309524536,0.3112596571445465,0.31142205784225835,True
ele-fashion,44,D1_free_node,visual,-1.1168514490127563,0.24659577012062073,0.0,0.9934592843055725,1.099852204322815,0.2712188959121704,0.2730045409981268,True
ele-fashion,44,D2_struct_free,text,-1.0859956741333008,0.252373069524765,0.0,0.9988032579421997,1.0014616250991821,0.2527419328689575,0.2530447621783624,True
ele-fashion,44,D2_struct_free,visual,-1.100469708442688,0.24965189397335052,0.0,0.9936116933822632,1.1444432735443115,0.28571242094039917,0.2875493745125236,True
ele-fashion,44,D3_struct_residual,text,-1.0853382349014282,0.252497136592865,0.0,1.0003126859664917,0.920195460319519,0.23234674334526062,0.23227411448928054,True
ele-fashion,44,D3_struct_residual,visual,-1.144099235534668,0.24156852066516876,0.0,0.9946114420890808,0.9760052561759949,0.23577214777469635,0.2370495027480086,True
