dataset,seed,block,mean_logit_contribution_l2,median_logit_contribution_l2,validation_feature_rms,validation_node_count,weight_frobenius_norm,summary_level
Movies,42.0,H_T,2.356268793704446,2.3232360240658254,1.0118407035891477,3334.0,1.4164671990570912,seed
Movies,42.0,H_V,4.012583331522214,4.003986963970007,1.0165544506659954,3334.0,1.8667331386722126,seed
Movies,42.0,S_T,1.8435094522171616,1.8351162134961871,0.9307904716813422,3334.0,1.1722737950372812,seed
Movies,42.0,D_T,0.9116079144749256,0.8925184122158896,0.6186727450505083,3334.0,1.0648418937938828,seed
Movies,42.0,P_T,2.6774372245493274,2.6845960539415503,1.4147413835837044,3334.0,1.33805136024961,seed
Movies,42.0,S_V,2.6930753925298445,2.7231131775091786,0.8396257334946408,3334.0,1.4936380619813712,seed
Movies,42.0,D_V,1.3915386694848302,1.3854968176332516,0.8774126321780612,3334.0,1.0715955947448208,seed
Movies,42.0,P_V,2.856881178924127,2.8684709382368614,1.1453682636020828,3334.0,1.4047081899938136,seed
Movies,43.0,H_T,2.64857998913686,2.6064095187476393,1.0103828969345026,3334.0,1.4474589154994122,seed
Movies,43.0,H_V,4.1117824782098475,4.0873162781848995,1.0151502712348046,3334.0,1.9501260352285286,seed
Movies,43.0,S_T,2.073076389313237,2.070649121946968,0.9322903643879203,3334.0,1.204108593721332,seed
Movies,43.0,D_T,1.017507412482056,0.989026320636451,0.6062979537994907,3334.0,1.0679334314966304,seed
Movies,43.0,P_T,2.7617452694670095,2.7338373262445033,1.43136221829843,3334.0,1.385171630202328,seed
Movies,43.0,S_V,2.6946761306679954,2.7203130755847935,0.8363694338587649,3334.0,1.5551452808120296,seed
Movies,43.0,D_V,1.528499232181382,1.5302104594358494,0.8759140968741675,3334.0,1.0881358380258934,seed
Movies,43.0,P_V,2.8436631505497254,2.82787508839542,1.1394872874156938,3334.0,1.507031103722463,seed
Movies,44.0,H_T,3.1781669171830096,3.168566453338105,1.011976227271901,3334.0,1.788760388592721,seed
Movies,44.0,H_V,4.90553477856449,4.925855124902542,1.0165272797312024,3334.0,2.4786305861012554,seed
Movies,44.0,S_T,2.260080081086302,2.261981919997618,0.9296397962815224,3334.0,1.3613650884259811,seed
Movies,44.0,D_T,1.1165120232547572,1.0819325461899694,0.6276416530244739,3334.0,1.3392766935904534,seed
Movies,44.0,P_T,3.4660918815095787,3.4739130763137434,1.3840163957405298,3334.0,1.7920395171756143,seed
Movies,44.0,S_V,3.0035962899494333,2.988206395966653,0.8417067541548446,3334.0,1.882528862813494,seed
Movies,44.0,D_V,1.710883612684539,1.6933137985318807,0.873611169497078,3334.0,1.3556790890776267,seed
Movies,44.0,P_V,3.3043701026949135,3.2858566399138818,1.144517255001931,3334.0,1.9446257421377586,seed
Grocery,42.0,H_T,3.9653657944653586,3.963822763753752,1.05026274346888,3415.0,1.7470271412813054,seed
Grocery,42.0,H_V,3.596260405260067,3.6159639753458737,1.028839255281858,3415.0,1.7526985055979976,seed
Grocery,42.0,S_T,2.680289746847682,2.694516202594191,0.8602838537473629,3415.0,1.4181302549743209,seed
Grocery,42.0,D_T,1.5701109484498437,1.573823390257943,0.9529270228414751,3415.0,1.0636761170130093,seed
Grocery,42.0,P_T,2.5245901605661656,2.504513350814312,1.1706456322769148,3415.0,1.341361400306818,seed
Grocery,42.0,S_V,2.260514994654075,2.265531094231214,0.821677414752887,3415.0,1.409451533318051,seed
Grocery,42.0,D_V,1.8944202543713082,1.9264286122655607,1.0061846019243654,3415.0,1.0725056687029741,seed
Grocery,42.0,P_V,2.1964317549605976,2.1070186033100633,1.0617720014194991,3415.0,1.3584316481536376,seed
Grocery,43.0,H_T,4.380747955806854,4.352594972491049,1.0358261502695956,3415.0,1.9239822569855276,seed
Grocery,43.0,H_V,4.043404938777594,4.064293719896733,1.0243383345804826,3415.0,1.973878877509366,seed
Grocery,43.0,S_T,2.643337332590536,2.6777328198786563,0.8656906109628977,3415.0,1.4872293767824378,seed
Grocery,43.0,D_T,1.4806215673631749,1.476440876281474,0.91021401922913,3415.0,1.1548240399439749,seed
Grocery,43.0,P_T,2.8057681621492345,2.7927330743822045,1.183095185719938,3415.0,1.5160222244284214,seed
Grocery,43.0,S_V,2.2554970221965633,2.2522410278035987,0.8382999183813318,3415.0,1.4750631152543647,seed
Grocery,43.0,D_V,1.8318408603928116,1.839059940290553,0.9644325928198446,3415.0,1.1674980125478873,seed
Grocery,43.0,P_V,2.3549070146234885,2.2900570946865297,1.0985386016434608,3415.0,1.5398856556153748,seed
Grocery,44.0,H_T,4.254088500072082,4.270721595704639,1.0475033187417375,3415.0,1.8599626941939753,seed
Grocery,44.0,H_V,3.9134861974119257,3.927210868407108,1.0299834586331058,3415.0,1.8948861606713694,seed
Grocery,44.0,S_T,2.677539150177759,2.703057091104204,0.8651864907256578,3415.0,1.4802194200785577,seed
Grocery,44.0,D_T,1.3910246489254794,1.3826572207423011,0.9436558575208299,3415.0,1.1422866905432927,seed
Grocery,44.0,P_T,2.717727070935546,2.7131287252706198,1.1805324900975231,3415.0,1.4333725143199727,seed
Grocery,44.0,S_V,2.256079446331016,2.2755546849839816,0.8250692201572016,3415.0,1.4786307791230298,seed
Grocery,44.0,D_V,1.6034368956729759,1.6132723433484157,1.0103045721242734,3415.0,1.1313279814844939,seed
Grocery,44.0,P_V,2.3481853140504096,2.2562759264579455,1.0653525211155035,3415.0,1.436309450437329,seed
ele-fashion,42.0,H_T,5.3569721593448545,5.381412108407983,1.0453966282563671,9777.0,1.8656471570851447,seed
ele-fashion,42.0,H_V,4.599943576009425,4.679090188964965,1.030399580108104,9777.0,1.5147334861023085,seed
ele-fashion,42.0,S_T,1.4774722757435004,1.4610299551909955,0.9861524667527949,9777.0,1.030880287485489,seed
ele-fashion,42.0,D_T,1.4031875652008465,1.2797332270602606,0.7513513394174505,9777.0,1.0733660871985544,seed
ele-fashion,42.0,P_T,2.499415646457381,2.6286490168131196,1.4055430782424587,9777.0,1.0960157974239142,seed
ele-fashion,42.0,S_V,1.4505111228078411,1.466122343925513,0.9688570718791597,9777.0,0.964386587653437,seed
ele-fashion,42.0,D_V,1.2919300316649913,1.2501719503660602,0.7539368154846906,9777.0,0.9823080538534162,seed
ele-fashion,42.0,P_V,2.981409917929716,3.078478181189109,1.3927586822509086,9777.0,1.1216039063169847,seed
ele-fashion,43.0,H_T,4.213156311289336,4.244330773694991,1.0411157297737323,9777.0,1.4424763617696559,seed
ele-fashion,43.0,H_V,3.5759167900747664,3.6092519470443443,1.023337487655662,9777.0,1.2465450789480446,seed
ele-fashion,43.0,S_T,1.7814029888982037,1.7150410987265492,0.9835163236578993,9777.0,0.9201447734879409,seed
ele-fashion,43.0,D_T,1.3171891961372952,1.1884609407194588,0.7397793700342952,9777.0,0.8170772726332747,seed
ele-fashion,43.0,P_T,2.4539971005960197,2.613776681808794,1.4034119062971846,9777.0,0.8931843677370972,seed
ele-fashion,43.0,S_V,1.4504378424547308,1.4464411920845446,0.9618204026348968,9777.0,0.8365251258781182,seed
ele-fashion,43.0,D_V,1.3418710546396182,1.2861210146304294,0.752878173067011,9777.0,0.7429490315775089,seed
ele-fashion,43.0,P_V,2.6329689402274408,2.717833646908055,1.36450080988086,9777.0,0.9155693149644639,seed
ele-fashion,44.0,H_T,4.159701928060468,4.176774880515314,1.0398173791413832,9777.0,1.4424840478596823,seed
ele-fashion,44.0,H_V,3.555200549679446,3.605214431568809,1.022943171400025,9777.0,1.2142301365710273,seed
ele-fashion,44.0,S_T,1.5216100028239568,1.5065779962159338,0.9841615332886835,9777.0,0.8908937706844294,seed
ele-fashion,44.0,D_T,1.1416174952149092,1.0146331962256891,0.7269288130621442,9777.0,0.818421270032417,seed
ele-fashion,44.0,P_T,2.644689473836075,2.817301682322902,1.4297222599280606,9777.0,0.8896350202873381,seed
ele-fashion,44.0,S_V,1.5480206270735417,1.5534722421674265,0.9667602237838181,9777.0,0.804249041558006,seed
ele-fashion,44.0,D_V,1.3936683984844676,1.3110878631684302,0.7210655522111381,9777.0,0.7750123264323259,seed
ele-fashion,44.0,P_V,2.7431066178118355,2.897136801063828,1.394397239975154,9777.0,0.9019457219092082,seed
Grocery,,D_T,1.480585721579499,1.4776404957605729,0.9355989665304784,,1.1202622825000923,dataset_3seed_mean
Grocery,,D_T,0.0731116800200111,0.0780478716643051,0.018344577558865677,,0.040338500020843195,dataset_3seed_seed_sd
Grocery,,D_V,1.776566003479032,1.792920298634843,0.9936405889561611,,1.1237772209117851,dataset_3seed_mean
Grocery,,D_V,0.12505814944781943,0.13194282117547432,0.020721547840132394,,0.039146279825013036,dataset_3seed_seed_sd
Grocery,,H_T,4.200067416781432,4.195713110649813,1.0445307374934043,,1.8436573641536027,dataset_3seed_mean
Grocery,,H_T,0.1738280626943465,0.16734328428768638,0.0062573149331462755,,0.07315588873206663,dataset_3seed_seed_sd
Grocery,,H_V,3.851050513816529,3.869156187883238,1.0277203494984821,,1.8738211812595775,dataset_3seed_mean
Grocery,,H_V,0.18780880242624437,0.18757691650859046,0.002436639626812588,,0.09151680810258202,dataset_3seed_seed_sd
Grocery,,P_T,2.6826951312169816,2.6701250501557126,1.1780911026981251,,1.4302520463517372,dataset_3seed_mean
Grocery,,P_T,0.11743280275373345,0.12153089955077129,0.0053676887986126385,,0.07133911438084538,dataset_3seed_seed_sd
Grocery,,P_V,2.2998413612114987,2.2177838748181795,1.0752210413928212,,1.444875584735447,dataset_3seed_mean
Grocery,,P_V,0.07317310668714892,0.07952777653508658,0.016552673346120015,,0.07432551467964459,dataset_3seed_seed_sd
Grocery,,S_T,2.6670554098719923,2.6917687045256837,0.8637203184786394,,1.4618596839451055,dataset_3seed_mean
Grocery,,S_T,0.01680876434001033,0.010519544904719461,0.002438647397005057,,0.031053524671988943,dataset_3seed_seed_sd
Grocery,,S_V,2.2573638210605513,2.264442269006265,0.8283488510971401,,1.4543818092318153,dataset_3seed_mean
Grocery,,S_V,0.0022408667564862575,0.009548850124804538,0.007171419712816805,,0.03180387111275579,dataset_3seed_seed_sd
Movies,,D_T,1.0152091167372463,0.9878257596807699,0.6175374506248243,,1.1573506729603222,dataset_3seed_mean
Movies,,D_T,0.08366753679977366,0.07733265609147662,0.008750430245665236,,0.1286473141009379,dataset_3seed_seed_sd
Movies,,D_V,1.5436405047835837,1.5363403585336606,0.8756459661831023,,1.1718035072827802,dataset_3seed_mean
Movies,,D_V,0.13081091134105738,0.12574048719379333,0.0015634790648519424,,0.13019489774243384,dataset_3seed_seed_sd
Movies,,H_T,2.7276719000081058,2.6994039987171896,1.0113999425985172,,1.5508955010497416,dataset_3seed_mean
Movies,,H_T,0.34016738930350615,0.351313595563868,0.0007212850010755546,,0.16867108063997624,dataset_3seed_seed_sd
Movies,,H_V,4.343300196098851,4.33905278901915,1.0160773338773341,,2.098496586667332,dataset_3seed_mean
Movies,,H_V,0.39961724351027217,0.41632413630130016,0.0006556261243039497,,0.2709427823277276,dataset_3seed_seed_sd
Movies,,P_T,2.968424791841972,2.9641154854999328,1.410039999207555,,1.5050875025425174,dataset_3seed_mean
Movies,,P_T,0.35358295652093663,0.36104142276122814,0.01961264880479383,,0.20381556039157728,dataset_3seed_seed_sd
Movies,,P_V,3.001638144056255,2.9940675555153877,1.143124268673236,,1.6187883452846785,dataset_3seed_mean
Movies,,P_V,0.21413182568132386,0.2069905925183893,0.0025950951697599318,,0.23415806849145573,dataset_3seed_seed_sd
Movies,,S_T,2.0588886408722336,2.055915751813591,0.9309068774502617,,1.2459158257281981,dataset_3seed_mean
Movies,,S_T,0.1703598962265409,0.17457832433868906,0.001085215968964033,,0.08266302194213886,dataset_3seed_seed_sd
Movies,,S_V,2.7971159377157577,2.8105442163535415,0.8392339738360834,,1.6437707352022983,dataset_3seed_mean
Movies,,S_V,0.1460051197379822,0.1256313328522728,0.0021964901863792863,,0.17068463535103492,dataset_3seed_seed_sd
ele-fashion,,D_T,1.287331418851017,1.1609424546684695,0.7393531741712965,,0.9029548766214154,dataset_3seed_mean
ele-fashion,,D_T,0.10885262369053486,0.1099619840157696,0.0099750081229419,,0.1205001717841839,dataset_3seed_seed_sd
ele-fashion,,D_V,1.3424898282630258,1.2824602760549733,0.7426268469209466,,0.8334231372877503,dataset_3seed_mean
ele-fashion,,D_V,0.0415368188588658,0.025003171309854005,0.01525226219537151,,0.10608817874708663,dataset_3seed_seed_sd
ele-fashion,,H_T,4.57661013289822,4.600839254206096,1.0421099123904944,,1.5835358555714942,dataset_3seed_mean
ele-fashion,,H_T,0.5522306354000526,0.552636972592006,0.002383737188864855,,0.19948281437434376,dataset_3seed_seed_sd
ele-fashion,,H_V,3.9103536385878788,3.9645188558593727,1.0255600797212636,,1.3251695672071266,dataset_3seed_mean
ele-fashion,,H_V,0.48768705949534047,0.5052809238136948,0.0034258278146102614,,0.13468957738786316,dataset_3seed_seed_sd
ele-fashion,,P_T,2.532700740296492,2.6865757936482715,1.4128924148225679,,0.9596117284827832,dataset_3seed_mean
ele-fashion,,P_T,0.08132985678453697,0.09263635018878583,0.011932259863390951,,0.09646312588964552,dataset_3seed_seed_sd
ele-fashion,,P_V,2.785828491989664,2.8978162097203306,1.3838855773689742,,0.9797063143968856,dataset_3seed_mean
ele-fashion,,P_V,0.14542271174173363,0.14723329837096752,0.013723413709912204,,0.1004907807263135,dataset_3seed_seed_sd
ele-fashion,,S_T,1.5934950891552202,1.5608830167111594,0.9846101078997925,,0.9473062772192864,dataset_3seed_mean
ele-fashion,,S_T,0.134087207511434,0.11058086542827703,0.0011219705850244437,,0.06029022411211874,dataset_3seed_seed_sd
ele-fashion,,S_V,1.4829898641120378,1.488678592725828,0.9658125660992916,,0.868386918363187,dataset_3seed_mean
ele-fashion,,S_V,0.045983703207542345,0.04651522826213209,0.0029498270942063354,,0.06914906016540288,dataset_3seed_seed_sd
