best_epoch,dataset,epochs_run,feature_dim,seed,trainable_linear_head_count,val_acc,val_ce,val_macro_f1
56,Movies,86,1024,42,1,0.538992166519165,1.360461950302124,0.4598718840785893
61,Movies,91,1024,43,1,0.5410917401313782,1.351365566253662,0.4644230648798223
111,Movies,141,1024,44,1,0.5575884580612183,1.352683663368225,0.4800091553341798
46,Grocery,76,1024,42,1,0.8199121952056885,0.6660762429237366,0.75260906069085
77,Grocery,107,1024,43,1,0.8093704581260681,0.6702154278755188,0.7328567811049432
57,Grocery,87,1024,44,1,0.8199121952056885,0.669723629951477,0.7311923894278849
169,ele-fashion,199,1024,42,1,0.8689782023429871,0.4018276333808899,0.6790750234290877
77,ele-fashion,107,1024,43,1,0.8649892807006836,0.4067857563495636,0.6614068865001209
82,ele-fashion,112,1024,44,1,0.8664212226867676,0.41305506229400635,0.6682581297259365
