dataset,variant,trajectory_mode,adapter_mode,seed,val_accuracy,val_macro_f1,val_ce,best_epoch,model_parameters,development_no_test,run_metrics_path
Movies,G0,global,off,42,0.5551889538764954,0.46877204946014334,1.4532184383435813,105,1691972,True,/hdd1/DataInHere/YHF/model_research/research/care_a03_adaptation_placement_audit/data/runs/Movies/G0.json
Movies,G0,global,off,43,0.5542891621589661,0.4695600235903701,1.4193149651319736,91,1691972,True,/hdd1/DataInHere/YHF/model_research/research/care_a03_adaptation_placement_audit/data/runs/Movies/G0.json
Movies,G0,global,off,44,0.5572885274887085,0.48435608553369514,1.469508783790117,105,1691972,True,/hdd1/DataInHere/YHF/model_research/research/care_a03_adaptation_placement_audit/data/runs/Movies/G0.json
Movies,GS,global,static,42,0.5539892315864563,0.47402109577566726,1.4806737871175766,111,1691972,True,/hdd1/DataInHere/YHF/model_research/research/care_a03_adaptation_placement_audit/data/runs/Movies/GS.json
Movies,GS,global,static,43,0.5548890233039856,0.4587691184851713,1.383545068330084,75,1691972,True,/hdd1/DataInHere/YHF/model_research/research/care_a03_adaptation_placement_audit/data/runs/Movies/GS.json
Movies,GS,global,static,44,0.5593881011009216,0.47267847476018165,1.483458923449685,107,1691972,True,/hdd1/DataInHere/YHF/model_research/research/care_a03_adaptation_placement_audit/data/runs/Movies/GS.json
Movies,GC,global,context,42,0.5560888051986694,0.46713840913556004,1.443089897645471,94,1691972,True,/hdd1/DataInHere/YHF/model_research/research/care_a03_adaptation_placement_audit/data/runs/Movies/GC.json
Movies,GC,global,context,43,0.5521895885467529,0.4796037569576012,1.3633751277088333,63,1691972,True,/hdd1/DataInHere/YHF/model_research/research/care_a03_adaptation_placement_audit/data/runs/Movies/GC.json
Movies,GC,global,context,44,0.5536892414093018,0.4723179339671334,1.4328737768071387,80,1691972,True,/hdd1/DataInHere/YHF/model_research/research/care_a03_adaptation_placement_audit/data/runs/Movies/GC.json
Movies,N0,node,off,42,0.5515896677970886,0.45800109075864526,1.3951617391365476,82,1691972,True,/hdd1/DataInHere/YHF/model_research/research/care_a03_adaptation_placement_audit/data/runs/Movies/N0.json
Movies,N0,node,off,43,0.5545890927314758,0.47721708398340434,1.3824945460126725,70,1691972,True,/hdd1/DataInHere/YHF/model_research/research/care_a03_adaptation_placement_audit/data/runs/Movies/N0.json
Movies,N0,node,off,44,0.5575884580612183,0.4921186128114349,1.4711938959864277,89,1691972,True,/hdd1/DataInHere/YHF/model_research/research/care_a03_adaptation_placement_audit/data/runs/Movies/N0.json
Movies,NS,node,static,42,0.5548890233039856,0.4549702497520329,1.473825400935438,108,1691972,True,/hdd1/DataInHere/YHF/model_research/research/care_a03_adaptation_placement_audit/data/runs/Movies/NS.json
Movies,NS,node,static,43,0.5545890927314758,0.47434077522480217,1.392883923215357,77,1691972,True,/hdd1/DataInHere/YHF/model_research/research/care_a03_adaptation_placement_audit/data/runs/Movies/NS.json
Movies,NS,node,static,44,0.5581883788108826,0.46922730064392565,1.461904250009373,91,1691972,True,/hdd1/DataInHere/YHF/model_research/research/care_a03_adaptation_placement_audit/data/runs/Movies/NS.json
Movies,NC,node,context,42,0.5551889538764954,0.4820700364180154,1.394367073850855,71,1691972,True,/hdd1/DataInHere/YHF/model_research/research/care_a03_adaptation_placement_audit/data/runs/Movies/NC.json
Movies,NC,node,context,43,0.553389310836792,0.4927343367360413,1.3828250951372225,62,1691972,True,/hdd1/DataInHere/YHF/model_research/research/care_a03_adaptation_placement_audit/data/runs/Movies/NC.json
Movies,NC,node,context,44,0.5527894496917725,0.49680262978081674,1.4453885101885873,87,1691972,True,/hdd1/DataInHere/YHF/model_research/research/care_a03_adaptation_placement_audit/data/runs/Movies/NC.json
Grocery,G0,global,off,42,0.8187408447265625,0.7580309090436737,0.7485739041910688,113,1691972,True,/hdd1/DataInHere/YHF/model_research/research/care_a03_adaptation_placement_audit/data/runs/Grocery/G0.json
Grocery,G0,global,off,43,0.8172767162322998,0.7575863039128963,0.697218798613653,78,1691972,True,/hdd1/DataInHere/YHF/model_research/research/care_a03_adaptation_placement_audit/data/runs/Grocery/G0.json
Grocery,G0,global,off,44,0.818448007106781,0.7558879832248112,0.6881541395955344,76,1691972,True,/hdd1/DataInHere/YHF/model_research/research/care_a03_adaptation_placement_audit/data/runs/Grocery/G0.json
Grocery,GS,global,static,42,0.8210834264755249,0.7604598214576448,0.7252477866489752,102,1691972,True,/hdd1/DataInHere/YHF/model_research/research/care_a03_adaptation_placement_audit/data/runs/Grocery/GS.json
Grocery,GS,global,static,43,0.8204978108406067,0.7598288460999876,0.6873791807741582,83,1691972,True,/hdd1/DataInHere/YHF/model_research/research/care_a03_adaptation_placement_audit/data/runs/Grocery/GS.json
Grocery,GS,global,static,44,0.8199121356010437,0.7546637403790188,0.7544076140419107,117,1691972,True,/hdd1/DataInHere/YHF/model_research/research/care_a03_adaptation_placement_audit/data/runs/Grocery/GS.json
Grocery,GC,global,context,42,0.8225475549697876,0.7548347923225889,0.6981940027909956,93,1691972,True,/hdd1/DataInHere/YHF/model_research/research/care_a03_adaptation_placement_audit/data/runs/Grocery/GC.json
Grocery,GC,global,context,43,0.8187408447265625,0.7579159924863065,0.700076066068814,83,1691972,True,/hdd1/DataInHere/YHF/model_research/research/care_a03_adaptation_placement_audit/data/runs/Grocery/GC.json
Grocery,GC,global,context,44,0.8204978108406067,0.757845787284364,0.7352521189833455,108,1691972,True,/hdd1/DataInHere/YHF/model_research/research/care_a03_adaptation_placement_audit/data/runs/Grocery/GC.json
Grocery,N0,node,off,42,0.819033682346344,0.7555587194198718,0.6842100710331259,77,1691972,True,/hdd1/DataInHere/YHF/model_research/research/care_a03_adaptation_placement_audit/data/runs/Grocery/N0.json
Grocery,N0,node,off,43,0.8178623914718628,0.7537271212169953,0.7344596449487555,96,1691972,True,/hdd1/DataInHere/YHF/model_research/research/care_a03_adaptation_placement_audit/data/runs/Grocery/N0.json
Grocery,N0,node,off,44,0.8193265199661255,0.7578235893755009,0.7015441268987921,77,1691972,True,/hdd1/DataInHere/YHF/model_research/research/care_a03_adaptation_placement_audit/data/runs/Grocery/N0.json
Grocery,NS,node,static,42,0.8222547769546509,0.754173649007686,0.6948270783766471,82,1691972,True,/hdd1/DataInHere/YHF/model_research/research/care_a03_adaptation_placement_audit/data/runs/Grocery/NS.json
Grocery,NS,node,static,43,0.8196192979812622,0.756043851278823,0.679223597067167,70,1691972,True,/hdd1/DataInHere/YHF/model_research/research/care_a03_adaptation_placement_audit/data/runs/Grocery/NS.json
Grocery,NS,node,static,44,0.8234260678291321,0.7650160260227407,0.7726070644216692,117,1691972,True,/hdd1/DataInHere/YHF/model_research/research/care_a03_adaptation_placement_audit/data/runs/Grocery/NS.json
Grocery,NC,node,context,42,0.8204978108406067,0.7642098080975788,0.6909799511575768,86,1691972,True,/hdd1/DataInHere/YHF/model_research/research/care_a03_adaptation_placement_audit/data/runs/Grocery/NC.json
Grocery,NC,node,context,43,0.8204978108406067,0.7586835017515587,0.7010391168329063,75,1691972,True,/hdd1/DataInHere/YHF/model_research/research/care_a03_adaptation_placement_audit/data/runs/Grocery/NC.json
Grocery,NC,node,context,44,0.8237189054489136,0.75839364268243,0.73962842011347,116,1691972,True,/hdd1/DataInHere/YHF/model_research/research/care_a03_adaptation_placement_audit/data/runs/Grocery/NC.json
ele-fashion,G0,global,off,42,0.8753196001052856,0.7558215371163601,0.4373643205394357,205,1429828,True,/hdd1/DataInHere/YHF/model_research/research/care_a03_adaptation_placement_audit/data/runs/ele-fashion/G0.json
ele-fashion,G0,global,off,43,0.8741945624351501,0.7379063387042856,0.40668381968682876,158,1429828,True,/hdd1/DataInHere/YHF/model_research/research/care_a03_adaptation_placement_audit/data/runs/ele-fashion/G0.json
ele-fashion,G0,global,off,44,0.8745014071464539,0.7410819887677367,0.4322337591173801,164,1429828,True,/hdd1/DataInHere/YHF/model_research/research/care_a03_adaptation_placement_audit/data/runs/ele-fashion/G0.json
ele-fashion,GS,global,static,42,0.872558057308197,0.7281702314175796,0.4041920970453616,113,1429828,True,/hdd1/DataInHere/YHF/model_research/research/care_a03_adaptation_placement_audit/data/runs/ele-fashion/GS.json
ele-fashion,GS,global,static,43,0.8726603388786316,0.7431831616763696,0.412233717665663,151,1429828,True,/hdd1/DataInHere/YHF/model_research/research/care_a03_adaptation_placement_audit/data/runs/ele-fashion/GS.json
ele-fashion,GS,global,static,44,0.871842086315155,0.7287956803662433,0.410294688746548,114,1429828,True,/hdd1/DataInHere/YHF/model_research/research/care_a03_adaptation_placement_audit/data/runs/ele-fashion/GS.json
ele-fashion,GC,global,context,42,0.8720466494560242,0.7439972281621828,0.4503137183308882,143,1429828,True,/hdd1/DataInHere/YHF/model_research/research/care_a03_adaptation_placement_audit/data/runs/ele-fashion/GC.json
ele-fashion,GC,global,context,43,0.871842086315155,0.7375672072755536,0.40903570521057075,127,1429828,True,/hdd1/DataInHere/YHF/model_research/research/care_a03_adaptation_placement_audit/data/runs/ele-fashion/GC.json
ele-fashion,GC,global,context,44,0.8733763098716736,0.7370847324214318,0.4114575092931753,102,1429828,True,/hdd1/DataInHere/YHF/model_research/research/care_a03_adaptation_placement_audit/data/runs/ele-fashion/GC.json
ele-fashion,N0,node,off,42,0.8737854361534119,0.7360941703273164,0.4066001109407762,142,1429828,True,/hdd1/DataInHere/YHF/model_research/research/care_a03_adaptation_placement_audit/data/runs/ele-fashion/N0.json
ele-fashion,N0,node,off,43,0.8735808730125427,0.7362766501119095,0.39967168741849496,130,1429828,True,/hdd1/DataInHere/YHF/model_research/research/care_a03_adaptation_placement_audit/data/runs/ele-fashion/N0.json
ele-fashion,N0,node,off,44,0.8740922808647156,0.7417097187739213,0.4370048142923123,140,1429828,True,/hdd1/DataInHere/YHF/model_research/research/care_a03_adaptation_placement_audit/data/runs/ele-fashion/N0.json
ele-fashion,NS,node,static,42,0.8760355710983276,0.7584085953989272,0.4889148931824211,222,1429828,True,/hdd1/DataInHere/YHF/model_research/research/care_a03_adaptation_placement_audit/data/runs/ele-fashion/NS.json
ele-fashion,NS,node,static,43,0.8720466494560242,0.7343501681030813,0.40795655595362523,118,1429828,True,/hdd1/DataInHere/YHF/model_research/research/care_a03_adaptation_placement_audit/data/runs/ele-fashion/NS.json
ele-fashion,NS,node,static,44,0.8748082518577576,0.7411612230260342,0.4248314812905927,156,1429828,True,/hdd1/DataInHere/YHF/model_research/research/care_a03_adaptation_placement_audit/data/runs/ele-fashion/NS.json
ele-fashion,NC,node,context,42,0.8734785914421082,0.7397832403643618,0.40669782212678673,117,1429828,True,/hdd1/DataInHere/YHF/model_research/research/care_a03_adaptation_placement_audit/data/runs/ele-fashion/NC.json
ele-fashion,NC,node,context,43,0.8717398047447205,0.7460856818483053,0.413068320520258,117,1429828,True,/hdd1/DataInHere/YHF/model_research/research/care_a03_adaptation_placement_audit/data/runs/ele-fashion/NC.json
ele-fashion,NC,node,context,44,0.8730694651603699,0.7450919818171559,0.40601335689189233,119,1429828,True,/hdd1/DataInHere/YHF/model_research/research/care_a03_adaptation_placement_audit/data/runs/ele-fashion/NC.json
