dataset,variant,trajectory_mode,adapter_mode,intervention,n,val_accuracy_mean,val_accuracy_population_sd,val_macro_f1_mean,val_macro_f1_population_sd,val_ce_mean,val_ce_population_sd,delta_val_accuracy_pp_vs_normal_mean,delta_val_accuracy_pp_vs_normal_population_sd,delta_val_macro_f1_pp_vs_normal_mean,delta_val_macro_f1_pp_vs_normal_population_sd,delta_val_ce_vs_normal_mean,delta_val_ce_vs_normal_population_sd
Grocery,N0,node,off,normal,3,0.8187408645947775,0.000632573968614139,0.755703143337456,0.001675491280070886,0.7067379952873353,0.020840421751193015,0.0,0.0,0.0,0.0,0.0,0.0
Grocery,N0,node,off,traj_global_mean,3,0.8159101804097494,0.001794511224917216,0.7531178793448122,0.0032072491258017654,0.7118773639580284,0.021159921702363586,-0.2830684185028076,0.14009481396956897,-0.2585263992643731,0.290457649488458,0.005139368670693052,0.0003227971247239599
Grocery,N0,node,off,traj_node_shuffle,15,0.8148560245831807,0.0016546289596778255,0.7514299435599773,0.0029736481320541516,0.7125829911313446,0.021059536850321973,-0.38848400115966797,0.12166273661098741,-0.42731997774787683,0.2602825589944464,0.005844995844009274,0.001147908531443453
Grocery,NC,node,context,normal,3,0.8215715090433756,0.001518438560251483,0.7604289841771892,0.002676063864177087,0.7105491627013177,0.02096821582383825,0.0,0.0,0.0,0.0,0.0,0.0
Grocery,NC,node,context,traj_global_mean,3,0.819033682346344,0.002070590373643202,0.7587881810494682,0.0029967339190548436,0.7151098620897389,0.021413295914871105,-0.2537826697031657,0.05521518133917191,-0.1640803127720969,0.13645055640799048,0.0045606993884211855,0.00047534245310401515
Grocery,NC,node,context,traj_node_shuffle,15,0.8189360539118449,0.0019936946856452266,0.7589382619685477,0.004556728458771764,0.7159225250884578,0.021189593655840767,-0.26354551315307617,0.11366226132522451,-0.14907222086414448,0.25260981306494634,0.005373362387140094,0.0011709627052296217
Grocery,NS,node,static,normal,3,0.821766714255015,0.001591964837916688,0.7584111754364166,0.004732332235764997,0.7155525561249391,0.04084342600498191,0.0,0.0,0.0,0.0,0.0,0.0
Grocery,NS,node,static,traj_global_mean,3,0.8197169303894043,0.0032636827353677914,0.7563531144520362,0.008622933571458909,0.7205589998169839,0.04153492629255505,-0.20497838656107584,0.219129519630864,-0.20580609843803277,0.3908480010803868,0.005006443692044875,0.0007034645863060757
Grocery,NS,node,static,traj_node_shuffle,15,0.820244026184082,0.002156776281667534,0.757685997299747,0.006317774855625144,0.7214853520391045,0.04173456684047035,-0.1522688070933024,0.14432946253819684,-0.0725178136669613,0.26007278443578374,0.005932795914165423,0.0013455428313046223
Movies,N0,node,off,normal,3,0.5545890728632609,0.002448995870222487,0.4757789291844948,0.013965494254885654,1.4162833937118826,0.03917036086266442,0.0,0.0,0.0,0.0,0.0,0.0
Movies,N0,node,off,traj_global_mean,3,0.5539891918500265,0.0019438274511679916,0.47320050075734604,0.012174749018163613,1.4190717032374776,0.038842575854546105,-0.05998810132344564,0.08829986932582365,-0.25784284271487823,0.24199426609927177,0.002788309525594871,0.0003724979296091833
Movies,N0,node,off,traj_node_shuffle,15,0.5529094179471333,0.0021678839096186775,0.4706117895434471,0.013091557309872224,1.420275915520021,0.03884867995177887,-0.1679654916127523,0.15558390614139322,-0.5167139641047688,0.37872684108023963,0.003992521808138398,0.0011534058765497054
Movies,NC,node,context,normal,3,0.5537892381350199,0.0010195951699985657,0.4905356676449578,0.006212242543423379,1.4075267954221655,0.027183591341006966,0.0,0.0,0.0,0.0,0.0,0.0
Movies,NC,node,context,traj_global_mean,3,0.5508898297945658,0.0005097839473167835,0.4817589392245228,0.005419166558414858,1.4079173423127875,0.026393477588600583,-0.28994083404541016,0.061632130194386535,-0.8776728420434995,0.2561173812777204,0.00039054689062186415,0.0008220788593288823
Movies,NC,node,context,traj_node_shuffle,15,0.5512097517649333,0.0018537084195689813,0.48418228093433996,0.006047705531861169,1.4094454156043792,0.02650852329208303,-0.257948637008667,0.1681801384920271,-0.6353386710617844,0.29270567767814626,0.0019186201822135225,0.0011954196217311916
Movies,NS,node,static,normal,3,0.555888831615448,0.0016306292374632064,0.4661794418735869,0.008196397443826532,1.4428711913867227,0.035679908470330465,0.0,0.0,0.0,0.0,0.0,0.0
Movies,NS,node,static,traj_global_mean,3,0.5552889506022135,0.0025014932322026074,0.4689330351152648,0.009090140753491356,1.4431193351173515,0.03514701284256298,-0.05998810132344564,0.09795934814747517,0.27535932416778985,0.4304435100506973,0.0002481437306289062,0.00053618250121379
Movies,NS,node,static,traj_node_shuffle,15,0.5536692659060161,0.0017878191598847252,0.4658713809097141,0.00900874564252187,1.4449371356197511,0.03498833200177361,-0.22195657094319662,0.23202238888707957,-0.03080609638727953,0.33159220860392463,0.002065944233028416,0.0013684499806752852
ele-fashion,N0,node,off,normal,3,0.8738195300102234,0.0002101686483441743,0.7380268464043824,0.0026052493656310276,0.4144255417123468,0.01621457702543928,0.0,0.0,0.0,0.0,0.0,0.0
ele-fashion,N0,node,off,traj_global_mean,3,0.8722171187400818,0.0007937354478529275,0.733421804268531,0.0032799841321506915,0.41902842818684793,0.01615190984995008,-0.16024112701416016,0.08929727182771481,-0.4605042135851371,0.26270202942641485,0.004602886474501171,0.00016545647895365744
ele-fashion,N0,node,off,traj_node_shuffle,15,0.8719443678855896,0.000638202030495474,0.7336293174283982,0.0029436472965071,0.4200257956199286,0.016413858110161314,-0.1875162124633789,0.07122271154238843,-0.4397528975984229,0.231269494715379,0.005600253907581795,0.000668247443244814
ele-fashion,NC,node,context,normal,3,0.8727626204490662,0.0007422758033661951,0.7436536346766076,0.0027666856269039294,0.40859318316025495,0.003176735811366481,0.0,0.0,0.0,0.0,0.0,0.0
ele-fashion,NC,node,context,traj_global_mean,3,0.8709215521812439,0.0005476284293656084,0.7370174068667464,0.005634322904420046,0.4130058973973782,0.0027030750947618608,-0.18410682678222656,0.12856594046592554,-0.6636227809861173,0.2878392363182114,0.004412714237123268,0.00048722081150916197
ele-fashion,NC,node,context,traj_node_shuffle,15,0.8709420084953308,0.0007098075699589745,0.7387242323779002,0.005756614315096672,0.4140032989573744,0.00262431718930566,-0.18206119537353516,0.13834882129121367,-0.49294022987074043,0.3297963616375062,0.005410115797119515,0.0008871527031327067
ele-fashion,NS,node,static,normal,3,0.8742968241373698,0.0016681412214388056,0.7446399955093476,0.010125162533028635,0.4405676642846412,0.034873896526046375,0.0,0.0,0.0,0.0,0.0,0.0
ele-fashion,NS,node,static,traj_global_mean,3,0.8715693354606628,0.0009751081463760081,0.7370510083166696,0.004364244658708984,0.4461295982439654,0.03606170912139582,-0.272748867670695,0.20393440529826634,-0.7588987192677976,0.5804518928906768,0.0055619339593241945,0.0011919353488997367
ele-fashion,NS,node,static,traj_node_shuffle,15,0.8697555581728618,0.0028829876060269067,0.7355958442805078,0.0033529182542661,0.45303386074234064,0.04388069751296488,-0.45412659645080566,0.4061064573272622,-0.9044151228839689,0.7234153711261642,0.012466196457699415,0.009331988858533343
