dataset,variant,seed,basis,gamma0,gamma1,gamma2,gamma3,gamma_sum,gamma_l1,gamma_negative_count,c0,c1,c2,c3,c_sum,c_l1,c_negative_count,abs_weighted_effective_order,normalized_shape0,normalized_shape1,normalized_shape2,normalized_shape3,c_sign0,c_sign1,c_sign2,c_sign3,gamma_sign0,gamma_sign1,gamma_sign2,gamma_sign3,interpretation
Movies,RFD,42,raw,,,,,,,,0.15000000596046448,0.1274999976158142,0.7225000262260437,0.0,1.0,1.0,0,1.5724999904632568,0.15000000596046448,0.1274999976158142,0.7225000262260437,0.0,1,1,1,0,,,,,polynomial coefficient shape; LayerNorm obscures positive global scale
Movies,RFD,43,raw,,,,,,,,0.15000000596046448,0.1274999976158142,0.7225000262260437,0.0,1.0,1.0,0,1.5724999904632568,0.15000000596046448,0.1274999976158142,0.7225000262260437,0.0,1,1,1,0,,,,,polynomial coefficient shape; LayerNorm obscures positive global scale
Movies,RFD,44,raw,,,,,,,,0.15000000596046448,0.1274999976158142,0.7225000262260437,0.0,1.0,1.0,0,1.5724999904632568,0.15000000596046448,0.1274999976158142,0.7225000262260437,0.0,1,1,1,0,,,,,polynomial coefficient shape; LayerNorm obscures positive global scale
Movies,RGD,42,raw,,,,,,,,0.23513883352279663,0.0727868527173996,0.6314601898193359,-0.08861952275037766,0.8507663607597351,1.0280053615570068,1,1.5579352378845215,0.22873307764530182,0.07080396264791489,0.6142576932907104,-0.08620531111955643,1,1,1,-1,,,,,polynomial coefficient shape; LayerNorm obscures positive global scale
Movies,RGD,43,raw,,,,,,,,0.24748384952545166,0.05552016198635101,0.6128031015396118,-0.10738158971071243,0.8084255456924438,1.0231887102127075,1,1.5669358968734741,0.2418750822544098,0.05426189675927162,0.5989150404930115,-0.10494798421859741,1,1,1,-1,,,,,polynomial coefficient shape; LayerNorm obscures positive global scale
Movies,RGD,44,raw,,,,,,,,0.22627191245555878,0.07851894944906235,0.6422757506370544,-0.0772223100066185,0.8698443174362183,1.0242888927459717,1,1.5569214820861816,0.2209063470363617,0.07665703445672989,0.6270455121994019,-0.07539114356040955,1,1,1,-1,,,,,polynomial coefficient shape; LayerNorm obscures positive global scale
Movies,AGD,42,anchored,0.1515531688928604,0.0035137832164764404,0.7833898663520813,-0.10256360471248627,0.8358932137489319,1.041020393371582,1,0.2199871838092804,0.06443676352500916,0.6262381672859192,-0.07476886361837387,0.8358932733535767,0.9854309558868408,1,1.564005732536316,0.22323957085609436,0.06538942456245422,0.6354967355728149,-0.07587427645921707,1,1,1,-1,1,1,1,-1,polynomial coefficient shape; LayerNorm obscures positive global scale
Movies,AGD,43,anchored,0.13557521998882294,0.017062999308109283,0.806380033493042,-0.08181031048297882,0.8772079944610596,1.0408285856246948,1,0.20973849296569824,0.08056797087192535,0.6465412378311157,-0.059639714658260345,0.8772079944610596,0.9964873790740967,1,1.558042287826538,0.2104778289794922,0.0808519721031189,0.6488202810287476,-0.05984994396567345,1,1,1,-1,1,1,1,-1,polynomial coefficient shape; LayerNorm obscures positive global scale
Movies,AGD,44,anchored,0.14229519665241241,0.015019509941339493,0.796431303024292,-0.08945860713720322,0.8642874360084534,1.0432045459747314,1,0.21449440717697144,0.07714509963989258,0.6378632187843323,-0.06521531939506531,0.8642874360084534,0.9947180151939392,1,1.556740164756775,0.21563337743282318,0.07755474001169205,0.6412503123283386,-0.06556161493062973,1,1,1,-1,1,1,1,-1,polynomial coefficient shape; LayerNorm obscures positive global scale
Grocery,RFD,42,raw,,,,,,,,0.15000000596046448,0.1274999976158142,0.7225000262260437,0.0,1.0,1.0,0,1.5724999904632568,0.15000000596046448,0.1274999976158142,0.7225000262260437,0.0,1,1,1,0,,,,,polynomial coefficient shape; LayerNorm obscures positive global scale
Grocery,RFD,43,raw,,,,,,,,0.15000000596046448,0.1274999976158142,0.7225000262260437,0.0,1.0,1.0,0,1.5724999904632568,0.15000000596046448,0.1274999976158142,0.7225000262260437,0.0,1,1,1,0,,,,,polynomial coefficient shape; LayerNorm obscures positive global scale
Grocery,RFD,44,raw,,,,,,,,0.15000000596046448,0.1274999976158142,0.7225000262260437,0.0,1.0,1.0,0,1.5724999904632568,0.15000000596046448,0.1274999976158142,0.7225000262260437,0.0,1,1,1,0,,,,,polynomial coefficient shape; LayerNorm obscures positive global scale
Grocery,RGD,42,raw,,,,,,,,0.21243420243263245,0.05789247900247574,0.6559019684791565,-0.06313975155353546,0.8630889058113098,0.9893683791160583,1,1.5758696794509888,0.21471698582172394,0.058514583855867386,0.6629502177238464,-0.06381824612617493,1,1,1,-1,,,,,polynomial coefficient shape; LayerNorm obscures positive global scale
Grocery,RGD,43,raw,,,,,,,,0.19600456953048706,0.0818880945444107,0.6768118143081665,-0.04259897768497467,0.9121055006980896,0.9973034262657166,1,1.5675355195999146,0.19653454422950745,0.08210951089859009,0.6786417961120605,-0.042714159935712814,1,1,1,-1,,,,,polynomial coefficient shape; LayerNorm obscures positive global scale
Grocery,RGD,44,raw,,,,,,,,0.20534132421016693,0.07212904840707779,0.6652469635009766,-0.05429716780781746,0.8884202241897583,0.9970145225524902,1,1.5702022314071655,0.20595620572566986,0.07234503328800201,0.6672390103340149,-0.05445975437760353,1,1,1,-1,,,,,polynomial coefficient shape; LayerNorm obscures positive global scale
Grocery,AGD,42,anchored,0.09798736870288849,0.04279914125800133,0.8499725461006165,-0.03607127442955971,0.954687774181366,1.0268303155899048,1,0.18365740776062012,0.11177033931016922,0.6855559945106506,-0.02629595808684826,0.954687774181366,1.007279634475708,1,1.550483226776123,0.18233011662960052,0.11096256971359253,0.6806014776229858,-0.026105916127562523,1,1,1,-1,1,1,1,-1,polynomial coefficient shape; LayerNorm obscures positive global scale
Grocery,AGD,43,anchored,0.09936080873012543,0.042743172496557236,0.8475197553634644,-0.03753003850579262,0.9520936608314514,1.0271538496017456,1,0.18463408946990967,0.11136791855096817,0.6834510564804077,-0.02735939621925354,0.9520937204360962,1.0068124532699585,1,1.549790382385254,0.18338479101657867,0.1106143668293953,0.6788265705108643,-0.027174273505806923,1,1,1,-1,1,1,1,-1,polynomial coefficient shape; LayerNorm obscures positive global scale
Grocery,AGD,44,anchored,0.12570038437843323,0.03450467437505722,0.8088318109512329,-0.07299384474754333,0.8960430026054382,1.0420308113098145,1,0.20273464918136597,0.0972796231508255,0.6492412686347961,-0.05321251228451729,0.8960430026054382,1.0024681091308594,1,1.5515702962875366,0.20223550498485565,0.09704011678695679,0.6476427912712097,-0.05308150127530098,1,1,1,-1,1,1,1,-1,polynomial coefficient shape; LayerNorm obscures positive global scale
ele-fashion,RFD,42,raw,,,,,,,,0.15000000596046448,0.1274999976158142,0.7225000262260437,0.0,1.0,1.0,0,1.5724999904632568,0.15000000596046448,0.1274999976158142,0.7225000262260437,0.0,1,1,1,0,,,,,polynomial coefficient shape; LayerNorm obscures positive global scale
ele-fashion,RFD,43,raw,,,,,,,,0.15000000596046448,0.1274999976158142,0.7225000262260437,0.0,1.0,1.0,0,1.5724999904632568,0.15000000596046448,0.1274999976158142,0.7225000262260437,0.0,1,1,1,0,,,,,polynomial coefficient shape; LayerNorm obscures positive global scale
ele-fashion,RFD,44,raw,,,,,,,,0.15000000596046448,0.1274999976158142,0.7225000262260437,0.0,1.0,1.0,0,1.5724999904632568,0.15000000596046448,0.1274999976158142,0.7225000262260437,0.0,1,1,1,0,,,,,polynomial coefficient shape; LayerNorm obscures positive global scale
ele-fashion,RGD,42,raw,,,,,,,,0.28030502796173096,0.004190139472484589,0.5552316904067993,-0.15666265785694122,0.6830642223358154,0.9963895082473755,1,1.590383529663086,0.281320720911026,0.004205322824418545,0.5572435855865479,-0.15723033249378204,1,1,1,-1,,,,,polynomial coefficient shape; LayerNorm obscures positive global scale
ele-fashion,RGD,43,raw,,,,,,,,0.257186621427536,0.04302336275577545,0.597532331943512,-0.1203986406326294,0.7773436903953552,1.0181410312652588,1,1.5707882642745972,0.2526041269302368,0.042256779968738556,0.5868856310844421,-0.11825340241193771,1,1,1,-1,,,,,polynomial coefficient shape; LayerNorm obscures positive global scale
ele-fashion,RGD,44,raw,,,,,,,,0.2588229179382324,0.0380973219871521,0.5928298234939575,-0.1242825835943222,0.7654674649238586,1.0140326023101807,1,1.5745103359222412,0.2552412152290344,0.03757011517882347,0.5846260190010071,-0.1225627064704895,1,1,1,-1,,,,,polynomial coefficient shape; LayerNorm obscures positive global scale
ele-fashion,AGD,42,anchored,0.20711173117160797,0.021988727152347565,0.6716606020927429,-0.20084968209266663,0.69991135597229,1.101610779762268,1,0.256391704082489,0.06216283142566681,0.5277762413024902,-0.14641940593719482,0.69991135597229,0.9927501678466797,1,1.5683437585830688,0.25826406478881836,0.06261679530143738,0.5316304564476013,-0.14748866856098175,1,1,1,-1,1,1,1,-1,polynomial coefficient shape; LayerNorm obscures positive global scale
ele-fashion,AGD,43,anchored,0.21988935768604279,0.015505239367485046,0.6397501230239868,-0.2267913669347763,0.6483533382415771,1.1019361019134521,1,0.2627357542514801,0.051121000200510025,0.49982750415802,-0.1653309017419815,0.6483533382415771,0.9790151119232178,1,1.579923152923584,0.2683674097061157,0.05221676453948021,0.5105411410331726,-0.16887472569942474,1,1,1,-1,1,1,1,-1,polynomial coefficient shape; LayerNorm obscures positive global scale
ele-fashion,AGD,44,anchored,0.21827350556850433,0.016872484236955643,0.6376560926437378,-0.2280338555574417,0.644768238067627,1.100835919380188,1,0.26092296838760376,0.05205123871564865,0.4980306923389435,-0.16623666882514954,0.644768238067627,0.977241575717926,1,1.5828455686569214,0.2669994533061981,0.053263429552316666,0.5096290707588196,-0.17010806500911713,1,1,1,-1,1,1,1,-1,polynomial coefficient shape; LayerNorm obscures positive global scale
