dataset,host_seed,variant,ce,accuracy,macro_f1,ce_delta_vs_B0,positive_improvement_fraction,harmful_fraction,parameter_count
Movies,42,B0_GlobalFrozen,1.6005144119262695,0.5561122298240662,0.4837827691642251,0.0,,,
Movies,42,B1_ReceiverResidual,1.5288299322128296,0.5551102161407471,0.4939799436427291,-0.07168447971343994,0.45991984009742737,0.540080189704895,106080
Movies,42,B2_ContextResidual,1.5296274423599243,0.5571142435073853,0.49679441247836814,-0.07088696956634521,0.4569138288497925,0.5430861711502075,106080
Movies,42,B3_ShuffledContextResidual,1.5263671875,0.5551102161407471,0.4949315041200085,-0.07414722442626953,0.45991984009742737,0.540080189704895,106080
Movies,42,B2_eval_shuffle,1.5308104753494263,0.5551102161407471,0.4964073354391444,-0.06970393657684326,0.46392786502838135,0.5360721349716187,
Movies,43,B0_GlobalFrozen,1.4960297346115112,0.5470941662788391,0.4521655828827546,0.0,,,
Movies,43,B1_ReceiverResidual,1.4832571744918823,0.5320641398429871,0.4726146040164057,-0.012772560119628906,0.42084169387817383,0.5791583061218262,106080
Movies,43,B2_ContextResidual,1.4733779430389404,0.5460922122001648,0.48467942281782,-0.0226517915725708,0.4258517026901245,0.5741482973098755,106080
Movies,43,B3_ShuffledContextResidual,1.4754689931869507,0.5450901985168457,0.4808851993110652,-0.020560741424560547,0.4228456914424896,0.5771543383598328,106080
Movies,43,B2_eval_shuffle,1.4727016687393188,0.5460922122001648,0.48421295275241844,-0.023328065872192383,0.43587175011634827,0.5641282796859741,
Movies,44,B0_GlobalFrozen,1.4691213369369507,0.5611222386360168,0.49098980926644575,0.0,,,
Movies,44,B1_ReceiverResidual,1.4468659162521362,0.5551102161407471,0.48940139188432064,-0.022255420684814453,0.44288578629493713,0.5571142435073853,106080
Movies,44,B2_ContextResidual,1.445622444152832,0.5551102161407471,0.4897159087312123,-0.023498892784118652,0.4559118151664734,0.5440881848335266,106080
Movies,44,B3_ShuffledContextResidual,1.446433186531067,0.5561122298240662,0.49064090307071656,-0.02268815040588379,0.4478957951068878,0.5521042346954346,106080
Movies,44,B2_eval_shuffle,1.4461517333984375,0.5551102161407471,0.4896810686964804,-0.022969603538513184,0.4529058039188385,0.5470941662788391,
Grocery,42,B0_GlobalFrozen,0.6123560667037964,0.835616409778595,0.7249432080409927,0.0,,,
Grocery,42,B1_ReceiverResidual,0.6013092994689941,0.835616409778595,0.7270125154525167,-0.011046767234802246,0.32583171129226685,0.6741682887077332,106080
Grocery,42,B2_ContextResidual,0.6016878485679626,0.8365948796272278,0.7277791878744465,-0.01066821813583374,0.32485324144363403,0.675146758556366,106080
Grocery,42,B3_ShuffledContextResidual,0.601865291595459,0.8365948796272278,0.7277791878744465,-0.010490775108337402,0.32485324144363403,0.675146758556366,106080
Grocery,42,B2_eval_shuffle,0.6017565727233887,0.8365948796272278,0.7277791878744465,-0.010599493980407715,0.32387474179267883,0.6761252284049988,
Grocery,43,B0_GlobalFrozen,0.6290121078491211,0.8336594700813293,0.7385546180987893,0.0,,,
Grocery,43,B1_ReceiverResidual,0.6243966817855835,0.8317025303840637,0.7410262832849639,-0.004615426063537598,0.301369845867157,0.698630154132843,106080
Grocery,43,B2_ContextResidual,0.6244556307792664,0.8317025303840637,0.7410262832849639,-0.004556477069854736,0.29941290616989136,0.7005870938301086,106080
Grocery,43,B3_ShuffledContextResidual,0.6243929862976074,0.8317025303840637,0.7410262832849639,-0.004619121551513672,0.29941290616989136,0.7005870938301086,106080
Grocery,43,B2_eval_shuffle,0.6244282126426697,0.8317025303840637,0.7410262832849639,-0.004583895206451416,0.29941290616989136,0.7005870938301086,
Grocery,44,B0_GlobalFrozen,0.6109973788261414,0.8434442281723022,0.7442651910819045,0.0,,,
Grocery,44,B1_ReceiverResidual,0.614659309387207,0.8405088186264038,0.7397718725726443,0.003661930561065674,0.3493150770664215,0.6506849527359009,106080
Grocery,44,B2_ContextResidual,0.6154080033302307,0.8375734090805054,0.7373677793408235,0.0044106245040893555,0.36105674505233765,0.6389432549476624,106080
Grocery,44,B3_ShuffledContextResidual,0.6142265796661377,0.8365948796272278,0.7360782105392418,0.003229200839996338,0.3571428656578064,0.6428571343421936,106080
Grocery,44,B2_eval_shuffle,0.6152094006538391,0.8365948796272278,0.7365880618108986,0.004212021827697754,0.3659491240978241,0.6340508460998535,
ele-fashion,42,B0_GlobalFrozen,0.4022946357727051,0.8736357688903809,0.6832413019384515,0.0,,,
ele-fashion,42,B1_ReceiverResidual,0.3815425932407379,0.8751705288887024,0.6946426215590451,-0.020752042531967163,0.15893587470054626,0.8410640954971313,105040
ele-fashion,42,B2_ContextResidual,0.3845079839229584,0.8707367181777954,0.6901532383812577,-0.017786651849746704,0.163881316781044,0.8361186981201172,105040
ele-fashion,42,B3_ShuffledContextResidual,0.3850165009498596,0.8712483048439026,0.6904950467847201,-0.01727813482284546,0.1642223745584488,0.8357776403427124,105040
ele-fashion,42,B2_eval_shuffle,0.38455888628959656,0.870566189289093,0.6913665811163979,-0.01773574948310852,0.16473397612571716,0.8352660536766052,
ele-fashion,43,B0_GlobalFrozen,0.4368939697742462,0.875852644443512,0.6872398504743589,0.0,,,
ele-fashion,43,B1_ReceiverResidual,0.38817575573921204,0.8721009492874146,0.7047474638802099,-0.04871821403503418,0.15978853404521942,0.8402114510536194,105040
ele-fashion,43,B2_ContextResidual,0.3895805776119232,0.8719304203987122,0.7038503740190367,-0.047313392162323,0.16456343233585358,0.8354365825653076,105040
ele-fashion,43,B3_ShuffledContextResidual,0.38773369789123535,0.8727830648422241,0.7091491581416468,-0.049160271883010864,0.15944747626781464,0.8405525088310242,105040
ele-fashion,43,B2_eval_shuffle,0.38969165086746216,0.871418833732605,0.7035769856221629,-0.04720231890678406,0.1642223745584488,0.8357776403427124,
ele-fashion,44,B0_GlobalFrozen,0.4299309253692627,0.8761937022209167,0.7078010584816995,0.0,,,
ele-fashion,44,B1_ReceiverResidual,0.38188430666923523,0.8746589422225952,0.7109745947570317,-0.048046618700027466,0.14478172361850739,0.8552182912826538,105040
ele-fashion,44,B2_ContextResidual,0.38136789202690125,0.8744884133338928,0.7111167806178639,-0.04856303334236145,0.1427353322505951,0.8572646975517273,105040
ele-fashion,44,B3_ShuffledContextResidual,0.38147255778312683,0.8746589422225952,0.7127703420898622,-0.048458367586135864,0.1444406509399414,0.8555593490600586,105040
ele-fashion,44,B2_eval_shuffle,0.3814196288585663,0.874147355556488,0.7121733959741136,-0.04851129651069641,0.14478172361850739,0.8552182912826538,
