dataset,seed,fold,model,n_edges,spearman,pearson,r2,sign_auroc,sign_balanced_accuracy,sign_prevalence,within_target_residual_spearman,per_target_eligible_count,per_target_valid_count,per_target_rank_mean,per_target_rank_median,per_target_rank_q25,per_target_rank_q75,modality,target_type
Movies,42,0,M0StateDirect,10533,0.0815632935256536,-0.002467186448843044,-0.019499059578474753,0.5767698888673998,0.5236702828493438,0.596601158264502,0.009694666657187741,568,568,0.026650214995626528,0.030849753694581282,-0.2142857142857143,0.31004916136495086,text,smooth_utility
Movies,42,0,M0StateDirect,10533,0.0394673513962085,-0.009665908359872768,-0.007084595249697401,0.5359211116554587,0.5237003547545033,0.4038735403019083,0.01824977843389688,568,568,0.037765535266756654,0.01985221674876847,-0.21065788171051328,0.28087732160312806,text,delta_absdiff
Movies,42,0,M0StateDirect,10533,0.09231538496861699,0.02193783927945504,-0.005530912255499398,0.5139943858983054,0.4808846583316697,0.6420772809266116,0.038986104373795266,568,568,0.05324659680446286,0.06851503759398496,-0.250307881773399,0.371978021978022,text,delta_product
Movies,42,0,M0StateDirect,10533,0.07592301882747017,-0.008745880773517673,-0.013720416069731955,0.5486732501540076,0.5287160582869201,0.6385645115351751,0.015263857501137682,568,568,0.044094894150713985,0.06240601503759398,-0.25976689976689976,0.33256939139292074,visual,smooth_utility
Movies,42,0,M0StateDirect,10533,0.05809046233540665,0.005574246911872417,-0.0050684392256805655,0.542607631752454,0.5283886002732239,0.38754390961739293,0.005243658217545488,568,568,0.027598894339277508,0.055738060389223174,-0.2460664335664336,0.3,visual,delta_absdiff
Movies,42,0,M0StateDirect,10533,-0.021426648367229885,-0.00376099736706217,-0.0035107678397603426,0.5105221626394617,0.5001580016881175,0.4514383366562233,-0.006485383540830818,568,568,0.010362919879000787,-0.0036726077287523766,-0.25,0.26117981283422465,visual,delta_product
Movies,42,1,M0StateDirect,10534,0.02479634585851045,0.01357376102886349,-0.04258294519727879,0.5006761114231626,0.4884461473536553,0.5861021454338333,-0.0052797890166082564,569,569,-0.0019539852968245724,0.0,-0.2678571428571428,0.2571428571428572,text,smooth_utility
Movies,42,1,M0StateDirect,10534,-0.00048673262619384805,-0.014510156397590743,-0.03921406884512968,0.4875207596214335,0.484137230520659,0.4240554395291437,-0.021313926590711317,569,569,-0.008097251165306015,0.0017543859649122807,-0.28571428571428575,0.22598290598290596,text,delta_absdiff
Movies,42,1,M0StateDirect,10534,0.055002728840370795,-0.0038470534082493753,-0.03601360975572754,0.5167438080126637,0.5219572415279055,0.6358458325422441,0.008171425257416442,569,569,0.04764334098604011,0.049999999999999996,-0.2657342657342658,0.3571428571428572,text,delta_product
Movies,42,1,M0StateDirect,10534,0.005883335779138809,-0.0017663815609776238,-0.07325881064553408,0.5188102730492945,0.5029657043777578,0.6207518511486615,0.010421955926671415,569,569,0.002083225217381384,0.0,-0.261904761904762,0.28571428571428575,visual,smooth_utility
Movies,42,1,M0StateDirect,10534,0.021295348524889183,-0.004375596819762682,-0.046184769947831716,0.5197016657518829,0.5067444172525208,0.39415226884374405,0.005548575624022782,569,569,0.011918911098213391,0.028571428571428574,-0.2571428571428572,0.28484848484848485,visual,delta_absdiff
Movies,42,1,M0StateDirect,10534,0.041706197773840645,0.0307774257459903,-0.0223773381498642,0.5417865542373749,0.5317695843058622,0.4569014619327891,0.009475641531538171,569,569,0.025772186981813276,0.049999999999999996,-0.23636363636363633,0.2911764705882353,visual,delta_product
Movies,42,2,M0StateDirect,10534,0.07379409000877944,0.02421066651015581,-0.0033357030999878745,0.5415156286173852,0.5019991420413363,0.6085057907727359,0.0023221793524144177,569,569,0.014411082960407868,0.025997425997425997,-0.3311688311688311,0.3714285714285715,text,smooth_utility
Movies,42,2,M0StateDirect,10534,0.08047758709686015,0.029190513094378423,-0.006433440881587149,0.5552324810128175,0.5232796539467812,0.3608315929371559,0.00457945029263957,569,569,0.013963613919225697,0.013986013986013986,-0.3107142857142856,0.34965034965034975,text,delta_absdiff
Movies,42,2,M0StateDirect,10534,0.09252578896864311,0.01533169245581491,-0.009860897747919317,0.5595096983170522,0.5014067758256108,0.619327890639833,0.034625172732863425,569,569,0.04717956886719804,0.045454545454545456,-0.24161857478188925,0.3362637362637363,text,delta_product
Movies,42,2,M0StateDirect,10534,0.048755363701485636,0.010454545711454318,-0.008709548759577856,0.5123274543496636,0.49703588832753065,0.6359407632428328,-0.021993318216654713,569,569,-0.031149781214462133,-0.03571428571428572,-0.3077922077922078,0.2318674865700683,visual,smooth_utility
Movies,42,2,M0StateDirect,10534,0.046810929508025116,0.011450999802164356,-0.006542083072419658,0.5345875412278541,0.5174931512198638,0.4000379722802354,-0.0045477954795399445,569,569,-0.005292422576602107,-0.028571428571428574,-0.2857142857142857,0.2571428571428572,visual,delta_absdiff
Movies,42,2,M0StateDirect,10534,0.020553590986441196,0.00034669121517432713,-0.008092680244270456,0.5166665022701334,0.4992256557960373,0.4423770647427378,-0.0063067922039189254,569,569,-0.01223650620631513,-0.03296703296703297,-0.3092885375494071,0.25769230769230766,visual,delta_product
Movies,43,0,M0StateDirect,10421,0.03239607071051118,-0.01012649713111765,-0.009540233878394977,0.5529137435487698,0.5182337860558741,0.5768160445254774,-0.0013836667034540777,592,592,-0.0012363018531028373,0.0,-0.23461613543266768,0.23570381231671556,text,smooth_utility
Movies,43,0,M0StateDirect,10421,-0.002068382177395144,-0.02103405062366722,-0.0030571603231954736,0.49945211658720756,0.5007957644428945,0.3907494482295365,-0.016409060352012055,592,592,-0.01056154797970678,0.0,-0.2517857142857143,0.23354068149413404,text,delta_absdiff
Movies,43,0,M0StateDirect,10421,0.087008503499481,0.017258720282842137,-0.00485183761926411,0.6002771164626859,0.58176766897353,0.5534017848574992,-0.013221049894466723,592,592,-0.013614656529859036,-0.020879120879120878,-0.2799236914364835,0.2571428571428572,text,delta_product
Movies,43,0,M0StateDirect,10421,0.03834621141617501,0.005569320473274701,-0.007662649548416667,0.5214913485362664,0.5099497010598265,0.6609730352173496,0.02750757466237851,592,592,0.034117954791699476,0.04918867426607365,-0.2674393116534712,0.3460017039922103,visual,smooth_utility
Movies,43,0,M0StateDirect,10421,-0.003155827752388227,0.010700711475684153,-0.0012526998832489422,0.48976748852078156,0.48538236759816267,0.40015353612897037,0.016763406322635562,592,592,-0.010029731566335198,-0.026540381349818735,-0.2857142857142857,0.3,visual,delta_absdiff
Movies,43,0,M0StateDirect,10421,0.009632797746242485,-0.012620089378991579,-0.006181883238377761,0.5557881673935221,0.534038244844903,0.38268880145859324,0.016921803965138985,592,592,0.01806369853099297,0.021203796203796203,-0.23967032967032964,0.3,visual,delta_product
Movies,43,1,M0StateDirect,10422,0.07684120134506776,0.01075949564017263,-0.006475543348422486,0.5848410461320761,0.5003046120130502,0.5894262137785454,-0.0033855577157695764,592,592,-0.014085991817742555,0.0,-0.2885414585414586,0.25,text,smooth_utility
Movies,43,1,M0StateDirect,10422,0.05727316907980243,-0.0012913829190043338,-0.0034396381385242147,0.5936727340101955,0.5451031515132245,0.3756476683937824,-0.001013883797988825,592,592,-0.009193635005290857,0.007133217659533449,-0.2823457223001402,0.27544540083239777,text,delta_absdiff
Movies,43,1,M0StateDirect,10422,0.0880497961212723,0.019317882053408484,-0.005318869266192738,0.5785638201452598,0.5233423490867525,0.5544041450777202,0.012607475910138907,592,592,0.025526252412852356,0.015045248868778283,-0.2506578947368421,0.3107142857142857,text,delta_product
Movies,43,1,M0StateDirect,10422,0.007352459428692699,0.0015337563461871088,-0.02379760034334133,0.5162398740120939,0.5001774350580632,0.6229130685089235,-0.004187864755262326,592,592,-0.001053973517688678,-0.001098901098901099,-0.2850649350649351,0.2741446763600106,visual,smooth_utility
Movies,43,1,M0StateDirect,10422,0.04346778118466158,0.003367121451988002,-0.011916067913663175,0.5473339589838692,0.5167164246750029,0.4351372097486087,-0.0037518810043807027,592,592,-0.00259887498930911,-0.004670329670329669,-0.2626398601398601,0.22177318295739343,visual,delta_absdiff
Movies,43,1,M0StateDirect,10422,0.027391182554814576,-0.017539481968167354,-0.013435395887546164,0.5188469756098096,0.5135338523389249,0.41824985607369025,0.002993951301977755,592,592,-0.014956762073188782,-0.030021763311892442,-0.2742260061919504,0.23408880666049953,visual,delta_product
Movies,43,2,M0StateDirect,10422,0.03106210502523583,-0.004514931777893388,-0.027569530856587532,0.5676941193094296,0.5057661500090905,0.6055459604682403,-0.009654207821471607,591,591,0.007531480071873914,-0.016703066843028084,-0.2571428571428572,0.275924075924076,text,smooth_utility
Movies,43,2,M0StateDirect,10422,0.008728815571068287,-0.030387909727269777,-0.011029107620881273,0.5536934960682869,0.536390903271436,0.36825945116100556,0.018327045094556047,591,591,0.03430156169115548,0.02097902097902098,-0.21255633255633255,0.2841025024322507,text,delta_absdiff
Movies,43,2,M0StateDirect,10422,0.09546671156127365,0.02014097273894183,-0.020574183089427267,0.594078021917854,0.5607589490788989,0.5445212051429668,-0.0025460470037677696,591,591,-0.005418488592563507,0.005494505494505494,-0.2857142857142857,0.2805005339488098,text,delta_product
Movies,43,2,M0StateDirect,10422,0.022527195197628955,-0.01186860320381097,-0.018802466405872575,0.5668383826228016,0.5143861845165404,0.6610055651506429,0.006377993828482946,591,591,0.035929536664726903,0.03508771929824562,-0.24470931367483093,0.3285014005602241,visual,smooth_utility
Movies,43,2,M0StateDirect,10422,0.015295425109508308,-0.019002092603973866,-0.012605475949470923,0.5607362775772964,0.5414827763727421,0.3807330646708885,-0.005440891070575659,591,591,0.0016938801745583004,0.017088174982911826,-0.2680623973727422,0.29047250479139025,visual,delta_absdiff
Movies,43,2,M0StateDirect,10422,-0.005329573948762096,-0.0038068199126407463,-0.011526862725860676,0.5261468489258413,0.5066987699714024,0.4006908462867012,-0.016088359041908164,591,591,-0.02201304702999075,-0.043478260869565216,-0.292866447278212,0.24097744360902257,visual,delta_product
Movies,44,0,M0StateDirect,11013,0.05524025209526271,0.013911226840004228,-0.014081117707458457,0.5733591602477908,0.5232368080406079,0.6071915009534187,-0.027430197670110613,580,580,-0.02018565162149828,-0.03354978354978355,-0.27296650717703347,0.24694264069264063,text,smooth_utility
Movies,44,0,M0StateDirect,11013,0.054489655597108354,-0.0018552869801840466,-0.0193995702970009,0.5714907814071987,0.5356062849835354,0.3692000363207119,-0.03260735790192141,580,580,-0.023952747523951642,-0.028571428571428574,-0.27656671664167914,0.19999999999999998,text,delta_absdiff
Movies,44,0,M0StateDirect,11013,-0.006434359981844419,-0.001922541388987777,-0.004916441313330466,0.5332049229956881,0.5173474519314374,0.5889403432307273,-0.012151784147427966,580,580,-0.006352082286707722,-0.044355644355644354,-0.26152882205513783,0.2571428571428571,text,delta_product
Movies,44,0,M0StateDirect,11013,0.09428996523021645,0.02167919937905657,-0.010034682825485586,0.588153637013076,0.5460945856265121,0.6266230818124036,0.016266492294726532,580,580,0.023048055020689677,0.0238363724936615,-0.21998222365869424,0.29473684210526313,visual,smooth_utility
Movies,44,0,M0StateDirect,11013,0.08886799497467743,0.010015552622841484,-0.01377539377988568,0.5910914502707211,0.5633832952542415,0.40025424498320167,0.006088500180360833,580,580,0.02188195866473641,0.028571428571428574,-0.22395879982086878,0.2850649350649351,visual,delta_absdiff
Movies,44,0,M0StateDirect,11013,0.04813242420453544,0.011946103945796123,-0.007735741155749265,0.5550010443221193,0.5211661472269676,0.41269408880414055,-0.008377694029467421,580,580,-0.014319550803080238,-0.03248761978262268,-0.24170354175009093,0.225768093983676,visual,delta_product
Movies,44,1,M0StateDirect,11013,0.06533944347522838,0.029528407856335714,-0.014877927938379276,0.5184999143811447,0.49572568171516807,0.5481703441387451,-0.018831497462863687,580,580,-0.01303398751400315,-0.010474308300395257,-0.2912433155080214,0.22577422577422576,text,smooth_utility
Movies,44,1,M0StateDirect,11013,0.07530316851801648,0.0022561819600612726,-0.01535444775165562,0.5782197990342787,0.5200191639105667,0.43221647144284026,-0.010099748261633283,580,580,-0.02556789800500798,-0.01818181818181818,-0.26877964895635675,0.2142857142857143,text,delta_absdiff
Movies,44,1,M0StateDirect,11013,-0.008352879738949302,-0.010509363569711036,-0.020755700531437382,0.5638541281591883,0.5331510371056251,0.604649051121402,-0.0019589750380046766,580,580,0.01209550929561826,0.026171654432524,-0.2696836946836947,0.3,text,delta_product
Movies,44,1,M0StateDirect,11013,0.06713279725068866,0.02877155917846942,-0.005696516497239124,0.5314047475381488,0.512508879698371,0.597657314083356,-0.004369889499312914,580,580,0.0026496437793023585,0.0,-0.2703557312252964,0.28701298701298705,visual,smooth_utility
Movies,44,1,M0StateDirect,11013,0.06124694281372433,0.004817283035182918,-0.007300369461237022,0.5724330526339039,0.5326091459845637,0.43975301915917553,0.002107429511904042,580,580,0.005835925741833871,0.006836496836496836,-0.2506868131868132,0.2572049689440994,visual,delta_absdiff
Movies,44,1,M0StateDirect,11013,0.04957716509184982,0.015164972430171647,-0.014117758187988771,0.5361223697245414,0.5221972145494513,0.45137564696268045,0.012466487756572334,580,580,0.009696339347662638,0.01818181818181818,-0.263820990222592,0.28921085675649566,visual,delta_product
Movies,44,2,M0StateDirect,11013,0.057279086991646064,0.01788813350925529,-0.015971341809970285,0.5197981221923944,0.5000589681501167,0.5743212566966313,0.0027835913260543187,579,579,0.00791801467517254,0.0,-0.2327380952380952,0.24032712721158045,text,smooth_utility
Movies,44,2,M0StateDirect,11013,0.04318511306523365,0.0209978356427586,-0.014085238884914641,0.48000049316734406,0.4699649987797182,0.4073367838009625,0.02170906703028317,579,579,0.030528474654217368,0.03333333333333333,-0.2214620350148193,0.2934696882065303,text,delta_absdiff
Movies,44,2,M0StateDirect,11013,0.06411950364721337,0.01911411424476194,-0.009239074956938653,0.6048280922023886,0.5575722496833591,0.5772269136475074,6.617213243306612e-05,579,579,0.01154474224492873,0.02452574525745257,-0.26666666666666666,0.3,text,delta_product
Movies,44,2,M0StateDirect,11013,0.06789689763306701,0.005092810866434412,-0.010158152803236398,0.5352827848420079,0.5009462963250477,0.6050122582402615,0.0005903379178346176,579,579,0.005226518813253903,-0.015789473684210527,-0.2613853614778684,0.27272727272727276,visual,smooth_utility
Movies,44,2,M0StateDirect,11013,0.09557676962866181,0.00488509037932619,-0.009366644747436537,0.5627934007847867,0.5434669414111051,0.4420230636520476,0.0028196179671326855,579,579,0.014441223546628523,0.028571428571428574,-0.25240411842516186,0.2659060810065115,visual,delta_absdiff
Movies,44,2,M0StateDirect,11013,0.07120121327992593,0.021636770044364987,-0.00690531854917209,0.5725266810495941,0.5263431466655163,0.4519204576409698,0.001215794280828307,579,579,0.01984219640297455,0.018548387096774192,-0.2618347338935575,0.29473684210526313,visual,delta_product
Grocery,42,0,M0StateDirect,9175,0.13403887914386822,0.009063660243305486,-0.015154064734740347,0.5406000031143632,0.505492011167377,0.7839782016348774,0.06579302726930632,483,483,0.05881341129873835,0.05129891760425771,-0.21726737622964037,0.3571428571428572,text,smooth_utility
Grocery,42,0,M0StateDirect,9175,0.10206507363461804,0.003934184219753948,-0.005858175426978862,0.4680210563735599,0.4872064814158918,0.2067574931880109,0.02715803260884934,483,483,0.030488710979411842,0.029927760577915376,-0.22407806055378965,0.31880252100840345,text,delta_absdiff
Grocery,42,0,M0StateDirect,9175,0.022136625266412677,0.006911154930051874,-0.0024779957622451665,0.5022113980731387,0.5081051716644936,0.41798365122615805,0.028694038801338546,483,483,0.020724011709450287,0.03846153846153846,-0.24815358554488992,0.29326803464734497,text,delta_product
Grocery,42,0,M0StateDirect,9175,0.11569868098681596,0.0012025333669201462,-0.0126702969889263,0.5697900252396705,0.5251464716379143,0.7497547683923705,0.0601858024113914,483,483,0.03829914633688739,0.049999999999999996,-0.23642929285799252,0.31519829849967396,visual,smooth_utility
Grocery,42,0,M0StateDirect,9175,0.10929157352758867,-0.005417525786500432,-0.006487754380910982,0.49992369680850435,0.5039237946270796,0.2810899182561308,0.008913231727441078,483,483,0.01428776175653165,0.0005473453749315818,-0.2492424242424242,0.2734413058343105,visual,delta_absdiff
Grocery,42,0,M0StateDirect,9175,0.0800784882959607,0.026512646978815058,4.4196870052637394e-07,0.5586200037177145,0.5146471913150328,0.4370572207084469,0.007428041600861618,483,483,0.0072258784774757,0.0,-0.24633997426957982,0.2571428571428572,visual,delta_product
Grocery,42,1,M0StateDirect,9175,0.20369828544993715,0.022282565590493342,-0.01845494138254722,0.47665071443905654,0.4791976157783981,0.7853950953678475,0.01695071197572411,485,485,-0.01037796341434251,-0.023076923076923078,-0.3,0.2809224318658281,text,smooth_utility
Grocery,42,1,M0StateDirect,9175,0.16450973165560845,0.0230156688661547,-0.010908323347120774,0.4773036718012376,0.4857780612610054,0.21013623978201634,0.036227688978328815,485,485,-0.009319291052505554,0.019758064516129034,-0.3142857142857143,0.28571428571428575,text,delta_absdiff
Grocery,42,1,M0StateDirect,9175,0.05988212820517138,0.03286917467567628,-0.0009500706879144172,0.48580468360737417,0.49014324862979575,0.3923705722070845,-0.006198987255062007,485,485,-0.0158545533473636,0.0,-0.2964059196617336,0.2571428571428572,text,delta_product
Grocery,42,1,M0StateDirect,9175,0.14453995754607196,-0.01018461235741635,-0.022463434791215375,0.4697231217338464,0.4790925930509329,0.7726430517711171,-0.007525204272104659,485,485,-0.028597923241908314,-0.05054945054945055,-0.30769230769230765,0.2380952380952381,visual,smooth_utility
Grocery,42,1,M0StateDirect,9175,0.11860726970455107,-0.010152606512038795,-0.011589735878830165,0.502557614062418,0.503929078623789,0.2498092643051771,0.013223973856607493,485,485,0.01703122053786224,0.02456140350877193,-0.26747843921922837,0.28571428571428575,visual,delta_absdiff
Grocery,42,1,M0StateDirect,9175,0.03751463036146462,0.027187113244747815,-0.0012497180665218544,0.46254983725219295,0.4749396455872614,0.4015258855585831,-0.006675810436902076,485,485,-0.032846655821763354,-0.028571428571428574,-0.27058823529411763,0.21831637372802962,visual,delta_product
Grocery,42,2,M0StateDirect,9174,0.16392166249606013,0.03823303964287387,-0.0011446420456278084,0.5085152937571642,0.49246078961600864,0.7984521473730107,0.05949538286588225,486,486,0.09203246563836351,0.09371184371184371,-0.14480519480519483,0.36338522588522587,text,smooth_utility
Grocery,42,2,M0StateDirect,9174,0.1626193731983303,0.025406606039558518,-0.007589152110253794,0.47041929706304914,0.47860557165912526,0.20340091563113147,0.028413482707236048,486,486,0.04328476191491126,0.04534933080414019,-0.23294499618029027,0.313536866359447,text,delta_absdiff
Grocery,42,2,M0StateDirect,9174,0.1262328485570785,0.0234131867498041,-0.008575329674153087,0.5698445560886334,0.5421628955324018,0.3972095051231742,0.04379547018069351,486,486,0.06754178651380473,0.08539746543778802,-0.17753022261536197,0.3031171679197995,text,delta_product
Grocery,42,2,M0StateDirect,9174,0.1356998944584457,0.013292916255522114,-0.003637372398343608,0.5248559373866652,0.5038355691892964,0.776869413560061,0.04729724099411632,486,486,0.045579514165090054,0.07020757020757021,-0.2824675324675325,0.36363636363636365,visual,smooth_utility
Grocery,42,2,M0StateDirect,9174,0.14164786298631754,0.002881787981680896,-0.01460983550877848,0.5318482164521883,0.5192794886541046,0.25474166121648134,0.06749847891926532,486,486,0.10311028186848412,0.11485507246376811,-0.1534090909090909,0.3714285714285715,visual,delta_absdiff
Grocery,42,2,M0StateDirect,9174,0.11779280795961695,0.026617296645301488,-0.006178683921891137,0.5796254268322858,0.5457762656505172,0.40047961630695444,0.04439397571749534,486,486,0.06506036821791475,0.06779615303875275,-0.19772961816305473,0.33626482213438735,visual,delta_product
Grocery,43,0,M0StateDirect,9452,0.09313742320065227,0.019912817464847975,-0.005637218735150995,0.5322249545237427,0.5095840045267882,0.7681972069403301,0.05330404359421143,488,488,0.031869745281554306,0.03315018315018316,-0.2281875503188973,0.295567000204097,text,smooth_utility
Grocery,43,0,M0StateDirect,9452,0.06236164601612491,0.027472194581984234,0.0005295926319867084,0.4674787933992117,0.4847746909407816,0.21815488785442236,0.011505676325916685,488,488,0.017174727136200996,0.0057226107226107225,-0.2571428571428572,0.2669642857142857,text,delta_absdiff
Grocery,43,0,M0StateDirect,9452,0.02463818887332273,-0.0008632896735752936,-0.0033681690147671084,0.540294212617417,0.524709064950075,0.4169487939060516,0.020659354396926094,488,488,0.01425112366313206,0.028412521849674244,-0.2872115496396187,0.3091991341991342,text,delta_product
Grocery,43,0,M0StateDirect,9452,0.10618678896056143,-0.017006032487874807,-0.008280721100788258,0.5249318314369524,0.5010681116512945,0.7505289885738468,0.050962790432279505,488,488,0.0774000329290167,0.09999999999999999,-0.20009828862164664,0.35523876801083,visual,smooth_utility
Grocery,43,0,M0StateDirect,9452,0.04370439385355775,0.0013104838809765563,-0.0016700882801821137,0.48290759033946073,0.4839820815440532,0.28343207786711805,0.0029020344196286365,488,488,-0.007346653992030287,0.010366217346119392,-0.2571428571428572,0.2565484148204737,visual,delta_absdiff
Grocery,43,0,M0StateDirect,9452,-0.016388529980510182,-0.009538279385312149,-0.002990672034902886,0.5009150594063929,0.5169040143478912,0.4365213711383834,0.00400023111323066,488,488,0.02286535167556567,0.0,-0.2142857142857143,0.28406593406593406,visual,delta_product
Grocery,43,1,M0StateDirect,9452,0.14022435477594317,-0.0006029554462651308,-0.0216575423063039,0.5290785927674598,0.5021789541855558,0.7987727465086754,0.042616127077987905,490,490,0.04170405695001894,0.039505144211694335,-0.22342436974789917,0.3150516762649116,text,smooth_utility
Grocery,43,1,M0StateDirect,9452,0.07483260866324754,-0.01262675266752546,-0.025111026685256332,0.5057462600497431,0.5000117828637238,0.20249682606855693,0.05891662033485062,490,490,0.07562032323405016,0.06043562505710876,-0.18543956043956042,0.3714285714285715,text,delta_absdiff
Grocery,43,1,M0StateDirect,9452,0.08246900428725303,-0.010537383361682655,-0.00786915942299915,0.5775338280114227,0.5339248759019257,0.39198053322048243,0.022833452393416616,490,490,0.01432457997730562,0.021608169666254597,-0.2508458646616541,0.28083232556916765,text,delta_product
Grocery,43,1,M0StateDirect,9452,0.09639999119868596,-0.017623731241293454,-0.015893555493557976,0.5381633077262846,0.5164769542747769,0.7628015234870926,0.021905342835331968,490,490,0.03268523229448444,0.03020673758843689,-0.23286290322580644,0.3045974586407085,visual,smooth_utility
Grocery,43,1,M0StateDirect,9452,0.14376254658161147,0.003755484818295083,-0.01465140659435149,0.5561881670028778,0.5291808954878312,0.272852306390182,0.019869180888409544,490,490,0.007282158298075193,0.014694635256556707,-0.25823362816367146,0.26666666666666666,visual,delta_absdiff
Grocery,43,1,M0StateDirect,9452,0.0467034921730359,-0.01582310848853795,-0.005908137268876956,0.540588355760213,0.5070819885209557,0.4183241641980533,-0.017740149592543233,490,490,-0.024217561308353248,-0.028571428571428574,-0.29715541165587417,0.2582324197798817,visual,delta_product
Grocery,43,2,M0StateDirect,9452,0.09236610563314548,0.00939084916897144,-0.01658563551655723,0.5201153640647703,0.49972100950934173,0.8049090139652983,0.04657096043510636,490,490,0.02445280439101697,0.0,-0.26578947368421046,0.3142857142857143,text,smooth_utility
Grocery,43,2,M0StateDirect,9452,0.06871500325491907,0.007835930894761124,-0.006917001563901293,0.49695007318515494,0.506467179350688,0.21000846381718155,0.059535262274478876,490,490,0.03773958867350823,0.06011641674580333,-0.2553571428571429,0.33097527472527466,text,delta_absdiff
Grocery,43,2,M0StateDirect,9452,0.04954980640303815,-0.019192140160493972,-0.005919092414295335,0.5552413756987176,0.5482306193035776,0.3788616165890817,0.012034854426740151,490,490,0.017895705360203584,0.01948051948051948,-0.21755612808244387,0.2913211788211788,text,delta_product
Grocery,43,2,M0StateDirect,9452,0.024909178760492243,0.012547495382613807,-0.018390111604405623,0.4871683916978222,0.49911045910406476,0.7727465086754126,0.018008236271647403,490,490,-0.023381744679951643,-0.018100283717864683,-0.32543374310732787,0.28536414565826335,visual,smooth_utility
Grocery,43,2,M0StateDirect,9452,0.008762993494485751,-0.0027363400630634202,-0.006605914200839447,0.5043369392191158,0.4902649235347325,0.25402031316123574,0.04314674713843201,490,490,0.021301413643231185,0.03638837577367039,-0.24146125613516917,0.2851770318225505,visual,delta_absdiff
Grocery,43,2,M0StateDirect,9452,0.028745701673529758,0.01312133346904659,-0.0021595350077174835,0.5385935775551067,0.5226085487067731,0.4156792213288193,0.0011775372711071584,490,490,-0.0010230429452564918,-0.012214018980627961,-0.2707356335616422,0.2784948790166544,visual,delta_product
Grocery,44,0,M0StateDirect,9133,0.09346025825247752,0.02837851794805386,-0.011791309310891895,0.4740450750165576,0.5045766034095303,0.8056498412350815,0.013356982751961332,485,485,0.0021396362177533096,-0.01818181818181818,-0.27912087912087913,0.28571428571428575,text,smooth_utility
Grocery,44,0,M0StateDirect,9133,0.05028507560533358,0.007454419778606847,-0.011007323288471538,0.4764342021245719,0.4859866488651535,0.19161283258513084,0.06645185787490537,485,485,0.07242141684288243,0.09999999999999999,-0.20923076923076922,0.3571428571428572,text,delta_absdiff
Grocery,44,0,M0StateDirect,9133,0.003548660029827661,0.002627290500915549,-0.006699362268148157,0.49903165356957824,0.5114131341420965,0.3959268586444761,0.031965726124763554,485,485,0.053227893325083576,0.07878787878787878,-0.24642857142857136,0.3571428571428572,text,delta_product
Grocery,44,0,M0StateDirect,9133,0.08398948918191107,-0.0015351263602073968,-0.024649271697994246,0.4776154672608249,0.497793682140669,0.7840797109383554,0.008478765803907452,485,485,0.008329375945930426,0.004555820475782052,-0.21480938416422285,0.2727272727272727,visual,smooth_utility
Grocery,44,0,M0StateDirect,9133,0.06881175234599617,-0.0002483915821736155,-0.014157472500971213,0.5376669746604764,0.5398631068885721,0.2298259060549655,0.06907013472500274,485,485,0.07579535209680342,0.07857142857142857,-0.18928571428571428,0.3414638660375329,visual,delta_absdiff
Grocery,44,0,M0StateDirect,9133,0.020275383986155516,-0.011326946311290347,-0.010355717304397105,0.4936698459025531,0.5047169643116535,0.3537720354757473,0.0416643468411876,485,485,-0.007594045784629804,0.0,-0.2540322580645161,0.2377622377622378,visual,delta_product
Grocery,44,1,M0StateDirect,9132,0.12433009854638738,0.008593453392942813,-0.018611625252002773,0.46991649834483834,0.4880523561478046,0.7841655716162943,0.025861366869644162,486,486,0.024699707797905358,0.0006493506493506494,-0.2571428571428572,0.31607142857142856,text,smooth_utility
Grocery,44,1,M0StateDirect,9132,0.10898987057451875,0.008726489684384253,-0.017055642371417212,0.5299705587161295,0.4994284878009036,0.2205431449846693,0.09008857144105929,486,486,0.11117480389777949,0.12407592407592408,-0.17588589981447122,0.42857142857142866,text,delta_absdiff
Grocery,44,1,M0StateDirect,9132,0.011616787030473315,0.006456956012063853,-0.004534756345842661,0.5055265158703497,0.4994477357531294,0.4376916338151555,0.008924902421198266,486,486,0.03448123755005647,0.0062934887682928,-0.23137651821862348,0.3142857142857143,text,delta_product
Grocery,44,1,M0StateDirect,9132,0.11483233371133768,0.015061135342484143,-0.014291922646392896,0.5284408426565798,0.5167775789760116,0.7750766535260623,0.03281423588792026,486,486,0.03006137508118323,0.0,-0.261904761904762,0.3,visual,smooth_utility
Grocery,44,1,M0StateDirect,9132,0.08862255013915384,0.00966215738415316,-0.01031806533460844,0.5229423191900505,0.5126689066251395,0.22700394218134035,0.031191782313891032,486,486,0.04513758135627649,0.03852221279003962,-0.25815489586963236,0.35972248200420576,visual,delta_absdiff
Grocery,44,1,M0StateDirect,9132,0.05173117911112543,0.021035332512208973,-0.001477044949541595,0.5033166338131904,0.5104018119285295,0.3729741568112133,0.017552657899179664,486,486,0.02279738782051677,0.02230342275670675,-0.2571428571428572,0.314010989010989,visual,delta_product
Grocery,44,2,M0StateDirect,9133,0.036367933771809344,0.01891356912259989,-0.008779327014736715,0.44571756195619683,0.5,0.7733493923135881,-0.0184282364095889,484,484,-0.03356205779744496,-0.0074594127409188206,-0.30729107848673065,0.23409090909090907,text,smooth_utility
Grocery,44,2,M0StateDirect,9133,0.02628000031490687,0.0149320739156113,-0.0033856512587127074,0.5420845437169167,0.5264158335170156,0.2259936494032629,0.02015652932106143,484,484,0.02009062256584683,0.028571428571428574,-0.2571428571428571,0.3,text,delta_absdiff
Grocery,44,2,M0StateDirect,9133,0.060060190459673715,0.01722529747021094,-0.0014053891203249513,0.5229465965800079,0.5140322774911227,0.4326070294536297,-0.005677628357768919,484,484,-0.021550336313076675,-0.028217602830605926,-0.25967023172905523,0.2027287185635172,text,delta_product
Grocery,44,2,M0StateDirect,9133,0.03964857558240239,0.013569118187690223,-0.005017874710659287,0.48757249697639954,0.49998870095013015,0.7451001861381802,0.04081024321334402,484,484,0.041048212565577884,0.04683768244139761,-0.21488095238095242,0.3,visual,smooth_utility
Grocery,44,2,M0StateDirect,9133,0.008142224091220555,0.011466002011229421,-0.0027581002946737154,0.5278655449197371,0.5110575271820834,0.2561042373809263,-0.01737737253440687,484,484,0.008655827763177736,0.001209677419354839,-0.28571428571428575,0.28571428571428575,visual,delta_absdiff
Grocery,44,2,M0StateDirect,9133,0.04360323101494168,0.029052256486594312,0.0004833530254456653,0.4929225109595996,0.4990040861818922,0.36581627066681266,-0.014315709307351833,484,484,0.005322708106343006,-0.008701724860148918,-0.22421687716841104,0.24962165520654495,visual,delta_product
ele-fashion,42,0,M0StateDirect,13393,0.41627833240200424,0.042563662483251025,-0.021121524377135437,0.5657150306164372,0.5480295294151312,0.8036287612932129,0.16401894290738595,586,585,0.14419510939406247,0.16083916083916086,-0.1666666666666667,0.49999999999999994,text,smooth_utility
ele-fashion,42,0,M0StateDirect,13393,0.3903469768006622,0.039152576367963314,-0.017000767837433983,0.6012162177632223,0.5894354848979129,0.22317628611961474,0.1423334768866566,586,585,0.0890743422102235,0.11071428571428568,-0.21428571428571433,0.43736263736263736,text,delta_absdiff
ele-fashion,42,0,M0StateDirect,13393,0.3650133151742747,0.04186615015743129,-0.01748029369559445,0.6446562103990836,0.6075260761420045,0.33539908907638316,0.1648812413309608,586,585,0.14624662602667465,0.15737151087198126,-0.1676923076923077,0.4910267673844362,text,delta_product
ele-fashion,42,0,M0StateDirect,13393,0.15874938072982545,0.006184470690369731,-0.014311567500710387,0.5787824779246644,0.5394737483869001,0.44426192787276936,0.13466391982205203,586,586,0.15852088590666982,0.20667159650551709,-0.09999999999999999,0.49999999999999994,visual,smooth_utility
ele-fashion,42,0,M0StateDirect,13393,0.2719245787405762,0.028191442233811217,-0.016226687961035324,0.64505214936917,0.6262714012991526,0.5083999104009557,0.09670725917005682,586,586,0.11193279380862872,0.13422067032813867,-0.18295454545454548,0.39999999999999997,visual,delta_absdiff
ele-fashion,42,0,M0StateDirect,13393,0.17487215294427688,-0.01747088823401633,-0.018709696715194735,0.5610003924556505,0.5458568070711025,0.7108937504666617,0.1010837303719201,586,586,0.08750561632695605,0.08747235293536282,-0.2032024930921167,0.3714285714285715,visual,delta_product
ele-fashion,42,1,M0StateDirect,13394,0.3906532266040714,0.026481261454796033,-0.014261539972754589,0.6941752012385468,0.6251761537555873,0.7856502911751531,0.15608694584042856,586,585,0.09158206026344834,0.09999999999999999,-0.21666666666666667,0.4285714285714286,text,smooth_utility
ele-fashion,42,1,M0StateDirect,13394,0.35335549473596034,0.024245031613020815,-0.014833807322186754,0.7363423830652958,0.7144721820956068,0.23741974018217113,0.14932367999088936,586,585,0.08039281730066314,0.09999999999999999,-0.2631257631257631,0.39999999999999997,text,delta_absdiff
ele-fashion,42,1,M0StateDirect,13394,0.3424858302447835,0.004045192109623053,-0.01950573502011199,0.6932411156518139,0.6745530209617756,0.3632969986561147,0.13790943808934755,586,585,0.050632637519858095,0.03742405942825599,-0.2620320855614973,0.3571428571428572,text,delta_product
ele-fashion,42,1,M0StateDirect,13394,0.2946217342878877,0.008818592138318402,-0.012922942197297393,0.6754791168927636,0.6296592743748879,0.44057040465880243,0.14471471091977328,586,585,0.1525084662033176,0.1785714285714286,-0.1272727272727273,0.49999999999999994,visual,smooth_utility
ele-fashion,42,1,M0StateDirect,13394,0.39741918717883123,0.033572584772353455,-0.018204345703853875,0.7821078235578753,0.6164256985620793,0.5232940122442885,0.10216230379123938,586,585,0.09386714011418983,0.10843373493975902,-0.1868131868131868,0.4285714285714286,visual,delta_absdiff
ele-fashion,42,1,M0StateDirect,13394,0.21375161991980096,-0.003819449638036606,-0.018568698219957547,0.5205217145366792,0.4843565752746287,0.6915036583544871,0.11014026616094692,586,585,0.10210020862626808,0.14285714285714288,-0.2065920774535303,0.4755244755244756,visual,delta_product
ele-fashion,42,2,M0StateDirect,13394,0.410559398376736,0.02642340886315762,-0.020070616728794288,0.6828036839910683,0.6694528266637116,0.7581753023741974,0.16595283968106075,586,584,0.09202478786743419,0.11643409213710151,-0.2380952380952381,0.4501171828369449,text,smooth_utility
ele-fashion,42,2,M0StateDirect,13394,0.3689027998550898,0.024414115797873195,-0.024790851156669458,0.666882784882565,0.6311440385309588,0.2536210243392564,0.13555127209886367,586,584,0.08646497208697393,0.10714285714285716,-0.19999999999999998,0.40984015984015987,text,delta_absdiff
ele-fashion,42,2,M0StateDirect,13394,0.4344798777573127,0.008636276235382687,-0.037995008794587726,0.7320625261325577,0.6379807192982927,0.36852321935194865,0.17499466684248538,586,584,0.16969817152146527,0.200140332232789,-0.09999999999999999,0.5,text,delta_product
ele-fashion,42,2,M0StateDirect,13394,0.2274940611434284,0.012507272638433169,-0.014429343186755705,0.6244277116608541,0.5189729410647161,0.4404957443631477,0.04593365000923322,586,585,0.013273156303459006,0.018181818181818184,-0.3,0.3214285714285715,visual,smooth_utility
ele-fashion,42,2,M0StateDirect,13394,0.3626591180882117,0.004310326734788638,-0.024775651250056985,0.7359548850544916,0.5963270464584168,0.5239659549051814,0.02673771052554898,586,585,0.011693294037621158,0.001987229130653282,-0.2967032967032967,0.3,visual,delta_absdiff
ele-fashion,42,2,M0StateDirect,13394,0.22991038968898642,0.030674361128987575,-0.01319876937345077,0.5411773559614685,0.5320984001685337,0.6846349111542481,0.07869362204894645,586,585,0.06731806868969929,0.08571428571428573,-0.23487179487179485,0.38428681379463175,visual,delta_product
ele-fashion,43,0,M0StateDirect,13393,0.35779328333561883,0.07335654475750956,-0.015393048973670886,0.6714004376014012,0.595119774800106,0.7783916971552304,0.1349133251699149,586,583,0.09137550247413788,0.08755854207087273,-0.2173177379059732,0.4285714285714286,text,smooth_utility
ele-fashion,43,0,M0StateDirect,13393,0.39380137896823764,0.07286090760058711,-0.02553011595798993,0.7077216475535428,0.6573057999475412,0.29186888673187483,0.14646241660280615,586,583,0.06290269609092444,0.06466165413533834,-0.2755134582516042,0.39999999999999997,text,delta_absdiff
ele-fashion,43,0,M0StateDirect,13393,0.4169163372674502,0.06419350197717914,-0.027804564705766976,0.7273782046788799,0.6638535663848706,0.41387291868886733,0.11524431326093092,586,583,0.09603446805879931,0.09999999999999999,-0.19999999999999998,0.4197261794658462,text,delta_product
ele-fashion,43,0,M0StateDirect,13393,0.3959480165057163,-0.03005549479551865,-0.04021238896601109,0.7229208609736929,0.6243167857404449,0.4533711640409169,0.02788751167967384,586,586,0.06650088284820864,0.06758241758241759,-0.21536578341013826,0.3714285714285715,visual,smooth_utility
ele-fashion,43,0,M0StateDirect,13393,0.3252823749721979,-0.0192756720030314,-0.038339753417075295,0.6927977228114871,0.6719142172716002,0.4821175240797432,0.015541168640236039,586,586,0.00046224011186462736,-0.016575091575091575,-0.3142857142857143,0.30473795010839705,visual,delta_absdiff
ele-fashion,43,0,M0StateDirect,13393,0.24964302480417278,-0.023845979391364038,-0.040680117091813184,0.5708901478792345,0.5699919909389426,0.7360561487344135,0.010755757081295525,586,586,0.021497169578735334,0.005988131309566295,-0.31501261384529866,0.3451322574484339,visual,delta_product
ele-fashion,43,1,M0StateDirect,13394,0.25395435806156313,0.04751559660598803,-0.01885858099648896,0.48587191940603,0.47227972569030685,0.7834104823055099,0.030085806159269046,586,586,-0.006278707500364517,-0.03414918414918415,-0.3207982868976145,0.3,text,smooth_utility
ele-fashion,43,1,M0StateDirect,13394,0.2973047600334237,0.09919934919042275,-0.0031775558014734973,0.6019559347158502,0.547075552251809,0.28968194714051065,0.07354714528838964,586,586,0.037241710278621394,0.028571428571428574,-0.3,0.37476076555023924,text,delta_absdiff
ele-fashion,43,1,M0StateDirect,13394,0.43265173244611155,0.06811903449572057,-0.02462830138410199,0.7466159963246697,0.6314442883494145,0.42720621173659845,0.08320891982831505,586,586,0.025155528007480787,0.0,-0.3,0.34737685222266723,text,delta_product
ele-fashion,43,1,M0StateDirect,13394,0.28069853609068823,-0.011658853208789479,-0.05271110047174932,0.6094820232115135,0.50097802333314,0.44982828131999403,0.016185133109865888,586,584,-0.038457388953800874,-0.047535395248470697,-0.3143856143856144,0.25073529411764706,visual,smooth_utility
ele-fashion,43,1,M0StateDirect,13394,0.2397814775502972,0.025601697680866585,-0.02623192046613565,0.5967815628470595,0.47539492697205976,0.4902941615648798,0.029432623589306848,586,584,-0.0007725880087981832,-0.013396925707536776,-0.28571428571428575,0.28658604252643843,visual,delta_absdiff
ele-fashion,43,1,M0StateDirect,13394,0.3040284497982307,-0.00850682054421174,-0.039706097858593914,0.6240689746323558,0.6018958253609485,0.7412274152605645,0.05474263440390571,586,584,0.03217856201357582,0.057370715003321596,-0.29200830437707953,0.33333333333333337,visual,delta_product
ele-fashion,43,2,M0StateDirect,13394,0.1759149226030026,0.06579221156086057,-0.02361528542162339,0.5572927459245851,0.547986069214574,0.7381663431387189,0.09616647530331242,586,585,0.09828237477867985,0.09999999999999999,-0.1693340442490404,0.42499999999999993,text,smooth_utility
ele-fashion,43,2,M0StateDirect,13394,0.2237860152006875,0.10837333408053301,-0.010247989105711897,0.5856289301806433,0.5752093807757027,0.33962968493355233,0.0863716882900935,586,585,0.07249067083515519,0.07142857142857144,-0.2,0.391812865497076,text,delta_absdiff
ele-fashion,43,2,M0StateDirect,13394,0.34252564679405734,0.07260410949417573,-0.02929604643531425,0.6654580895196387,0.6138991013109284,0.4200388233537405,0.09449996961795841,586,585,0.06053117888128841,0.07531446678801507,-0.2545454545454546,0.37995644000022033,text,delta_product
ele-fashion,43,2,M0StateDirect,13394,0.2827541373275279,-0.029000561852833708,-0.05061522796457529,0.6050508624833092,0.5189198538700056,0.4503509033895774,0.03715477410630026,586,586,0.026365808763326327,0.013869723250303554,-0.2744979919678715,0.3142857142857143,visual,smooth_utility
ele-fashion,43,2,M0StateDirect,13394,0.20095924357253875,-0.010871940968515922,-0.0375248345358703,0.5673644125963371,0.513539068860038,0.501941167687024,0.00392334754458108,586,586,0.020329460988312294,0.035730250977069805,-0.25220588235294117,0.3,visual,delta_absdiff
ele-fashion,43,2,M0StateDirect,13394,0.23035187141193006,-0.021113696366789968,-0.04965682899322177,0.5566367615637937,0.5609747883143226,0.7100194116768702,0.06456609467240708,586,586,0.10326231230731327,0.11776556776556778,-0.15648421624231512,0.42043172690763053,visual,delta_product
ele-fashion,44,0,M0StateDirect,13394,0.33926194117299374,0.08366079417140988,-0.009716606537856443,0.4662103645922916,0.4817921952549853,0.8257428699417649,0.01989338625081414,586,586,-0.0060633556182158824,-0.028571428571428574,-0.3022584055815023,0.3,text,smooth_utility
ele-fashion,44,0,M0StateDirect,13394,0.38397631403022703,0.08392904592916203,-0.019273341314870684,0.5571670577302322,0.5415417961174012,0.19254890249365386,0.06319666868131035,586,586,0.018751540475047863,-0.0018315018315018313,-0.3,0.33483484833511773,text,delta_absdiff
ele-fashion,44,0,M0StateDirect,13394,0.2530352686302548,0.049701918573357894,-0.014147307733899606,0.5186514113040012,0.5444112635986709,0.24077945348663582,0.1095668406104923,586,586,0.10766108421667626,0.09999999999999999,-0.19100140056022408,0.4133599491529513,text,delta_product
ele-fashion,44,0,M0StateDirect,13394,0.24599908613601443,0.0017289335627653085,-0.04235535262912937,0.5878402655448702,0.5113795594839905,0.5049275795132149,0.027154520766925684,586,586,-0.027859600000720786,-0.016666666666666666,-0.355924523742398,0.3,visual,smooth_utility
ele-fashion,44,0,M0StateDirect,13394,0.31662306756789815,0.020396084061762906,-0.04229489100570105,0.6586195027848445,0.5554200648318295,0.48342541436464087,0.04912435382798574,586,586,-0.0018513068805905693,0.0016528701228874672,-0.31195958909137883,0.3,visual,delta_absdiff
ele-fashion,44,0,M0StateDirect,13394,0.32254267304073203,-0.002155757963664639,-0.03578336925807646,0.6055677425199726,0.5721340073360268,0.6731372256234135,0.09466611715370628,586,586,0.026184897570704652,0.023809523809523815,-0.2966346153846154,0.3702380952380953,visual,delta_product
ele-fashion,44,1,M0StateDirect,13393,0.4009330917788479,0.07636163960431812,-0.019333626977989127,0.526475950224165,0.5458200312157419,0.831105801538117,0.14299064054295332,586,585,0.12379927997458705,0.13970588235294118,-0.21557272714438658,0.49090909090909085,text,smooth_utility
ele-fashion,44,1,M0StateDirect,13393,0.41547128789547455,0.07291984593710149,-0.019455232112074894,0.5656561237083503,0.5269414798294306,0.16964085716419025,0.16760097364055251,586,585,0.11128570136446476,0.14285714285714288,-0.2,0.43030303030303024,text,delta_absdiff
ele-fashion,44,1,M0StateDirect,13393,0.3005097550155136,0.026728566474651886,-0.02759211197490896,0.5138018110189391,0.4744848980122406,0.2311655342343015,0.15422146103728746,586,585,0.13784213929114836,0.17156286037402652,-0.16218679783298703,0.48333333333333334,text,delta_product
ele-fashion,44,1,M0StateDirect,13393,0.31705857334198395,-0.018081509393370453,-0.051906832679031734,0.6937572719556634,0.657472242785765,0.5060106025535728,0.040967154404579646,586,584,-0.038730024530598546,-0.054683962335651676,-0.38037403393356917,0.3,visual,smooth_utility
ele-fashion,44,1,M0StateDirect,13393,0.39813629103920645,0.013966313382809868,-0.04565219820941846,0.7600388175558802,0.7076976634330534,0.484282834316434,0.025973230918410795,586,584,-0.06613552681338998,-0.1094487373416522,-0.44651321899192686,0.296412680756396,visual,delta_absdiff
ele-fashion,44,1,M0StateDirect,13393,0.32119357776869445,0.01662414692824214,-0.033830111216088365,0.5917020048769437,0.5619119258308678,0.683566041962219,0.05085177490247452,586,584,-0.052012759244403864,-0.06507246376811593,-0.450513698630137,0.3,visual,delta_product
ele-fashion,44,2,M0StateDirect,13394,0.374973334118773,0.07158042376971634,-0.020517513222960915,0.5322847492270184,0.5201016872491051,0.801328953262655,0.18211044178397767,586,583,0.16137292369677966,0.19999999999999998,-0.14285714285714288,0.4762604939064715,text,smooth_utility
ele-fashion,44,2,M0StateDirect,13394,0.39295040449315244,0.05609832981026613,-0.026833663262295193,0.5544753835622458,0.5236853171595872,0.20076153501567867,0.16863203147666456,586,583,0.12442033961158798,0.14285714285714288,-0.14495798319327732,0.4455666882137471,text,delta_absdiff
ele-fashion,44,2,M0StateDirect,13394,0.4003973986661065,0.017857240920155677,-0.027318282708922448,0.5934825937906485,0.5410514372838042,0.255039569956697,0.1515900515468438,586,583,0.15907201194460957,0.19149561144931287,-0.10592581331711767,0.47395511751260444,text,delta_product
ele-fashion,44,2,M0StateDirect,13394,0.3373411546156914,-0.026276971329814262,-0.04914547829096105,0.6627947442776007,0.5365391750802793,0.4839480364342243,0.15016878921305046,586,586,0.10969748201955563,0.11926308985132515,-0.2,0.43148034371325844,visual,smooth_utility
ele-fashion,44,2,M0StateDirect,13394,0.3369098316385887,0.02340811510862433,-0.04851233565979651,0.6602164491071887,0.5308164520356392,0.5163506047483948,0.12772006673326405,586,586,0.09302002715882589,0.08571428571428573,-0.2148411829134721,0.41780303030303034,visual,delta_absdiff
ele-fashion,44,2,M0StateDirect,13394,0.36406315588097665,-0.014412633920834542,-0.047584518601666126,0.6507088010607918,0.5809590123936674,0.6913543377631776,0.12175252034930688,586,586,0.08000798156858735,0.09340420450224896,-0.19999999999999998,0.4062494027711419,visual,delta_product
