rows,target_dim,max_formula_abs_error,finite_targets,input_columns,dataset,seed,artifact,artifact_status
31601,6,0.0,True,"['src', 'dst', 'dst_degree', 'u_raw_smooth_text', 'u_raw_smooth_visual', 'u_raw_absdiff_text', 'u_raw_absdiff_visual', 'u_raw_product_text', 'u_raw_product_visual']",Movies,42,/hdd1/DataInHere/YHF/model_research/outputs/p13_joint_readout_operator_probe/runs/Movies/seed_42/joint_operator_edge_utility.csv.gz,reused_full_table
31265,6,0.0,True,"['src', 'dst', 'dst_degree', 'u_raw_smooth_text', 'u_raw_smooth_visual', 'u_raw_absdiff_text', 'u_raw_absdiff_visual', 'u_raw_product_text', 'u_raw_product_visual']",Movies,43,/hdd1/DataInHere/YHF/model_research/outputs/p13_joint_readout_operator_probe/runs/Movies/seed_43/joint_operator_edge_utility.csv.gz,reused_full_table
33039,6,0.0,True,"['src', 'dst', 'dst_degree', 'u_raw_smooth_text', 'u_raw_smooth_visual', 'u_raw_absdiff_text', 'u_raw_absdiff_visual', 'u_raw_product_text', 'u_raw_product_visual']",Movies,44,/hdd1/DataInHere/YHF/model_research/outputs/p13_joint_readout_operator_probe/runs/Movies/seed_44/joint_operator_edge_utility.csv.gz,reused_full_table
27524,6,0.0,True,"['src', 'dst', 'dst_degree', 'u_raw_smooth_text', 'u_raw_smooth_visual', 'u_raw_absdiff_text', 'u_raw_absdiff_visual', 'u_raw_product_text', 'u_raw_product_visual']",Grocery,42,/hdd1/DataInHere/YHF/model_research/outputs/p13_joint_readout_operator_probe/runs/Grocery/seed_42/joint_operator_edge_utility.csv.gz,reused_full_table
28356,6,0.0,True,"['src', 'dst', 'dst_degree', 'u_raw_smooth_text', 'u_raw_smooth_visual', 'u_raw_absdiff_text', 'u_raw_absdiff_visual', 'u_raw_product_text', 'u_raw_product_visual']",Grocery,43,/hdd1/DataInHere/YHF/model_research/outputs/p13_joint_readout_operator_probe/runs/Grocery/seed_43/joint_operator_edge_utility.csv.gz,reused_full_table
27398,6,0.0,True,"['src', 'dst', 'dst_degree', 'u_raw_smooth_text', 'u_raw_smooth_visual', 'u_raw_absdiff_text', 'u_raw_absdiff_visual', 'u_raw_product_text', 'u_raw_product_visual']",Grocery,44,/hdd1/DataInHere/YHF/model_research/outputs/p13_joint_readout_operator_probe/runs/Grocery/seed_44/joint_operator_edge_utility.csv.gz,reused_full_table
40181,6,0.0,True,"['src', 'dst', 'dst_degree', 'u_raw_smooth_text', 'u_raw_smooth_visual', 'u_raw_absdiff_text', 'u_raw_absdiff_visual', 'u_raw_product_text', 'u_raw_product_visual']",ele-fashion,42,/hdd1/DataInHere/YHF/model_research/outputs/p13_joint_readout_operator_probe/runs/ele-fashion/seed_42/joint_operator_edge_utility.csv.gz,reused_full_table
40181,6,0.0,True,"['src', 'dst', 'dst_degree', 'u_raw_smooth_text', 'u_raw_smooth_visual', 'u_raw_absdiff_text', 'u_raw_absdiff_visual', 'u_raw_product_text', 'u_raw_product_visual']",ele-fashion,43,/hdd1/DataInHere/YHF/model_research/outputs/p13_joint_readout_operator_probe/runs/ele-fashion/seed_43/joint_operator_edge_utility.csv.gz,reused_full_table
40181,6,0.0,True,"['src', 'dst', 'dst_degree', 'u_raw_smooth_text', 'u_raw_smooth_visual', 'u_raw_absdiff_text', 'u_raw_absdiff_visual', 'u_raw_product_text', 'u_raw_product_visual']",ele-fashion,44,/hdd1/DataInHere/YHF/model_research/outputs/p13_joint_readout_operator_probe/runs/ele-fashion/seed_44/joint_operator_edge_utility.csv.gz,reused_full_table
