dataset,seed,modality,policy,intervention_rows,random_repeats,masked_messages,delta_val_ce_mean,delta_val_ce_std,delta_accuracy_mean,delta_accuracy_std,delta_macro_f1_mean,delta_macro_f1_std,baseline_ce,baseline_accuracy,baseline_macro_f1
Grocery,42,text,bottom_utility_20pct,1,0,5283.0,-0.0499035716056823,,0.0144429206848144,,0.0222225249320522,,0.5302211046218872,0.854883074760437,0.7681011109367394
Grocery,42,text,random_control,10,10,5283.0,0.00975242853164668,0.0009733833257419464,-0.005020618438720649,0.0015899719653910173,-0.00265366776757459,0.0026270754780991904,0.5302211046218872,0.854883074760437,0.7681011109367394
Grocery,42,text,top_utility_20pct,1,0,5283.0,0.072279155254364,,-0.0199449658393859,,-0.0209935376810029,,0.5302211046218872,0.854883074760437,0.7681011109367394
Grocery,42,visual,bottom_utility_20pct,1,0,5283.0,-0.0573379695415496,,0.0192572474479675,,0.0359600812783784,,0.5302211046218872,0.854883074760437,0.7681011109367394
Grocery,42,visual,random_control,10,10,5283.0,0.01297138929367061,0.0019839975390295033,-0.00536449551582331,0.0019125905993327978,-0.005778325975762879,0.0032767258826367713,0.5302211046218872,0.854883074760437,0.7681011109367394
Grocery,42,visual,top_utility_20pct,1,0,5283.0,0.0888413190841674,,-0.0254470109939575,,-0.031586656382015,,0.5302211046218872,0.854883074760437,0.7681011109367394
Grocery,43,text,bottom_utility_20pct,1,0,5468.0,-0.0495553314685821,,0.0136239528656005,,0.0208805233654119,,0.533051609992981,0.8508174419403076,0.7152153929278333
Grocery,43,text,random_control,10,10,5468.0,0.013286685943603471,0.0015140152201902817,-0.008310639858245799,0.003349519589478504,-0.005303095819798661,0.007318537186105118,0.533051609992981,0.8508174419403076,0.7152153929278333
Grocery,43,text,top_utility_20pct,1,0,5468.0,0.082233190536499,,-0.031335175037384,,-0.0384883396619973,,0.533051609992981,0.8508174419403076,0.7152153929278333
Grocery,43,visual,bottom_utility_20pct,1,0,5468.0,-0.0522955656051635,,0.0149863362312316,,0.0283442346480815,,0.533051609992981,0.8508174419403076,0.7152153929278333
Grocery,43,visual,random_control,10,10,5468.0,0.01722736954689022,0.002283374773105769,-0.00660764575004572,0.003717927028786621,-0.0050764920270266,0.0072556857170430365,0.533051609992981,0.8508174419403076,0.7152153929278333
Grocery,43,visual,top_utility_20pct,1,0,5468.0,0.0915297269821167,,-0.031335175037384,,-0.0438831800880334,,0.533051609992981,0.8508174419403076,0.7152153929278333
Grocery,44,text,bottom_utility_20pct,1,0,5279.0,-0.0523573756217956,,0.0082473754882812,,0.0170764860791126,,0.5599656105041504,0.8487972617149353,0.7520103604361397
Grocery,44,text,random_control,10,10,5279.0,0.00904578566551204,0.0011139050080085074,-0.009209656715393009,0.002202165660836296,-0.01104869928747676,0.003815996861781844,0.5599656105041504,0.8487972617149353,0.7520103604361397
Grocery,44,text,top_utility_20pct,1,0,5279.0,0.0755463242530822,,-0.031615138053894,,-0.0373079117654,,0.5599656105041504,0.8487972617149353,0.7520103604361397
Grocery,44,visual,bottom_utility_20pct,1,0,5279.0,-0.0593838095664978,,0.0144329667091369,,0.0197958337259283,,0.5599656105041504,0.8487972617149353,0.7520103604361397
Grocery,44,visual,random_control,10,10,5279.0,0.01178005933761593,0.0022244650189937806,-0.00907219648361201,0.002239988075054757,-0.009912960878517089,0.003598388496284263,0.5599656105041504,0.8487972617149353,0.7520103604361397
Grocery,44,visual,top_utility_20pct,1,0,5279.0,0.0909740924835205,,-0.030927836894989,,-0.0413256608181219,,0.5599656105041504,0.8487972617149353,0.7520103604361397
Movies,42,text,bottom_utility_20pct,1,0,6340.0,-0.0712844133377075,,0.0193434953689575,,0.0339663196977918,,1.306573748588562,0.5621336102485657,0.4825932804280609
Movies,42,text,random_control,10,10,6340.0,0.01111875772476192,0.0011892380139109885,-0.010140675306320141,0.002141273850693224,0.00335139270491659,0.005300102037136601,1.306573748588562,0.5621336102485657,0.4825932804280609
Movies,42,text,top_utility_20pct,1,0,6340.0,0.0965957641601562,,-0.0410316586494445,,-0.02320341413777,,1.306573748588562,0.5621336102485657,0.4825932804280609
Movies,42,visual,bottom_utility_20pct,1,0,6340.0,-0.127503752708435,,0.0416178107261657,,0.0366400868867528,,1.306573748588562,0.5621336102485657,0.4825932804280609
Movies,42,visual,random_control,10,10,6340.0,0.01729462146759028,0.002195179075937102,-0.0173505067825317,0.003128667896844417,-0.02190361452698725,0.004815438328329275,1.306573748588562,0.5621336102485657,0.4825932804280609
Movies,42,visual,top_utility_20pct,1,0,6340.0,0.1676394939422607,,-0.0732707977294921,,-0.0774455770254962,,1.306573748588562,0.5621336102485657,0.4825932804280609
Movies,43,text,bottom_utility_20pct,1,0,6326.0,-0.0565528869628906,,0.0242253541946411,,0.0396329503537323,,1.3056471347808838,0.5560563802719116,0.4467005844020792
Movies,43,text,random_control,10,10,6326.0,0.0020722985267638697,0.0011036167183520935,-0.003549313545227,0.0014065785587332564,0.00481718066518185,0.0025495222110450194,1.3056471347808838,0.5560563802719116,0.4467005844020792
Movies,43,text,top_utility_20pct,1,0,6326.0,0.0623095035552978,,-0.0247887372970581,,-0.0139427024818711,,1.3056471347808838,0.5560563802719116,0.4467005844020792
Movies,43,visual,bottom_utility_20pct,1,0,6326.0,-0.0890712738037109,,0.0394365787506103,,0.0260725857610206,,1.3056471347808838,0.5560563802719116,0.4467005844020792
Movies,43,visual,random_control,10,10,6326.0,0.0200904488563537,0.0018008956744746457,-0.00850706696510309,0.0020304150606744137,-0.01775878885816328,0.004668539795440242,1.3056471347808838,0.5560563802719116,0.4467005844020792
Movies,43,visual,top_utility_20pct,1,0,6326.0,0.133430004119873,,-0.0540845394134521,,-0.0686687722413317,,1.3056471347808838,0.5560563802719116,0.4467005844020792
Movies,44,text,bottom_utility_20pct,1,0,6656.0,-0.0645455121994018,,0.0195514559745788,,0.0258180106416142,,1.2961798906326294,0.5721679329872131,0.4688587926392113
Movies,44,text,random_control,10,10,6656.0,-0.00075385570526121,0.0007450836766395294,-0.00230017900466913,0.0016710289988582211,0.006647633397365569,0.0027209901701112345,1.2961798906326294,0.5721679329872131,0.4688587926392113
Movies,44,text,top_utility_20pct,1,0,6656.0,0.0653467178344726,,-0.0310523509979248,,-0.0182299643981109,,1.2961798906326294,0.5721679329872131,0.4688587926392113
Movies,44,visual,bottom_utility_20pct,1,0,6656.0,-0.0951745510101318,,0.0350776314735412,,0.0338431005246278,,1.2961798906326294,0.5721679329872131,0.4688587926392113
Movies,44,visual,random_control,10,10,6656.0,0.02063339948654169,0.0017326350734905716,-0.00971823334693903,0.0021592772195378114,-0.01074374995727523,0.0038801411022280695,1.2961798906326294,0.5721679329872131,0.4688587926392113
Movies,44,visual,top_utility_20pct,1,0,6656.0,0.1425186395645141,,-0.0540540814399719,,-0.0526111843462798,,1.2961798906326294,0.5721679329872131,0.4688587926392113
ele-fashion,42,text,bottom_utility_20pct,1,0,5990.0,-0.0134860873222351,,0.0039817690849304,,0.0439287789537864,,0.2667486071586609,0.9180887341499328,0.6293832574320152
ele-fashion,42,text,random_control,10,10,5990.0,0.00453605353832241,0.0005378947938003622,-0.00267351865768429,0.00107427770454075,0.01030795895062594,0.008315543148982397,0.2667486071586609,0.9180887341499328,0.6293832574320152
ele-fashion,42,text,top_utility_20pct,1,0,5990.0,0.0227285027503967,,-0.0068259835243225,,-0.0103713548211353,,0.2667486071586609,0.9180887341499328,0.6293832574320152
ele-fashion,42,visual,bottom_utility_20pct,1,0,5990.0,-0.0087701082229614,,0.0017064809799194,,0.017403789179505,,0.2667486071586609,0.9180887341499328,0.6293832574320152
ele-fashion,42,visual,random_control,10,10,5990.0,0.00595264434814449,0.00033810551235153647,-0.00056884884834288,0.0007094483673642628,-0.00214421677086922,0.009132310594358106,0.2667486071586609,0.9180887341499328,0.6293832574320152
ele-fashion,42,visual,top_utility_20pct,1,0,5990.0,0.0214812457561492,,-0.0034130215644836,,-0.0100047589618741,,0.2667486071586609,0.9180887341499328,0.6293832574320152
ele-fashion,43,text,bottom_utility_20pct,1,0,5990.0,-0.0148494988679885,,0.0022752881050109,,0.0119760532987541,,0.2579882144927978,0.9152445793151855,0.6498511300373633
ele-fashion,43,text,random_control,10,10,5990.0,0.00498884618282314,0.0004717607405837728,-0.00346986055374139,0.0009073582735664321,-0.00227490342628667,0.003944481369026993,0.2579882144927978,0.9152445793151855,0.6498511300373633
ele-fashion,43,text,top_utility_20pct,1,0,5990.0,0.0251548588275909,,-0.0085324048995971,,-0.0116981337931639,,0.2579882144927978,0.9152445793151855,0.6498511300373633
ele-fashion,43,visual,bottom_utility_20pct,1,0,5990.0,-0.0144148617982864,,0.0034129619598388,,0.0173375660441709,,0.2579882144927978,0.9152445793151855,0.6498511300373633
ele-fashion,43,visual,random_control,10,10,5990.0,0.00237839818000789,0.00043846617852436054,0.00045505762100216,0.0006992642656571254,0.00656181363903903,0.008259031937897201,0.2579882144927978,0.9152445793151855,0.6498511300373633
ele-fashion,43,visual,top_utility_20pct,1,0,5990.0,0.0202785432338714,,-0.0028441548347473,,-0.0056650310393056,,0.2579882144927978,0.9152445793151855,0.6498511300373633
ele-fashion,44,text,bottom_utility_20pct,1,0,5990.0,-0.0171747654676437,,0.0011376738548278,,0.0066942522182815,,0.2606198191642761,0.9146757125854492,0.6388462177538956
ele-fashion,44,text,random_control,10,10,5990.0,0.0039245724678039,0.00037806473840706325,-0.0038680016994475904,0.0009961302341969622,-0.00187545076270807,0.003745071327057025,0.2606198191642761,0.9146757125854492,0.6388462177538956
ele-fashion,44,text,top_utility_20pct,1,0,5990.0,0.0259435772895813,,-0.0091012120246887,,-0.0127140846807231,,0.2606198191642761,0.9146757125854492,0.6388462177538956
ele-fashion,44,visual,bottom_utility_20pct,1,0,5990.0,-0.014235183596611,,0.0028441548347473,,0.000705685335414,,0.2606198191642761,0.9146757125854492,0.6388462177538956
ele-fashion,44,visual,random_control,10,10,5990.0,0.00472176074981686,0.0004983657398713436,-0.00017062425613403,0.0006595551662832842,-0.00680727386757587,0.0025152482837343094,0.2606198191642761,0.9146757125854492,0.6388462177538956
ele-fashion,44,visual,top_utility_20pct,1,0,5990.0,0.0247947871685028,,-0.0045505762100219,,-0.012290715176811,,0.2606198191642761,0.9146757125854492,0.6388462177538956
