dataset,seed,modality,similarity_bin,edge_count,similarity_min,similarity_max,median_utility,utility_iqr,positive_utility_ratio,negative_utility_ratio
Grocery,42,text,0,2753,0.8793844,0.9448597,0.0253517801627551,0.0996122312216518,0.7243007628042136,0.27569923719578643
Grocery,42,text,1,2752,0.9448714,0.9585833,0.0383905472213652,0.11100832836788187,0.7634447674418605,0.23655523255813954
Grocery,42,text,2,2752,0.9585837,0.9667398,0.034217094506170095,0.10303201273083525,0.7623546511627907,0.2376453488372093
Grocery,42,text,3,2753,0.96675265,0.97243375,0.0398611434116267,0.10726407731742389,0.7784235379585907,0.22157646204140938
Grocery,42,text,4,2752,0.97243977,0.9771659,0.03824243688411995,0.12251838521103114,0.7703488372093024,0.22965116279069767
Grocery,42,text,5,2752,0.97716695,0.9809616,0.0401077062094838,0.11437653120866902,0.7710755813953488,0.22892441860465115
Grocery,42,text,6,2754,0.98096234,0.9842417,0.04062834255111815,0.11557313269375574,0.7668845315904139,0.23311546840958605
Grocery,42,text,7,2751,0.9842429,0.9874809,0.0449097456170324,0.12303124072235863,0.7695383496910214,0.23046165030897856
Grocery,42,text,8,2752,0.98748195,0.991271,0.0526430715933376,0.12743453394924031,0.8019622093023255,0.1980377906976744
Grocery,42,text,9,2753,0.99127346,1.0,0.078841709931175,0.17552932754157058,0.8547039593171086,0.1452960406828914
Grocery,42,visual,0,2753,0.18692648,0.48649177,0.0274055829356908,0.1010141680926734,0.7035960770069015,0.2964039229930984
Grocery,42,visual,1,2752,0.4864932,0.53393453,0.0329366772856407,0.11586512035542493,0.7234738372093024,0.2765261627906977
Grocery,42,visual,2,2752,0.5339395,0.56949145,0.02733009713044235,0.11673126891780383,0.7063953488372093,0.2936046511627907
Grocery,42,visual,3,2753,0.5695032,0.5997789,0.0296508507131203,0.1114692530519878,0.7075917181256811,0.29240828187431894
Grocery,42,visual,4,2752,0.59978807,0.6300169,0.03283895124171045,0.116419432321619,0.7376453488372093,0.2623546511627907
Grocery,42,visual,5,2752,0.6300268,0.66172564,0.043415906104039795,0.12673730400770158,0.7634447674418605,0.23655523255813954
Grocery,42,visual,6,2753,0.66173667,0.6987252,0.0525566492821151,0.145015607627272,0.7747911369415184,0.22520886305848165
Grocery,42,visual,7,2752,0.6987329,0.74479103,0.06477734150767935,0.14399964549204172,0.8106831395348837,0.18931686046511628
Grocery,42,visual,8,2752,0.74481654,0.8212913,0.07981125302230195,0.1728024214381903,0.8571947674418605,0.14280523255813954
Grocery,42,visual,9,2753,0.82131535,1.0000002,0.0758873759911707,0.2029767990452513,0.8390846349436978,0.16091536505630222
Grocery,43,text,0,2836,0.8942981,0.9448822,0.03077522869456545,0.1044777840107683,0.7436530324400564,0.2563469675599436
Grocery,43,text,1,2836,0.94488937,0.95876825,0.0340794423263126,0.11780138045659379,0.7623413258110014,0.23765867418899858
Grocery,43,text,2,2835,0.9587727,0.9668999,0.0337387483728385,0.10848421625731705,0.7717813051146385,0.22821869488536156
Grocery,43,text,3,2836,0.9669024,0.9725738,0.0343380378407682,0.11304940087176683,0.7799717912552891,0.22002820874471085
Grocery,43,text,4,2835,0.97257495,0.97717404,0.0346706105336464,0.11553158017453005,0.7738977072310406,0.22610229276895943
Grocery,43,text,5,2836,0.97717494,0.98104364,0.0342972908632109,0.11147537047901915,0.764456981664316,0.23554301833568406
Grocery,43,text,6,2835,0.98104507,0.9841823,0.0387651103524587,0.11209542759389135,0.801058201058201,0.19894179894179895
Grocery,43,text,7,2836,0.9841841,0.9873916,0.042717362373547355,0.11406897688326392,0.8106488011283498,0.18935119887165022
Grocery,43,text,8,2835,0.98739177,0.9912946,0.0517126550126852,0.12798019436012287,0.8299823633156966,0.17001763668430336
Grocery,43,text,9,2836,0.99129564,0.99999994,0.07048373405795835,0.14727302078408308,0.859308885754584,0.14069111424541608
Grocery,43,visual,0,2837,0.18268222,0.48931843,0.0244332670283445,0.107874940066744,0.6989777934437786,0.30102220655622136
Grocery,43,visual,1,2835,0.4893223,0.5370793,0.0240676256569057,0.09932949347229125,0.7058201058201058,0.29417989417989415
Grocery,43,visual,2,2836,0.5370978,0.57043695,0.02467940189932075,0.10095941349148597,0.7214386459802539,0.27856135401974613
Grocery,43,visual,3,2836,0.5704558,0.6008975,0.028483829209403053,0.10418961388024685,0.7376586741889986,0.2623413258110014
Grocery,43,visual,4,2834,0.60091543,0.63192934,0.034777616660618405,0.11489672201318482,0.7533521524347212,0.24664784756527877
Grocery,43,visual,5,2837,0.6319508,0.66342247,0.032296620779849,0.11925580035395081,0.7543179414874868,0.2456820585125132
Grocery,43,visual,6,2834,0.663465,0.700627,0.04714415605672135,0.13859918565036258,0.7882851093860268,0.2117148906139732
Grocery,43,visual,7,2836,0.70063156,0.7457308,0.0526570729394855,0.13907687432731375,0.8296897038081805,0.17031029619181948
Grocery,43,visual,8,2835,0.745757,0.8210733,0.0653443198733592,0.15571836096280597,0.855379188712522,0.14462081128747795
Grocery,43,visual,9,2836,0.82114756,1.0000002,0.0696595270242401,0.1984565388501913,0.8201692524682651,0.17983074753173484
Grocery,44,text,0,2741,0.8779834,0.9447319,0.0344970797860939,0.1096197162801129,0.7406056183874499,0.2593943816125502
Grocery,44,text,1,2739,0.9447371,0.958627,0.0346810425182499,0.10998195929596034,0.7535596933187295,0.24644030668127054
Grocery,44,text,2,2740,0.95862746,0.9666826,0.03600069708008345,0.110945205714994,0.7678832116788321,0.2321167883211679
Grocery,44,text,3,2740,0.9666856,0.97273254,0.0437868938964045,0.12113621987151052,0.766058394160584,0.23394160583941606
Grocery,44,text,4,2740,0.9727337,0.9775331,0.0421741495472235,0.12191567395769341,0.7518248175182481,0.24817518248175183
Grocery,44,text,5,2740,0.97753316,0.98144,0.04259531511991255,0.1222282625098124,0.7678832116788321,0.2321167883211679
Grocery,44,text,6,2739,0.9814414,0.9847727,0.0458882372333077,0.1189334602554914,0.7776560788608982,0.22234392113910187
Grocery,44,text,7,2739,0.98477316,0.9879465,0.0467235369908955,0.12495490022436374,0.7743702081051479,0.22562979189485213
Grocery,44,text,8,2740,0.9879473,0.99157065,0.05402622484845755,0.12665307164475734,0.8116788321167884,0.18832116788321168
Grocery,44,text,9,2740,0.991572,1.0,0.06909727425391565,0.15431486546512996,0.8437956204379562,0.1562043795620438
Grocery,44,visual,0,2740,0.18068372,0.48090744,0.0250030394406694,0.10652809002630778,0.6777372262773723,0.32226277372262774
Grocery,44,visual,1,2740,0.48095268,0.5296833,0.028937947538226948,0.12045269525751698,0.7237226277372263,0.2762773722627737
Grocery,44,visual,2,2740,0.52968735,0.5651354,0.02751765662320375,0.11715238634300805,0.7145985401459855,0.2854014598540146
Grocery,44,visual,3,2739,0.5651511,0.59644926,0.0331627533454399,0.1196314200526173,0.7221613727637824,0.2778386272362176
Grocery,44,visual,4,2740,0.59647465,0.62709546,0.041233877856662604,0.12909349156456923,0.743065693430657,0.2569343065693431
Grocery,44,visual,5,2740,0.62709844,0.6602429,0.0437687219762575,0.1459598956622983,0.7744525547445256,0.22554744525547446
Grocery,44,visual,6,2739,0.660251,0.6983668,0.0532237318217952,0.1526623980459371,0.7904344651332603,0.20956553486673968
Grocery,44,visual,7,2740,0.6983816,0.74479014,0.0676099659874177,0.17130847526051526,0.8281021897810219,0.1718978102189781
Grocery,44,visual,8,2740,0.74482787,0.8243909,0.07999162239769886,0.17068963837935408,0.8518248175182481,0.14817518248175182
Grocery,44,visual,9,2740,0.8244016,1.0000002,0.0816154560916536,0.21675399187986424,0.8386861313868613,0.16131386861313868
Movies,42,text,0,3161,0.8588791,0.92742175,0.0081065473437325,0.0392628814937242,0.6608668142992724,0.3391331857007276
Movies,42,text,1,3160,0.9274225,0.94527715,0.0053219910423327,0.03618209531613098,0.6050632911392405,0.3949367088607595
Movies,42,text,2,3160,0.945287,0.95723414,0.0060761726924354505,0.035271859710159226,0.6174050632911392,0.38259493670886074
Movies,42,text,3,3161,0.9572395,0.9663051,0.0059206487622249,0.03664574822516,0.6317621006010756,0.3682378993989244
Movies,42,text,4,3159,0.96630526,0.97349393,0.0066030527984396,0.036600645497135154,0.6346945235834125,0.3653054764165875
Movies,42,text,5,3160,0.9734964,0.97913337,0.0070758436249690505,0.036763522374576425,0.6234177215189873,0.37658227848101267
Movies,42,text,6,3160,0.9791338,0.98348534,0.0076056246601663,0.034676723296957174,0.6462025316455696,0.3537974683544304
Movies,42,text,7,3160,0.983486,0.9869188,0.0079641605810152,0.034657068748976075,0.6579113924050632,0.3420886075949367
Movies,42,text,8,3160,0.9869198,0.9905727,0.0072799028610198,0.035342509188615895,0.6389240506329114,0.3610759493670886
Movies,42,text,9,3160,0.9905733,1.0000004,0.012075061581505349,0.0508342369227723,0.6689873417721519,0.3310126582278481
Movies,42,visual,0,3161,0.19498469,0.46516204,0.0055173800195612,0.0448683792105141,0.5985447643150902,0.4014552356849098
Movies,42,visual,1,3160,0.465167,0.52163625,0.00525409905491005,0.04386973933816962,0.5965189873417721,0.40348101265822783
Movies,42,visual,2,3160,0.52168787,0.56084275,0.005854130337765899,0.04513385887121792,0.6117088607594937,0.38829113924050634
Movies,42,visual,3,3161,0.5608459,0.59234315,0.0063030753589651,0.0456115748414771,0.603922809237583,0.39607719076241693
Movies,42,visual,4,3159,0.5923442,0.62053657,0.0072387001992745,0.04817772645195115,0.6090534979423868,0.39094650205761317
Movies,42,visual,5,3160,0.62054527,0.6484179,0.0071798570364664995,0.05009583917552883,0.6037974683544304,0.3962025316455696
Movies,42,visual,6,3160,0.6484205,0.676384,0.0081652110072752,0.05280984997928182,0.6177215189873417,0.3822784810126582
Movies,42,visual,7,3160,0.6763867,0.71145153,0.0116738429889792,0.05447874337325807,0.6424050632911392,0.3575949367088608
Movies,42,visual,8,3161,0.7114599,0.7616143,0.0121009259019115,0.058212056802459104,0.6352420120215122,0.3647579879784878
Movies,42,visual,9,3159,0.76163185,1.0000001,0.0170667857668313,0.0698177396488195,0.652105096549541,0.347894903450459
Movies,43,text,0,3127,0.8567484,0.92746955,0.0052104901226563,0.04226713162012345,0.5721138471378318,0.4278861528621682
Movies,43,text,1,3126,0.9274756,0.9450482,0.00472210121714815,0.04449426896254453,0.5649392194497761,0.4350607805502239
Movies,43,text,2,3127,0.94504875,0.95739007,0.0040774753760496,0.041540366657884756,0.5685960984969619,0.43140390150303803
Movies,43,text,3,3127,0.9573941,0.96677405,0.0029417260404335,0.04242051029319405,0.5586824432363288,0.44131755676367124
Movies,43,text,4,3126,0.9667764,0.97400624,0.005544992465452149,0.04408328548211875,0.5866922584772872,0.4133077415227127
Movies,43,text,5,3126,0.9740086,0.97962743,0.00669523189177435,0.046317863267268604,0.6052463211772233,0.39475367882277673
Movies,43,text,6,3126,0.9796279,0.98389274,0.0075561298553699,0.04109132020032085,0.6167626359564939,0.38323736404350606
Movies,43,text,7,3128,0.98389417,0.98726445,0.00795124301595045,0.03959682832686302,0.6333120204603581,0.36668797953964194
Movies,43,text,8,3126,0.9872654,0.9906263,0.00839201547748895,0.039674638800257275,0.6481126039667306,0.35188739603326935
Movies,43,text,9,3126,0.9906271,1.0000001,0.013489492971718201,0.05131782057897072,0.6621880998080614,0.3378119001919386
Movies,43,visual,0,3127,0.17624162,0.46776795,0.0068463826576244,0.043270845121827155,0.6184841701311161,0.38151582986888394
Movies,43,visual,1,3126,0.46777642,0.5241847,0.0069022534347144004,0.042760036471940696,0.6202815099168266,0.3797184900831734
Movies,43,visual,2,3127,0.5242254,0.5637082,0.0074605153136566,0.04247180597300015,0.6383114806523825,0.36168851934761753
Movies,43,visual,3,3126,0.5637207,0.593922,0.00825968744937095,0.0411719402568197,0.6420345489443378,0.3579654510556622
Movies,43,visual,4,3127,0.5939255,0.6215932,0.0074509474815732,0.044011843599625754,0.637352094659418,0.36264790534058206
Movies,43,visual,5,3126,0.6215942,0.6485592,0.00948033711742235,0.042411220295643655,0.6593090211132437,0.34069097888675626
Movies,43,visual,6,3126,0.64859426,0.6771417,0.0100369852536424,0.046840276824897775,0.6682661548304543,0.33173384516954574
Movies,43,visual,7,3127,0.6771537,0.71115416,0.0112458262383692,0.05045424929426305,0.6805244643428205,0.3194755356571794
Movies,43,visual,8,3126,0.71117425,0.76225114,0.0120813129997027,0.04941088492450265,0.6807421625079975,0.31925783749200254
Movies,43,visual,9,3127,0.7622627,1.0000002,0.0144927572844287,0.0597568550386699,0.6709306044131755,0.3290693955868244
Movies,44,text,0,3304,0.8588791,0.92759204,0.00711095616747725,0.034613012816853125,0.637409200968523,0.362590799031477
Movies,44,text,1,3304,0.9276026,0.9450891,0.0061439703546443,0.034861868232395926,0.6237893462469734,0.37621065375302665
Movies,44,text,2,3304,0.94509697,0.9566439,0.0043539094186214,0.03525269818969533,0.590496368038741,0.4095036319612591
Movies,44,text,3,3304,0.95664495,0.9659483,0.004475454611836099,0.034444161095070126,0.6092615012106537,0.39073849878934624
Movies,44,text,4,3304,0.96594983,0.9729664,0.00460991951068095,0.0339896678728838,0.5983656174334141,0.40163438256658596
Movies,44,text,5,3304,0.9729667,0.97877705,0.005035568313428799,0.0357509226927918,0.6050242130750605,0.39497578692493945
Movies,44,text,6,3303,0.978778,0.9833193,0.0059378717547601,0.03600250649164385,0.6118679987889797,0.38813200121102026
Movies,44,text,7,3305,0.98332036,0.9870466,0.0062061482330461,0.0349335212193108,0.6311649016641452,0.36883509833585476
Movies,44,text,8,3303,0.987047,0.9905948,0.0061923922709102,0.032577144088545396,0.6403269754768393,0.35967302452316074
Movies,44,text,9,3304,0.9905976,1.0000001,0.0104541168798785,0.05243872107350207,0.6395278450363197,0.3604721549636804
Movies,44,visual,0,3304,0.17094149,0.46787524,0.0050588929751886995,0.043411093755746595,0.5880750605326877,0.41192493946731235
Movies,44,visual,1,3304,0.46788245,0.5251807,0.0053511252370219,0.04415677063986763,0.5971549636803875,0.4028450363196126
Movies,44,visual,2,3304,0.5251896,0.56476635,0.00532896576126555,0.038759367972063224,0.6062348668280871,0.3937651331719128
Movies,44,visual,3,3304,0.56477666,0.59543943,0.0054215339790671495,0.038007441482764776,0.6159200968523002,0.38407990314769974
Movies,44,visual,4,3304,0.5954784,0.6234628,0.00606433319519845,0.04137658528138815,0.6122881355932204,0.3877118644067797
Movies,44,visual,5,3304,0.62346864,0.6504935,0.0074857503059595504,0.040481916723317926,0.6410411622276029,0.3589588377723971
Movies,44,visual,6,3303,0.6505079,0.6784848,0.0082180804143237,0.04301109363594705,0.6366939146230699,0.36330608537693004
Movies,44,visual,7,3304,0.67852265,0.71173406,0.010245821692192951,0.04685604247234837,0.6516343825665859,0.34836561743341404
Movies,44,visual,8,3304,0.7117412,0.7592511,0.0105939533310095,0.049308173371387876,0.6452784503631961,0.35472154963680386
Movies,44,visual,9,3304,0.75925267,1.0000002,0.0127647620036404,0.06106878709988117,0.6295399515738499,0.3704600484261501
ele-fashion,42,text,0,4019,0.09898645,0.507599,0.0209460599824557,0.15615318353140656,0.6387160985319731,0.36128390146802686
ele-fashion,42,text,1,4020,0.5076107,0.59103066,0.043704182267337605,0.1966922956153986,0.7659203980099503,0.23407960199004976
ele-fashion,42,text,2,4016,0.5910504,0.6445317,0.050152396536200294,0.20586350838574258,0.828187250996016,0.17181274900398405
ele-fashion,42,text,3,4018,0.6445621,0.689419,0.0658840833793189,0.2358799097549511,0.8459432553509209,0.15405674464907915
ele-fashion,42,text,4,4031,0.68942106,0.7296458,0.0641284449118284,0.2518914555749783,0.817415033490449,0.18258496650955097
ele-fashion,42,text,5,4005,0.7296479,0.7669181,0.0704935349411638,0.24424652501903402,0.8289637952559301,0.17103620474406991
ele-fashion,42,text,6,4018,0.76694524,0.8048155,0.0629508950999702,0.26162031559653903,0.8327526132404182,0.1672473867595819
ele-fashion,42,text,7,4018,0.8048253,0.8460326,0.0547229408904579,0.24733351365918158,0.7921851667496267,0.2078148332503733
ele-fashion,42,text,8,4021,0.84604406,0.9029619,0.043452759141726,0.2424775624372984,0.7600099477741855,0.2399900522258145
ele-fashion,42,text,9,4015,0.9029981,1.0000002,0.029115923500606,0.19250149210337925,0.7384806973848069,0.261519302615193
ele-fashion,42,visual,0,4020,0.16255096,0.5750991,-0.0096213718433766,0.0913128380552689,0.3838308457711443,0.6161691542288558
ele-fashion,42,visual,1,4017,0.57510376,0.6420339,-0.0198831059460445,0.0967180425925918,0.26412745830221557,0.7358725416977844
ele-fashion,42,visual,2,4018,0.6420495,0.69066155,-0.021860452804921597,0.09436535503336894,0.22598307615729218,0.7740169238427078
ele-fashion,42,visual,3,4020,0.6906647,0.73308104,-0.023305970817722302,0.10643803896550358,0.21865671641791046,0.7813432835820896
ele-fashion,42,visual,4,4016,0.7330811,0.76984495,-0.02134063349297925,0.11004069500114963,0.24302788844621515,0.7569721115537849
ele-fashion,42,visual,5,4018,0.76984847,0.804186,-0.018361082780690152,0.10197396884141195,0.24688899950223991,0.75311100049776
ele-fashion,42,visual,6,4019,0.8041912,0.83897173,-0.0179545249755998,0.10366887473240285,0.23961184374222444,0.7603881562577756
ele-fashion,42,visual,7,4017,0.83897185,0.87141204,-0.013717435128176,0.0996868545317272,0.2837938760268857,0.7162061239731142
ele-fashion,42,visual,8,4018,0.8714282,0.90741366,-0.0144344146873987,0.11242418106855,0.3250373320059731,0.6749626679940269
ele-fashion,42,visual,9,4018,0.9074349,1.0000002,-0.0194189559488928,0.13783025740233135,0.32677949228471875,0.6732205077152812
ele-fashion,43,text,0,4019,0.09898645,0.507599,0.0205287217301854,0.173717916757561,0.6446877332669818,0.3553122667330182
ele-fashion,43,text,1,4020,0.5076107,0.59103066,0.0455000776844673,0.19424795072376555,0.767910447761194,0.23208955223880598
ele-fashion,43,text,2,4016,0.5910504,0.6445317,0.0481841444019052,0.20024408637732335,0.8129980079681275,0.1870019920318725
ele-fashion,43,text,3,4018,0.6445621,0.689419,0.0642072136824745,0.22704018260204792,0.8310104529616724,0.16898954703832753
ele-fashion,43,text,4,4031,0.68942106,0.7296458,0.0617974283288319,0.23800757654076438,0.8017861572810717,0.1982138427189283
ele-fashion,43,text,5,4005,0.7296479,0.7669181,0.0638291171419929,0.2412093897674984,0.8064918851435705,0.19350811485642946
ele-fashion,43,text,6,4018,0.76694524,0.8048155,0.05957876279452565,0.252300400096108,0.8061224489795918,0.19387755102040816
ele-fashion,43,text,7,4018,0.8048253,0.8460326,0.052255821030007296,0.24253817725798887,0.7730214036834245,0.2269785963165754
ele-fashion,43,text,8,4021,0.84604406,0.9029619,0.0432683264200932,0.2402943871644339,0.7361352897289232,0.26386471027107683
ele-fashion,43,text,9,4015,0.9029981,1.0000002,0.0260453936857688,0.1832437879921213,0.691656288916563,0.3083437110834371
ele-fashion,43,visual,0,4020,0.16255096,0.5750991,-0.007897350256591301,0.0920684528992143,0.4034825870646766,0.5965174129353233
ele-fashion,43,visual,1,4017,0.57510376,0.6420339,-0.0165079744357855,0.0870174553980541,0.27408513816280805,0.7259148618371919
ele-fashion,43,visual,2,4018,0.6420495,0.69066155,-0.0190663806359699,0.09236925837259662,0.24340467894474863,0.7565953210552514
ele-fashion,43,visual,3,4020,0.6906647,0.73308104,-0.02046015672384665,0.10538671900990926,0.22462686567164178,0.7753731343283582
ele-fashion,43,visual,4,4016,0.7330811,0.76984495,-0.01878320345819965,0.10661718176822431,0.25796812749003983,0.7420318725099602
ele-fashion,43,visual,5,4018,0.76984847,0.804186,-0.01589078112889895,0.0941075012507221,0.26455948232951715,0.7354405176704828
ele-fashion,43,visual,6,4019,0.8041912,0.83897173,-0.0149188518178991,0.0965456162351218,0.266981836277681,0.733018163722319
ele-fashion,43,visual,7,4017,0.83897185,0.87141204,-0.010748035395474,0.09370763535673221,0.3052028877271596,0.6947971122728405
ele-fashion,43,visual,8,4018,0.8714282,0.90741366,-0.01438189096716955,0.10487181719175397,0.3424589347934296,0.6575410652065704
ele-fashion,43,visual,9,4018,0.9074349,1.0000002,-0.02201293244591345,0.13493986389000628,0.3399701343952215,0.6600298656047785
ele-fashion,44,text,0,4019,0.09898645,0.507599,0.018298735737151,0.16889193231510705,0.6262751928340383,0.3737248071659617
ele-fashion,44,text,1,4020,0.5076107,0.59103066,0.042220085939606355,0.190906899399965,0.7671641791044777,0.23283582089552238
ele-fashion,44,text,2,4016,0.5910504,0.6445317,0.04680996888110215,0.20016555657363405,0.8174800796812749,0.1825199203187251
ele-fashion,44,text,3,4018,0.6445621,0.689419,0.060075316784315144,0.22668370418782152,0.8305126928820309,0.16948730711796914
ele-fashion,44,text,4,4031,0.68942106,0.7296458,0.0599600307520453,0.2364461164688716,0.8218804266931282,0.17811957330687175
ele-fashion,44,text,5,4005,0.7296479,0.7669181,0.0621116470198662,0.24470713770983,0.8329588014981273,0.16704119850187266
ele-fashion,44,text,6,4018,0.76694524,0.8048155,0.060048928102579655,0.2584336662953243,0.8205574912891986,0.1794425087108014
ele-fashion,44,text,7,4018,0.8048253,0.8460326,0.0541082243162943,0.2484949990304046,0.7822299651567944,0.21777003484320556
ele-fashion,44,text,8,4021,0.84604406,0.9029619,0.0422718742394318,0.249769267802984,0.7518030340711266,0.24819696592887341
ele-fashion,44,text,9,4015,0.9029981,1.0000002,0.0364785399031024,0.20856048878838981,0.7330012453300124,0.26699875466998757
ele-fashion,44,visual,0,4020,0.16255096,0.5750991,-0.01741397005752695,0.12563307617429478,0.3592039800995025,0.6407960199004975
ele-fashion,44,visual,1,4017,0.57510376,0.6420339,-0.0289967947353183,0.1314185173406113,0.23699278068210108,0.7630072193178989
ele-fashion,44,visual,2,4018,0.6420495,0.69066155,-0.030372490823793702,0.13671373893212527,0.20433051269288202,0.795669487307118
ele-fashion,44,visual,3,4020,0.6906647,0.73308104,-0.034809901356579256,0.15811652099763335,0.19676616915422884,0.8032338308457712
ele-fashion,44,visual,4,4016,0.7330811,0.76984495,-0.034566244101745,0.171340686184198,0.20268924302788843,0.7973107569721115
ele-fashion,44,visual,5,4018,0.76984847,0.804186,-0.0324665653839967,0.16280317293371943,0.2192633150821304,0.7807366849178696
ele-fashion,44,visual,6,4019,0.8041912,0.83897173,-0.0356104710455962,0.18394496902938137,0.2095048519532222,0.7904951480467778
ele-fashion,44,visual,7,4017,0.83897185,0.87141204,-0.0319593425738825,0.1771579983534397,0.22379885486681603,0.776201145133184
ele-fashion,44,visual,8,4018,0.8714282,0.90741366,-0.041782945784932204,0.21109527199126915,0.219761075161772,0.780238924838228
ele-fashion,44,visual,9,4018,0.9074349,1.0000002,-0.0579055770593853,0.22006706381979776,0.2533598805375809,0.7466401194624191
