dataset,seed,variant,name,intervention,repeat_seed,val_accuracy,val_macro_f1,val_ce,delta_ce,delta_accuracy,delta_macro_f1
Grocery,42,extent,M0-A,extent_off,,0.8158125877380371,0.7460243471943888,0.7224852442741394,0.011636197566986084,-0.0029282569885253906,-0.006472379423685393
Grocery,42,extent,M0-A,edge_control_shuffle,1001,0.8187408447265625,0.7521574969185678,0.7129493355751038,0.0021002888679504395,0.0,-0.0003392296995063937
Grocery,42,extent,M0-A,edge_control_shuffle,1002,0.819619357585907,0.7528050007262161,0.7114720940589905,0.0006230473518371582,0.0008785128593444824,0.0003082741081419371
Grocery,42,extent,M0-A,edge_control_shuffle,1003,0.8193265199661255,0.7534544496621367,0.712409257888794,0.001560211181640625,0.0005856752395629883,0.0009577230440624973
Grocery,42,extent,M0-A,edge_control_shuffle,1004,0.819033682346344,0.7535026603611131,0.7123657464981079,0.0015166997909545898,0.00029283761978149414,0.0010059337430389226
Grocery,42,extent,M0-A,edge_control_shuffle,1005,0.8187408447265625,0.752165627207081,0.7112863659858704,0.000437319278717041,0.0,-0.0003310994109931853
Grocery,42,extent,M0-A,modality_tied,,0.8184480667114258,0.7518773276027169,0.7108895778656006,4.0531158447265625e-05,-0.00029277801513671875,-0.000619399015357347
Grocery,42,multi_basis,M0-C,extent_off,,0.8155198097229004,0.73764362141332,0.7330403327941895,0.012736141681671143,-0.005270838737487793,-0.01300981456294581
Grocery,42,multi_basis,M0-C,function_off,,0.8222547769546509,0.7519953264150852,0.7199059128761292,-0.00039827823638916016,0.0014641284942626953,0.001341890438819382
Grocery,42,multi_basis,M0-C,edge_control_shuffle,1001,0.8207906484603882,0.7532044797967852,0.7243896722793579,0.0040854811668396,0.0,0.0025510438205194053
Grocery,42,multi_basis,M0-C,edge_control_shuffle,1002,0.8210834860801697,0.752561418170476,0.7232328057289124,0.002928614616394043,0.00029283761978149414,0.0019079821942101782
Grocery,42,multi_basis,M0-C,edge_control_shuffle,1003,0.8193265199661255,0.7487402361300268,0.724368155002594,0.004063963890075684,-0.0014641284942626953,-0.0019131998462389443
Grocery,42,multi_basis,M0-C,edge_control_shuffle,1004,0.8181552290916443,0.7507020252760724,0.7236395478248596,0.0033353567123413086,-0.0026354193687438965,4.858929980666726e-05
Grocery,42,multi_basis,M0-C,edge_control_shuffle,1005,0.8193265199661255,0.7478051534603964,0.7217919230461121,0.00148773193359375,-0.0014641284942626953,-0.002848282515869327
Grocery,42,multi_basis,M0-C,modality_tied,,0.8213763236999512,0.7511139836526177,0.7207030653953552,0.00039887428283691406,0.0005856752395629883,0.00046054767635195226
Grocery,42,multi_basis,M0-C,basis_uniform,,0.8213763236999512,0.7513720596761357,0.7199738621711731,-0.00033032894134521484,0.0005856752395629883,0.0007186236998699691
Grocery,42,single_basis,M0-B,extent_off,,0.8181552290916443,0.7432784929380403,0.7409141063690186,0.009461700916290283,-0.0035138726234436035,-0.008064516022614265
Grocery,42,single_basis,M0-B,function_off,,0.8193265199661255,0.7489865097520514,0.7341222763061523,0.0026698708534240723,-0.0023425817489624023,-0.0023564992086031467
Grocery,42,single_basis,M0-B,edge_control_shuffle,1001,0.8207906484603882,0.7481624667394602,0.733039915561676,0.001587510108947754,-0.000878453254699707,-0.003180542221194349
Grocery,42,single_basis,M0-B,edge_control_shuffle,1002,0.8213763236999512,0.7540844937858913,0.7326876521110535,0.0012352466583251953,-0.00029277801513671875,0.0027414848252367285
Grocery,42,single_basis,M0-B,edge_control_shuffle,1003,0.8219619393348694,0.7520256019852244,0.7317379713058472,0.0002855658531188965,0.00029283761978149414,0.0006825930245698553
Grocery,42,single_basis,M0-B,edge_control_shuffle,1004,0.8202049732208252,0.7512591299311777,0.732968807220459,0.0015164017677307129,-0.0014641284942626953,-8.38790294768188e-05
Grocery,42,single_basis,M0-B,edge_control_shuffle,1005,0.8210834860801697,0.7511613597314287,0.7303222417831421,-0.0011301636695861816,-0.0005856156349182129,-0.00018164922922581095
Grocery,42,single_basis,M0-B,modality_tied,,0.8219619393348694,0.753715900564836,0.7315464615821838,9.40561294555664e-05,0.00029283761978149414,0.002372891604181415
Grocery,43,extent,M0-A,extent_off,,0.8228404521942139,0.7300271975551685,0.6738049387931824,0.005675077438354492,0.0005856752395629883,0.0005766697480118488
Grocery,43,extent,M0-A,edge_control_shuffle,1001,0.8219619393348694,0.723470078626488,0.6687448024749756,0.0006149411201477051,-0.00029283761978149414,-0.0059804491806686455
Grocery,43,extent,M0-A,edge_control_shuffle,1002,0.8231332302093506,0.7285882428361281,0.6677089333534241,-0.0004209280014038086,0.000878453254699707,-0.0008622849710285818
Grocery,43,extent,M0-A,edge_control_shuffle,1003,0.8222547769546509,0.7297138293963157,0.6687201261520386,0.0005902647972106934,0.0,0.00026330158915899293
Grocery,43,extent,M0-A,edge_control_shuffle,1004,0.8219619393348694,0.7290463007733076,0.6698165535926819,0.001686692237854004,-0.00029283761978149414,-0.00040422703384912495
Grocery,43,extent,M0-A,edge_control_shuffle,1005,0.8219619393348694,0.7274632775598832,0.668289303779602,0.00015944242477416992,-0.00029283761978149414,-0.001987250247273531
Grocery,43,extent,M0-A,modality_tied,,0.8219619393348694,0.7235761191024894,0.6678037643432617,-0.0003260970115661621,-0.00029283761978149414,-0.005874408704667267
Grocery,43,multi_basis,M0-C,extent_off,,0.8219619393348694,0.7368777546849308,0.6738908290863037,0.004202127456665039,-0.0011712908744812012,0.0032804969647666216
Grocery,43,multi_basis,M0-C,function_off,,0.8225476145744324,0.7330298452852972,0.6703988313674927,0.0007101297378540039,-0.0005856156349182129,-0.0005674124348669096
Grocery,43,multi_basis,M0-C,edge_control_shuffle,1001,0.8234260678291321,0.7336913741065197,0.6700815558433533,0.0003928542137145996,0.00029283761978149414,9.411638635559161e-05
Grocery,43,multi_basis,M0-C,edge_control_shuffle,1002,0.8237189054489136,0.7339683266157792,0.669526219367981,-0.00016248226165771484,0.0005856752395629883,0.000371068895615001
Grocery,43,multi_basis,M0-C,edge_control_shuffle,1003,0.8228404521942139,0.738280470148706,0.6705736517906189,0.0008849501609802246,-0.00029277801513671875,0.004683212428541861
Grocery,43,multi_basis,M0-C,edge_control_shuffle,1004,0.8228404521942139,0.7376671826215441,0.6712446808815002,0.0015559792518615723,-0.00029277801513671875,0.004069924901379918
Grocery,43,multi_basis,M0-C,edge_control_shuffle,1005,0.8237189054489136,0.7386878142538529,0.6699131727218628,0.0002244710922241211,0.0005856752395629883,0.005090556533688728
Grocery,43,multi_basis,M0-C,modality_tied,,0.8231332302093506,0.7333389651157403,0.6698240637779236,0.0001353621482849121,0.0,-0.0002582926044238931
Grocery,43,multi_basis,M0-C,basis_uniform,,0.8231332302093506,0.7335760072155034,0.6697328090667725,4.410743713378906e-05,0.0,-2.1250504660730307e-05
Grocery,43,single_basis,M0-B,extent_off,,0.8234260678291321,0.7402561439751146,0.686896562576294,0.006099224090576172,0.0005856156349182129,0.0002419830208889584
Grocery,43,single_basis,M0-B,function_off,,0.8202049732208252,0.7372792312327356,0.6806118488311768,-0.00018548965454101562,-0.002635478973388672,-0.0027349297214900314
Grocery,43,single_basis,M0-B,edge_control_shuffle,1001,0.8225476145744324,0.7402150246247703,0.6815357208251953,0.0007383823394775391,-0.00029283761978149414,0.0002008636705446154
Grocery,43,single_basis,M0-B,edge_control_shuffle,1002,0.8234260678291321,0.7394589487030018,0.6810663342475891,0.0002689957618713379,0.0005856156349182129,-0.0005552122512239022
Grocery,43,single_basis,M0-B,edge_control_shuffle,1003,0.8216691017150879,0.738978493352586,0.6839783191680908,0.003180980682373047,-0.0011713504791259766,-0.0010356676016396449
Grocery,43,single_basis,M0-B,edge_control_shuffle,1004,0.8219619393348694,0.7387512077048866,0.6835431456565857,0.00274580717086792,-0.0008785128593444824,-0.001262953249339116
Grocery,43,single_basis,M0-B,edge_control_shuffle,1005,0.8219619393348694,0.737071547250941,0.6817498803138733,0.0009525418281555176,-0.0008785128593444824,-0.0029426137032846356
Grocery,43,single_basis,M0-B,modality_tied,,0.8219619393348694,0.7396538054661458,0.6812359094619751,0.0004385709762573242,-0.0008785128593444824,-0.0003603554880798887
Grocery,44,extent,M0-A,extent_off,,0.8102489113807678,0.7125509477703433,0.7478128671646118,0.027877330780029297,-0.010541737079620361,-0.011626681589089971
Grocery,44,extent,M0-A,edge_control_shuffle,1001,0.819033682346344,0.7211421527674042,0.7222580909729004,0.002322554588317871,-0.0017569661140441895,-0.003035476592029074
Grocery,44,extent,M0-A,edge_control_shuffle,1002,0.8207906484603882,0.7285399334693894,0.7200931906700134,0.0001576542854309082,0.0,0.004362304109956083
Grocery,44,extent,M0-A,edge_control_shuffle,1003,0.8181552290916443,0.724052340489184,0.7247086763381958,0.004773139953613281,-0.0026354193687438965,-0.00012528887024931823
Grocery,44,extent,M0-A,edge_control_shuffle,1004,0.8169839382171631,0.7167355533266611,0.7243286371231079,0.004393100738525391,-0.0038067102432250977,-0.007442076032772249
Grocery,44,extent,M0-A,edge_control_shuffle,1005,0.8184480667114258,0.720240271196922,0.722224235534668,0.0022886991500854492,-0.0023425817489624023,-0.003937358162511284
Grocery,44,extent,M0-A,modality_tied,,0.8207906484603882,0.7222270822422889,0.720587432384491,0.0006518959999084473,0.0,-0.0019505471171443745
Grocery,44,multi_basis,M0-C,extent_off,,0.8111274242401123,0.7270727783986017,0.825364887714386,0.036315321922302246,-0.012298643589019775,-0.008576520938608945
Grocery,44,multi_basis,M0-C,function_off,,0.8202049732208252,0.7227484227520232,0.7919638156890869,0.002914249897003174,-0.0032210946083068848,-0.01290087658518746
Grocery,44,multi_basis,M0-C,edge_control_shuffle,1001,0.8181552290916443,0.7297968493922588,0.7930779457092285,0.004028379917144775,-0.005270838737487793,-0.005852449944951932
Grocery,44,multi_basis,M0-C,edge_control_shuffle,1002,0.8187408447265625,0.7305245723620716,0.7920758128166199,0.003026247024536133,-0.00468522310256958,-0.0051247269751391045
Grocery,44,multi_basis,M0-C,edge_control_shuffle,1003,0.819619357585907,0.7343623499244215,0.7928177714347839,0.0037682056427001953,-0.0038067102432250977,-0.0012869494127891734
Grocery,44,multi_basis,M0-C,edge_control_shuffle,1004,0.8166911005973816,0.7268044672290832,0.7968700528144836,0.007820487022399902,-0.006734967231750488,-0.008844832108127476
Grocery,44,multi_basis,M0-C,edge_control_shuffle,1005,0.8193265199661255,0.7311014592542622,0.7939249873161316,0.0048754215240478516,-0.004099547863006592,-0.004547840082948507
Grocery,44,multi_basis,M0-C,modality_tied,,0.8213763236999512,0.7313505507586932,0.7902231216430664,0.001173555850982666,-0.002049744129180908,-0.0042987485785175306
Grocery,44,multi_basis,M0-C,basis_uniform,,0.8210834860801697,0.7296865243777707,0.7903149724006653,0.001265406608581543,-0.0023425817489624023,-0.005962774959439976
Grocery,44,single_basis,M0-B,extent_off,,0.8146412968635559,0.7211595218178386,0.7664385437965393,0.026743650436401367,-0.008199155330657959,-0.011350804888259347
Grocery,44,single_basis,M0-B,function_off,,0.8178623914718628,0.7233072149539025,0.744921863079071,0.0052269697189331055,-0.004978060722351074,-0.009203111752195459
Grocery,44,single_basis,M0-B,edge_control_shuffle,1001,0.8213763236999512,0.7328577126272459,0.7427967190742493,0.003101825714111328,-0.0014641284942626953,0.00034738592114791356
Grocery,44,single_basis,M0-B,edge_control_shuffle,1002,0.8216691017150879,0.7287144663735232,0.7399847507476807,0.0002898573875427246,-0.0011713504791259766,-0.0037958603325747298
Grocery,44,single_basis,M0-B,edge_control_shuffle,1003,0.8202049732208252,0.7267580495843042,0.7418548464775085,0.0021599531173706055,-0.002635478973388672,-0.005752277121793714
Grocery,44,single_basis,M0-B,edge_control_shuffle,1004,0.819033682346344,0.7229696925935134,0.7446427941322327,0.0049479007720947266,-0.003806769847869873,-0.009540634112584545
Grocery,44,single_basis,M0-B,edge_control_shuffle,1005,0.819619357585907,0.7302847973353137,0.740902304649353,0.0012074112892150879,-0.0032210946083068848,-0.0022255293707842405
Grocery,44,single_basis,M0-B,modality_tied,,0.8225476145744324,0.7323944775358718,0.7428467273712158,0.003151834011077881,-0.00029283761978149414,-0.00011584917022611219
Movies,42,extent,M0-A,extent_off,,0.5524894595146179,0.4718671209222748,1.5267131328582764,0.005182027816772461,-0.000299990177154541,0.016916706614919952
Movies,42,extent,M0-A,edge_control_shuffle,1001,0.5485902428627014,0.44910795957204447,1.5251905918121338,0.003659486770629883,-0.004199206829071045,-0.005842454735310365
Movies,42,extent,M0-A,edge_control_shuffle,1002,0.5506898164749146,0.45589161763951414,1.5298107862472534,0.008279681205749512,-0.00209963321685791,0.0009412033321593016
Movies,42,extent,M0-A,edge_control_shuffle,1003,0.5509898066520691,0.4561230390169385,1.5290393829345703,0.007508277893066406,-0.0017996430397033691,0.0011726247095836806
Movies,42,extent,M0-A,edge_control_shuffle,1004,0.5506898164749146,0.45678548175270717,1.5305808782577515,0.009049773216247559,-0.00209963321685791,0.0018350674453523341
Movies,42,extent,M0-A,edge_control_shuffle,1005,0.5506898164749146,0.45475315486961554,1.523209571838379,0.001678466796875,-0.00209963321685791,-0.00019725943773929444
Movies,42,extent,M0-A,modality_tied,,0.553389310836792,0.45763028608124634,1.5127395391464233,-0.008791565895080566,0.0005998611450195312,0.0026798717738915068
Movies,42,multi_basis,M0-C,extent_off,,0.5476904511451721,0.4463280277377901,1.3995028734207153,0.010863065719604492,-0.005398929119110107,-0.0017051555865510437
Movies,42,multi_basis,M0-C,function_off,,0.5512897372245789,0.4479891518136004,1.3879969120025635,-0.0006428956985473633,-0.0017996430397033691,-4.403151074078293e-05
Movies,42,multi_basis,M0-C,edge_control_shuffle,1001,0.5524894595146179,0.44409518496589184,1.3902667760849,0.0016269683837890625,-0.0005999207496643066,-0.003937998358449324
Movies,42,multi_basis,M0-C,edge_control_shuffle,1002,0.5521895289421082,0.44722387923773954,1.3904491662979126,0.0018093585968017578,-0.0008998513221740723,-0.0008093040866016254
Movies,42,multi_basis,M0-C,edge_control_shuffle,1003,0.5518895983695984,0.44544078620625704,1.3910112380981445,0.0023714303970336914,-0.0011997818946838379,-0.002592397118084122
Movies,42,multi_basis,M0-C,edge_control_shuffle,1004,0.5527894496917725,0.4466904190287312,1.3900498151779175,0.0014100074768066406,-0.0002999305725097656,-0.0013427642956099772
Movies,42,multi_basis,M0-C,edge_control_shuffle,1005,0.5515896677970886,0.4441996749751301,1.3884145021438599,-0.00022530555725097656,-0.0014997124671936035,-0.00383350834921109
Movies,42,multi_basis,M0-C,modality_tied,,0.5524894595146179,0.4508005651819995,1.3888038396835327,0.000164031982421875,-0.0005999207496643066,0.0027673818576583464
Movies,42,multi_basis,M0-C,basis_uniform,,0.5530893802642822,0.44852767142111805,1.3884142637252808,-0.00022554397583007812,0.0,0.0004944880967768794
Movies,42,single_basis,M0-B,extent_off,,0.548890233039856,0.4595085044386392,1.4500818252563477,-0.003031134605407715,-0.005698859691619873,0.016928653484157674
Movies,42,single_basis,M0-B,function_off,,0.5470905900001526,0.42879511497588324,1.4641607999801636,0.011047840118408203,-0.007498502731323242,-0.013784735978598306
Movies,42,single_basis,M0-B,edge_control_shuffle,1001,0.5539891719818115,0.4449729162638888,1.4531371593475342,2.4199485778808594e-05,-0.0005999207496643066,0.0023930653094072496
Movies,42,single_basis,M0-B,edge_control_shuffle,1002,0.5503898859024048,0.44060197768875414,1.4535441398620605,0.0004311800003051758,-0.004199206829071045,-0.0019778732657274034
Movies,42,single_basis,M0-B,edge_control_shuffle,1003,0.5518895983695984,0.4419723148650541,1.4554550647735596,0.0023421049118041992,-0.0026994943618774414,-0.0006075360894274295
Movies,42,single_basis,M0-B,edge_control_shuffle,1004,0.5509898066520691,0.4447967708426835,1.4581242799758911,0.005011320114135742,-0.0035992860794067383,0.0022169198882019403
Movies,42,single_basis,M0-B,edge_control_shuffle,1005,0.5512897372245789,0.44047989816608474,1.4497873783111572,-0.0033255815505981445,-0.0032993555068969727,-0.0020999527883968083
Movies,42,single_basis,M0-B,modality_tied,,0.5524894595146179,0.4430628150023111,1.4477148056030273,-0.005398154258728027,-0.00209963321685791,0.00048296404782954827
Movies,43,extent,M0-A,extent_off,,0.5527894496917725,0.43459856312715084,1.381917119026184,-0.006688117980957031,0.0011997818946838379,0.006697114706739948
Movies,43,extent,M0-A,edge_control_shuffle,1001,0.5485902428627014,0.4297813926040492,1.3888641595840454,0.0002589225769042969,-0.002999424934387207,0.0018799441836382935
Movies,43,extent,M0-A,edge_control_shuffle,1002,0.5482903122901917,0.4256293438413599,1.387056827545166,-0.0015484094619750977,-0.0032993555068969727,-0.002272104579050971
Movies,43,extent,M0-A,edge_control_shuffle,1003,0.548890233039856,0.4311127010314526,1.390381932258606,0.0017766952514648438,-0.002699434757232666,0.003211252611041715
Movies,43,extent,M0-A,edge_control_shuffle,1004,0.5524894595146179,0.43276019936029825,1.3879116773605347,-0.0006935596466064453,0.0008997917175292969,0.004858750939887357
Movies,43,extent,M0-A,edge_control_shuffle,1005,0.5494900941848755,0.4319564809751933,1.3880257606506348,-0.0005794763565063477,-0.0020995736122131348,0.004055032554782401
Movies,43,extent,M0-A,modality_tied,,0.5509898066520691,0.42715032183708723,1.3876227140426636,-0.000982522964477539,-0.0005998611450195312,-0.000751126583323658
Movies,43,multi_basis,M0-C,extent_off,,0.5518895983695984,0.42234869336493375,1.367956519126892,0.0026644468307495117,-0.0002999305725097656,0.004017864748234512
Movies,43,multi_basis,M0-C,function_off,,0.5476904511451721,0.40403204749743005,1.369888186454773,0.004596114158630371,-0.004499077796936035,-0.014298781119269188
Movies,43,multi_basis,M0-C,edge_control_shuffle,1001,0.5497900247573853,0.4172353269729143,1.365931510925293,0.0006394386291503906,-0.0023995041847229004,-0.001095501643784913
Movies,43,multi_basis,M0-C,edge_control_shuffle,1002,0.5497900247573853,0.41779549574180097,1.3660954236984253,0.0008033514022827148,-0.0023995041847229004,-0.0005353328748982644
Movies,43,multi_basis,M0-C,edge_control_shuffle,1003,0.5494900941848755,0.41709335506416156,1.3658604621887207,0.000568389892578125,-0.002699434757232666,-0.0012374735525376712
Movies,43,multi_basis,M0-C,edge_control_shuffle,1004,0.5506898164749146,0.4179674997071535,1.3656625747680664,0.0003705024719238281,-0.0014997124671936035,-0.0003633289095457126
Movies,43,multi_basis,M0-C,edge_control_shuffle,1005,0.5497900247573853,0.41712382875585413,1.3662527799606323,0.0009607076644897461,-0.0023995041847229004,-0.0012069998608451038
Movies,43,multi_basis,M0-C,modality_tied,,0.5512897372245789,0.4180290835344384,1.36580228805542,0.0005102157592773438,-0.0008997917175292969,-0.0003017450822608292
Movies,43,multi_basis,M0-C,basis_uniform,,0.5506898164749146,0.41725508400471945,1.3667182922363281,0.0014262199401855469,-0.0014997124671936035,-0.0010757446119797898
Movies,43,single_basis,M0-B,extent_off,,0.5539891719818115,0.4442375895012973,1.4016824960708618,-0.00677943229675293,0.0014997124671936035,0.0058455379409433905
Movies,43,single_basis,M0-B,function_off,,0.5473905205726624,0.4245081582750597,1.4402801990509033,0.031818270683288574,-0.005098938941955566,-0.013883893285294213
Movies,43,single_basis,M0-B,edge_control_shuffle,1001,0.5518895983695984,0.4360702414571776,1.4099221229553223,0.0014601945877075195,-0.0005998611450195312,-0.002321810103176336
Movies,43,single_basis,M0-B,edge_control_shuffle,1002,0.5524894595146179,0.4363423041970812,1.4084596633911133,-2.2649765014648438e-06,0.0,-0.002049747363272736
Movies,43,single_basis,M0-B,edge_control_shuffle,1003,0.5524894595146179,0.437739246283133,1.4088904857635498,0.0004285573959350586,0.0,-0.0006528052772209469
Movies,43,single_basis,M0-B,edge_control_shuffle,1004,0.5524894595146179,0.43939104833507725,1.4071145057678223,-0.0013474225997924805,0.0,0.0009989967747233153
Movies,43,single_basis,M0-B,edge_control_shuffle,1005,0.5536892414093018,0.439957860767579,1.4084689617156982,7.033348083496094e-06,0.0011997818946838379,0.001565809207225044
Movies,43,single_basis,M0-B,modality_tied,,0.5518895983695984,0.4383747645904048,1.4071873426437378,-0.0012745857238769531,-0.0005998611450195312,-1.7286969949126263e-05
Movies,44,extent,M0-A,extent_off,,0.5548890233039856,0.47089923587853055,1.4020549058914185,0.0061740875244140625,-0.0002999305725097656,0.0032759046931136737
Movies,44,extent,M0-A,edge_control_shuffle,1001,0.5530893802642822,0.46369880741277925,1.395443081855774,-0.00043773651123046875,-0.0020995736122131348,-0.003924523772637634
Movies,44,extent,M0-A,edge_control_shuffle,1002,0.5536892414093018,0.46645328814647585,1.3961706161499023,0.0002897977828979492,-0.0014997124671936035,-0.0011700430389410266
Movies,44,extent,M0-A,edge_control_shuffle,1003,0.5554888844490051,0.46734095450875157,1.3956947326660156,-0.00018608570098876953,0.0002999305725097656,-0.00028237667666530797
Movies,44,extent,M0-A,edge_control_shuffle,1004,0.5542891025543213,0.46511770057521995,1.3965444564819336,0.0006636381149291992,-0.0008998513221740723,-0.0025056306101969295
Movies,44,extent,M0-A,edge_control_shuffle,1005,0.5539891719818115,0.4657328721515289,1.3967899084091187,0.0009090900421142578,-0.0011997818946838379,-0.001890459033887959
Movies,44,extent,M0-A,modality_tied,,0.5530893802642822,0.4664166850726003,1.3963217735290527,0.00044095516204833984,-0.0020995736122131348,-0.0012066461128165673
Movies,44,multi_basis,M0-C,extent_off,,0.5524894595146179,0.45413126401387116,1.3890703916549683,0.008162260055541992,-0.003899216651916504,-0.0025601066209598455
Movies,44,multi_basis,M0-C,function_off,,0.5548890233039856,0.4558274629931519,1.3816721439361572,0.000764012336730957,-0.0014996528625488281,-0.0008639076416790958
Movies,44,multi_basis,M0-C,edge_control_shuffle,1001,0.5569885969161987,0.45721780954481267,1.38199782371521,0.0010896921157836914,0.0005999207496643066,0.0005264389099816635
Movies,44,multi_basis,M0-C,edge_control_shuffle,1002,0.5563886761665344,0.4572705063979855,1.3819247484207153,0.0010166168212890625,0.0,0.0005791357631544924
Movies,44,multi_basis,M0-C,edge_control_shuffle,1003,0.5554888844490051,0.45639774836848696,1.3816794157028198,0.0007712841033935547,-0.0008997917175292969,-0.0002936222663440513
Movies,44,multi_basis,M0-C,edge_control_shuffle,1004,0.5560887455940247,0.45759379384951826,1.3816161155700684,0.0007079839706420898,-0.0002999305725097656,0.0009024232146872535
Movies,44,multi_basis,M0-C,edge_control_shuffle,1005,0.5563886761665344,0.4552312157519015,1.38254976272583,0.0016416311264038086,0.0,-0.0014601548829294986
Movies,44,multi_basis,M0-C,modality_tied,,0.5569885969161987,0.458903192944004,1.3810988664627075,0.00019073486328125,0.0005999207496643066,0.002211822309172995
Movies,44,multi_basis,M0-C,basis_uniform,,0.5563886761665344,0.456691370634831,1.380897045135498,-1.1086463928222656e-05,0.0,0.0
Movies,44,single_basis,M0-B,extent_off,,0.5536892414093018,0.47513455608042454,1.3958526849746704,0.01625049114227295,-0.005998790264129639,-0.0037735003625513075
Movies,44,single_basis,M0-B,function_off,,0.5590881705284119,0.47756917750688616,1.3781225681304932,-0.0014796257019042969,-0.0005998611450195312,-0.0013388789360896935
Movies,44,single_basis,M0-B,edge_control_shuffle,1001,0.5602879524230957,0.4786460051285831,1.3803446292877197,0.0007424354553222656,0.0005999207496643066,-0.00026205131439277496
Movies,44,single_basis,M0-B,edge_control_shuffle,1002,0.5602879524230957,0.4798999951387607,1.3811026811599731,0.0015004873275756836,0.0005999207496643066,0.0009919386957848442
Movies,44,single_basis,M0-B,edge_control_shuffle,1003,0.5605878829956055,0.48104112597891246,1.3800742626190186,0.00047206878662109375,0.0008998513221740723,0.002133069535936616
Movies,44,single_basis,M0-B,edge_control_shuffle,1004,0.5587882399559021,0.477622993283852,1.381602168083191,0.001999974250793457,-0.0008997917175292969,-0.001285063159123856
Movies,44,single_basis,M0-B,edge_control_shuffle,1005,0.5602879524230957,0.4784657879091908,1.3805147409439087,0.0009125471115112305,0.0005999207496643066,-0.0004422685337850396
Movies,44,single_basis,M0-B,modality_tied,,0.557888388633728,0.47894563258758316,1.3811733722686768,0.0015711784362792969,-0.0017996430397033691,3.7576144607309736e-05
ele-fashion,42,extent,M0-A,extent_off,,0.8561931252479553,0.6548906301900641,0.4948386251926422,0.06865867972373962,-0.017592310905456543,-0.03219681367046168
ele-fashion,42,extent,M0-A,edge_control_shuffle,1001,0.8723534941673279,0.6890079891887129,0.4296344220638275,0.0034544765949249268,-0.0014319419860839844,0.0019205453281870843
ele-fashion,42,extent,M0-A,edge_control_shuffle,1002,0.8722512125968933,0.6884616734977653,0.4279206097126007,0.0017406642436981201,-0.0015342235565185547,0.0013742296372395435
ele-fashion,42,extent,M0-A,edge_control_shuffle,1003,0.8731717467308044,0.6884384595168479,0.42871129512786865,0.0025313496589660645,-0.0006136894226074219,0.0013510156563221187
ele-fashion,42,extent,M0-A,edge_control_shuffle,1004,0.873274028301239,0.6881452836323504,0.42795807123184204,0.0017781257629394531,-0.0005114078521728516,0.001057839771824609
ele-fashion,42,extent,M0-A,edge_control_shuffle,1005,0.8731717467308044,0.6898697541118913,0.4286416172981262,0.002461671829223633,-0.0006136894226074219,0.0027823102513655495
ele-fashion,42,extent,M0-A,modality_tied,,0.8728649020195007,0.680220395309241,0.4366688132286072,0.01048886775970459,-0.0009205341339111328,-0.006867048551284727
ele-fashion,42,multi_basis,M0-C,extent_off,,0.864886999130249,0.6728921274373243,0.44741684198379517,0.024475187063217163,-0.00828474760055542,-0.013597877644653367
ele-fashion,42,multi_basis,M0-C,function_off,,0.8676486015319824,0.6871110927467202,0.42145439982414246,-0.0014872550964355469,-0.0055231451988220215,0.0006210876647425589
ele-fashion,42,multi_basis,M0-C,edge_control_shuffle,1001,0.8715352416038513,0.6878546730397365,0.42628151178359985,0.0033398568630218506,-0.001636505126953125,0.0013646679577588028
ele-fashion,42,multi_basis,M0-C,edge_control_shuffle,1002,0.8726603388786316,0.6850342895351785,0.4246322512626648,0.001690596342086792,-0.0005114078521728516,-0.00145571554679913
ele-fashion,42,multi_basis,M0-C,edge_control_shuffle,1003,0.8724557757377625,0.6859515357484485,0.42594337463378906,0.0030017197132110596,-0.0007159709930419922,-0.0005384693335291901
ele-fashion,42,multi_basis,M0-C,edge_control_shuffle,1004,0.8726603388786316,0.6871918049344113,0.4255867898464203,0.002645134925842285,-0.0005114078521728516,0.0007017998524336821
ele-fashion,42,multi_basis,M0-C,edge_control_shuffle,1005,0.8721489310264587,0.6859395607480318,0.4252585470676422,0.002316892147064209,-0.0010228157043457031,-0.0005504443339459097
ele-fashion,42,multi_basis,M0-C,modality_tied,,0.8714329600334167,0.6844874824898399,0.41494494676589966,-0.007996708154678345,-0.0017387866973876953,-0.0020025225921377343
ele-fashion,42,multi_basis,M0-C,basis_uniform,,0.8702055811882019,0.6849626869530203,0.4155091345310211,-0.007432520389556885,-0.002966165542602539,-0.0015273181289573445
ele-fashion,42,single_basis,M0-B,extent_off,,0.8679554462432861,0.6681144830333721,0.42424753308296204,0.0191287100315094,-0.0038866400718688965,-0.008310516415164115
ele-fashion,42,single_basis,M0-B,function_off,,0.8693873286247253,0.6645036263171613,0.40803882479667664,0.002920001745223999,-0.0024547576904296875,-0.011921373131374868
ele-fashion,42,single_basis,M0-B,edge_control_shuffle,1001,0.8707169890403748,0.675530410369298,0.4071941375732422,0.0020753145217895508,-0.0011250972747802734,-0.0008945890792382283
ele-fashion,42,single_basis,M0-B,edge_control_shuffle,1002,0.8714329600334167,0.6759721366666733,0.40551719069480896,0.00039836764335632324,-0.00040912628173828125,-0.00045286278186285056
ele-fashion,42,single_basis,M0-B,edge_control_shuffle,1003,0.8712283968925476,0.6749303267708192,0.40687593817710876,0.001757115125656128,-0.0006136894226074219,-0.0014946726777169683
ele-fashion,42,single_basis,M0-B,edge_control_shuffle,1004,0.8714329600334167,0.6759777266673628,0.40597474575042725,0.0008559226989746094,-0.00040912628173828125,-0.0004472727811734023
ele-fashion,42,single_basis,M0-B,edge_control_shuffle,1005,0.8708192706108093,0.6747331289479587,0.406879186630249,0.0017603635787963867,-0.0010228157043457031,-0.001691870500577508
ele-fashion,42,single_basis,M0-B,modality_tied,,0.871842086315155,0.6748439323017449,0.4073137044906616,0.0021948814392089844,0.0,-0.001581067146791293
ele-fashion,43,extent,M0-A,extent_off,,0.8626368045806885,0.6546811874158701,0.45313119888305664,0.033533453941345215,-0.012478291988372803,-0.027773909897296667
ele-fashion,43,extent,M0-A,edge_control_shuffle,1001,0.8746036887168884,0.682322433178085,0.42147096991539,0.0018732249736785889,-0.0005114078521728516,-0.00013266413508172814
ele-fashion,43,extent,M0-A,edge_control_shuffle,1002,0.8749105334281921,0.6824463378604441,0.42042598128318787,0.0008282363414764404,-0.00020456314086914062,-8.759452722717498e-06
ele-fashion,43,extent,M0-A,edge_control_shuffle,1003,0.8745014071464539,0.6820576637063716,0.42121705412864685,0.0016193091869354248,-0.0006136894226074219,-0.00039743360679522777
ele-fashion,43,extent,M0-A,edge_control_shuffle,1004,0.874705970287323,0.679692433402526,0.42143964767456055,0.001841902732849121,-0.00040912628173828125,-0.002762663910640728
ele-fashion,43,extent,M0-A,edge_control_shuffle,1005,0.8745014071464539,0.6786486589951228,0.4214155972003937,0.001817852258682251,-0.0006136894226074219,-0.0038064383180439476
ele-fashion,43,extent,M0-A,modality_tied,,0.8730694651603699,0.6758499206965748,0.4309247136116028,0.011326968669891357,-0.0020456314086914062,-0.00660517661659199
ele-fashion,43,multi_basis,M0-C,extent_off,,0.8651938438415527,0.6761201859394199,0.4445591866970062,0.020554065704345703,-0.010534942150115967,-0.017149617432989372
ele-fashion,43,multi_basis,M0-C,function_off,,0.876137912273407,0.6895386247983559,0.4384855031967163,0.014480382204055786,0.00040912628173828125,-0.003731178574053362
ele-fashion,43,multi_basis,M0-C,edge_control_shuffle,1001,0.8756265044212341,0.6930798216137456,0.424960196018219,0.0009550750255584717,-0.00010228157043457031,-0.00018998175866369316
ele-fashion,43,multi_basis,M0-C,edge_control_shuffle,1002,0.8752173781394958,0.693090660939142,0.4238049387931824,-0.00020018219947814941,-0.0005114078521728516,-0.00017914243326733192
ele-fashion,43,multi_basis,M0-C,edge_control_shuffle,1003,0.875421941280365,0.6932601454339391,0.4239623248577118,-4.279613494873047e-05,-0.00030684471130371094,-9.6579384701867e-06
ele-fashion,43,multi_basis,M0-C,edge_control_shuffle,1004,0.8750128149986267,0.6932706148298767,0.4240393340587616,3.421306610107422e-05,-0.0007159709930419922,8.11457467442267e-07
ele-fashion,43,multi_basis,M0-C,edge_control_shuffle,1005,0.8755242228507996,0.6927439727166861,0.42437744140625,0.00037232041358947754,-0.00020456314086914062,-0.0005258306557232029
ele-fashion,43,multi_basis,M0-C,modality_tied,,0.8721489310264587,0.6805560951562734,0.43248704075813293,0.008481919765472412,-0.003579854965209961,-0.012713708216135933
ele-fashion,43,multi_basis,M0-C,basis_uniform,,0.8760356307029724,0.6915277506228978,0.42886635661125183,0.004861235618591309,0.00030684471130371094,-0.0017420527495114468
ele-fashion,43,single_basis,M0-B,extent_off,,0.8680577278137207,0.6776342810712644,0.4233551323413849,0.013206124305725098,-0.006545960903167725,-0.009631794417163997
ele-fashion,43,single_basis,M0-B,function_off,,0.8726603388786316,0.6791013656725253,0.4174364507198334,0.007287442684173584,-0.001943349838256836,-0.008164709815903115
ele-fashion,43,single_basis,M0-B,edge_control_shuffle,1001,0.8740922808647156,0.6854498625827308,0.41085049510002136,0.0007014870643615723,-0.0005114078521728516,-0.0018162129056976672
ele-fashion,43,single_basis,M0-B,edge_control_shuffle,1002,0.8746036887168884,0.6871828431874799,0.4103049635887146,0.00015595555305480957,0.0,-8.323230094853251e-05
ele-fashion,43,single_basis,M0-B,edge_control_shuffle,1003,0.8746036887168884,0.6876066740951616,0.4108952283859253,0.0007462203502655029,0.0,0.000340598606733189
ele-fashion,43,single_basis,M0-B,edge_control_shuffle,1004,0.874705970287323,0.6870021893243449,0.4106835424900055,0.0005345344543457031,0.00010228157043457031,-0.000263886164083571
ele-fashion,43,single_basis,M0-B,edge_control_shuffle,1005,0.874705970287323,0.6869564366099402,0.410886287689209,0.0007372796535491943,0.00010228157043457031,-0.0003096388784882276
ele-fashion,43,single_basis,M0-B,modality_tied,,0.8734785914421082,0.6854242065973793,0.41197314858436584,0.0018241405487060547,-0.0011250972747802734,-0.0018418688910490921
ele-fashion,44,extent,M0-A,extent_off,,0.8554771542549133,0.6712356055338327,0.46843260526657104,0.04973733425140381,-0.018206000328063965,-0.018807243679560326
ele-fashion,44,extent,M0-A,edge_control_shuffle,1001,0.8721489310264587,0.6873035945776684,0.4209693968296051,0.002274125814437866,-0.0015342235565185547,-0.002739254635724553
ele-fashion,44,extent,M0-A,edge_control_shuffle,1002,0.8729671835899353,0.6892187414789842,0.4192749857902527,0.0005797147750854492,-0.0007159709930419922,-0.0008241077344087744
ele-fashion,44,extent,M0-A,edge_control_shuffle,1003,0.8722512125968933,0.687040843001125,0.4211805462837219,0.0024852752685546875,-0.0014319419860839844,-0.0030020062122679825
ele-fashion,44,extent,M0-A,edge_control_shuffle,1004,0.8728649020195007,0.6873321030572663,0.420021116733551,0.001325845718383789,-0.0008182525634765625,-0.0027107461561266533
ele-fashion,44,extent,M0-A,edge_control_shuffle,1005,0.8727626204490662,0.6879131565960828,0.4211026132106781,0.0024073421955108643,-0.0009205341339111328,-0.0021296926173102193
ele-fashion,44,extent,M0-A,modality_tied,,0.8715352416038513,0.6836507877737042,0.42631611227989197,0.0076208412647247314,-0.0021479129791259766,-0.006392061439688734
ele-fashion,44,multi_basis,M0-C,extent_off,,0.8626368045806885,0.6738519663849027,0.44452211260795593,0.029078394174575806,-0.01155775785446167,-0.015282799540842551
ele-fashion,44,multi_basis,M0-C,function_off,,0.8728649020195007,0.6862616724360572,0.41829967498779297,0.002855956554412842,-0.001329660415649414,-0.0028730934896881166
ele-fashion,44,multi_basis,M0-C,edge_control_shuffle,1001,0.8724557757377625,0.6884064492958468,0.4178546965122223,0.002410978078842163,-0.0017387866973876953,-0.0007283166298984733
ele-fashion,44,multi_basis,M0-C,edge_control_shuffle,1002,0.8731717467308044,0.688023584578188,0.4166487753391266,0.00120505690574646,-0.0010228157043457031,-0.0011111813475572774
ele-fashion,44,multi_basis,M0-C,edge_control_shuffle,1003,0.873274028301239,0.6894473731061533,0.4179360568523407,0.0024923384189605713,-0.0009205341339111328,0.00031260718040804214
ele-fashion,44,multi_basis,M0-C,edge_control_shuffle,1004,0.8721489310264587,0.6866549250725044,0.4176952540874481,0.002251535654067993,-0.0020456314086914062,-0.0024798408532409333
ele-fashion,44,multi_basis,M0-C,edge_control_shuffle,1005,0.8731717467308044,0.68762294665054,0.41759586334228516,0.0021521449089050293,-0.0010228157043457031,-0.0015118192752052728
ele-fashion,44,multi_basis,M0-C,modality_tied,,0.8726603388786316,0.6846143911221771,0.4174858033657074,0.0020420849323272705,-0.0015342235565185547,-0.00452037480356815
ele-fashion,44,multi_basis,M0-C,basis_uniform,,0.8738877177238464,0.6882797216588258,0.41508838534355164,-0.0003553330898284912,-0.00030684471130371094,-0.0008550442669195135
ele-fashion,44,single_basis,M0-B,extent_off,,0.8533292412757874,0.6804644084205583,0.48363640904426575,0.010436952114105225,-0.02045619487762451,-0.01639236795716914
ele-fashion,44,single_basis,M0-B,function_off,,0.8615117073059082,0.6832458357096606,0.49798473715782166,0.024785280227661133,-0.012273728847503662,-0.013610940668066895
ele-fashion,44,single_basis,M0-B,edge_control_shuffle,1001,0.8716375231742859,0.6934346224895077,0.47902342677116394,0.005823969841003418,-0.0021479129791259766,-0.003422153888219759
ele-fashion,44,single_basis,M0-B,edge_control_shuffle,1002,0.8714329600334167,0.6941316692469358,0.4764110743999481,0.0032116174697875977,-0.002352476119995117,-0.0027251071307916597
ele-fashion,44,single_basis,M0-B,edge_control_shuffle,1003,0.871842086315155,0.6940259673776684,0.4773164689540863,0.004117012023925781,-0.001943349838256836,-0.0028308090000590536
ele-fashion,44,single_basis,M0-B,edge_control_shuffle,1004,0.8713306784629822,0.6927905142628883,0.4775226414203644,0.004323184490203857,-0.0024547576904296875,-0.004066262114839181
ele-fashion,44,single_basis,M0-B,edge_control_shuffle,1005,0.8714329600334167,0.6928466217675985,0.4786016345024109,0.005402177572250366,-0.002352476119995117,-0.004010154610128991
ele-fashion,44,single_basis,M0-B,modality_tied,,0.871126115322113,0.6927188929763951,0.4608452618122101,-0.01235419511795044,-0.002659320831298828,-0.004137883401332365
