dataset,seed,variant,name,model_params,classifier_params,trainable_params,semantic_backbone,relation_encoder,default_transform,gate_and_correction_heads,correction_basis,common_params_abc,variant_specific_params,model_total
Grocery,42,extent,M0-A,700466,2580,703046,625024,42544,32768,130,0,700336,130,700466
Grocery,42,multi_basis,M0-C,717500,2580,720080,625024,42544,32768,780,16384,700336,17164,717500
Grocery,42,semantic,SEM,625024,2580,627604,625024,0,0,0,0,625024,0,625024
Grocery,42,single_basis,M0-B,716980,2580,719560,625024,42544,32768,260,16384,700336,16644,716980
Grocery,42,uniform,UNI,657792,2580,660372,625024,0,32768,0,0,657792,0,657792
Grocery,43,extent,M0-A,700466,2580,703046,625024,42544,32768,130,0,700336,130,700466
Grocery,43,multi_basis,M0-C,717500,2580,720080,625024,42544,32768,780,16384,700336,17164,717500
Grocery,43,semantic,SEM,625024,2580,627604,625024,0,0,0,0,625024,0,625024
Grocery,43,single_basis,M0-B,716980,2580,719560,625024,42544,32768,260,16384,700336,16644,716980
Grocery,43,uniform,UNI,657792,2580,660372,625024,0,32768,0,0,657792,0,657792
Grocery,44,extent,M0-A,700466,2580,703046,625024,42544,32768,130,0,700336,130,700466
Grocery,44,multi_basis,M0-C,717500,2580,720080,625024,42544,32768,780,16384,700336,17164,717500
Grocery,44,semantic,SEM,625024,2580,627604,625024,0,0,0,0,625024,0,625024
Grocery,44,single_basis,M0-B,716980,2580,719560,625024,42544,32768,260,16384,700336,16644,716980
Grocery,44,uniform,UNI,657792,2580,660372,625024,0,32768,0,0,657792,0,657792
Movies,42,extent,M0-A,700466,2580,703046,625024,42544,32768,130,0,700336,130,700466
Movies,42,multi_basis,M0-C,717500,2580,720080,625024,42544,32768,780,16384,700336,17164,717500
Movies,42,semantic,SEM,625024,2580,627604,625024,0,0,0,0,625024,0,625024
Movies,42,single_basis,M0-B,716980,2580,719560,625024,42544,32768,260,16384,700336,16644,716980
Movies,42,uniform,UNI,657792,2580,660372,625024,0,32768,0,0,657792,0,657792
Movies,43,extent,M0-A,700466,2580,703046,625024,42544,32768,130,0,700336,130,700466
Movies,43,multi_basis,M0-C,717500,2580,720080,625024,42544,32768,780,16384,700336,17164,717500
Movies,43,semantic,SEM,625024,2580,627604,625024,0,0,0,0,625024,0,625024
Movies,43,single_basis,M0-B,716980,2580,719560,625024,42544,32768,260,16384,700336,16644,716980
Movies,43,uniform,UNI,657792,2580,660372,625024,0,32768,0,0,657792,0,657792
Movies,44,extent,M0-A,700466,2580,703046,625024,42544,32768,130,0,700336,130,700466
Movies,44,multi_basis,M0-C,717500,2580,720080,625024,42544,32768,780,16384,700336,17164,717500
Movies,44,semantic,SEM,625024,2580,627604,625024,0,0,0,0,625024,0,625024
Movies,44,single_basis,M0-B,716980,2580,719560,625024,42544,32768,260,16384,700336,16644,716980
Movies,44,uniform,UNI,657792,2580,660372,625024,0,32768,0,0,657792,0,657792
ele-fashion,42,extent,M0-A,569394,1548,570942,493952,42544,32768,130,0,569264,130,569394
ele-fashion,42,multi_basis,M0-C,586428,1548,587976,493952,42544,32768,780,16384,569264,17164,586428
ele-fashion,42,semantic,SEM,493952,1548,495500,493952,0,0,0,0,493952,0,493952
ele-fashion,42,single_basis,M0-B,585908,1548,587456,493952,42544,32768,260,16384,569264,16644,585908
ele-fashion,42,uniform,UNI,526720,1548,528268,493952,0,32768,0,0,526720,0,526720
ele-fashion,43,extent,M0-A,569394,1548,570942,493952,42544,32768,130,0,569264,130,569394
ele-fashion,43,multi_basis,M0-C,586428,1548,587976,493952,42544,32768,780,16384,569264,17164,586428
ele-fashion,43,semantic,SEM,493952,1548,495500,493952,0,0,0,0,493952,0,493952
ele-fashion,43,single_basis,M0-B,585908,1548,587456,493952,42544,32768,260,16384,569264,16644,585908
ele-fashion,43,uniform,UNI,526720,1548,528268,493952,0,32768,0,0,526720,0,526720
ele-fashion,44,extent,M0-A,569394,1548,570942,493952,42544,32768,130,0,569264,130,569394
ele-fashion,44,multi_basis,M0-C,586428,1548,587976,493952,42544,32768,780,16384,569264,17164,586428
ele-fashion,44,semantic,SEM,493952,1548,495500,493952,0,0,0,0,493952,0,493952
ele-fashion,44,single_basis,M0-B,585908,1548,587456,493952,42544,32768,260,16384,569264,16644,585908
ele-fashion,44,uniform,UNI,526720,1548,528268,493952,0,32768,0,0,526720,0,526720
