dataset,seed,variant,modality,strength_kind,strength_mean,strength_std,strength_p10,strength_p50,strength_p90,rho_saturation_fraction,prior_rms,base_response_rms,scaled_base_correction_rms,scaled_direct_moe_rms,scaled_expert_residual_rms,expert_residual_to_base_ratio
Movies,42,M0_anchor,text,base_gate,0.12537626922130585,0.0,0.12537626922130585,0.12537626922130585,0.12537626922130585,,0.9940550923347473,1.9371601343154907,0.2428739070892334,,,
Movies,42,M0_anchor,visual,base_gate,0.12537626922130585,0.0,0.12537626922130585,0.12537626922130585,0.12537626922130585,,0.9949973821640015,1.9168503284454346,0.24032752215862274,,,
Movies,42,M1_direct_moe,text,direct_gate,0.23539862036705017,0.043149203062057495,0.19935773313045502,0.22188906371593475,0.289788156747818,,0.9969049096107483,,,0.1968766152858734,,
Movies,42,M1_direct_moe,visual,direct_gate,0.6235239505767822,0.14201579988002777,0.40964365005493164,0.6513673067092896,0.7839794754981995,,0.9976291060447693,,,0.9108854532241821,,
Movies,42,M2_anchored_moe,text,rho,0.07985188066959381,0.02267979085445404,0.05439390242099762,0.07621549069881439,0.10907595604658127,5.9980804508086294e-05,0.9949830174446106,1.9380912780761719,0.24139708280563354,,0.10656529664993286,0.4414522968189155
Movies,42,M2_anchored_moe,visual,rho,0.22516706585884094,0.03504803404211998,0.18193188309669495,0.23945333063602448,0.24732545018196106,0.7227687239646912,0.9954179525375366,1.9136673212051392,0.23835499584674835,,0.2727936804294586,1.1444848448020482
Movies,42,M3_collaborative_moe,text,rho,0.11554671823978424,0.03230808675289154,0.0743328258395195,0.11329729110002518,0.159300297498703,0.0005398272187449038,0.9949808120727539,1.9378925561904907,0.241464301943779,,0.1639038622379303,0.6787912785389396
Movies,42,M3_collaborative_moe,visual,rho,0.22629483044147491,0.03130548447370529,0.19008776545524597,0.23878976702690125,0.24735677242279053,0.7030349969863892,0.9950711131095886,1.9102686643600464,0.2380223274230957,,0.2877520024776459,1.2089286143570614
Movies,43,M0_anchor,text,base_gate,0.12526638805866241,0.0,0.12526638805866241,0.12526638805866241,0.12526638805866241,,0.994774341583252,1.9388725757598877,0.24287556111812592,,,
Movies,43,M0_anchor,visual,base_gate,0.12526638805866241,0.0,0.12526638805866241,0.12526638805866241,0.12526638805866241,,0.9960574507713318,1.9198179244995117,0.24048864841461182,,,
Movies,43,M1_direct_moe,text,direct_gate,0.2524297535419464,0.05282547324895859,0.21047741174697876,0.23514634370803833,0.3202682137489319,,0.9959259033203125,,,0.20783361792564392,,
Movies,43,M1_direct_moe,visual,direct_gate,0.6539404988288879,0.12598350644111633,0.4770573675632477,0.6677039861679077,0.8087390661239624,,0.9980689883232117,,,0.8403728008270264,,
Movies,43,M2_anchored_moe,text,rho,0.10223770886659622,0.024471767246723175,0.07441187649965286,0.0979718565940857,0.13605648279190063,5.9980804508086294e-05,0.9959036111831665,1.9460639953613281,0.2408185750246048,,0.1354326456785202,0.5623845488857445
Movies,43,M2_anchored_moe,visual,rho,0.23742122948169708,0.012497464194893837,0.22462370991706848,0.2409188449382782,0.24664779007434845,0.8968330025672913,0.9969569444656372,1.9285882711410522,0.23865601420402527,,0.2854902446269989,1.1962415679285392
Movies,43,M3_collaborative_moe,text,rho,0.1553407609462738,0.024822667241096497,0.12319335341453552,0.15510547161102295,0.18800042569637299,0.0010196736548095942,0.9961758255958557,1.9480758905410767,0.24096955358982086,,0.1747303009033203,0.7251136016990212
Movies,43,M3_collaborative_moe,visual,rho,0.23799528181552887,0.016260722652077675,0.22541575133800507,0.2427130937576294,0.2471921145915985,0.9031909704208374,0.9969295859336853,1.9284714460372925,0.2385445535182953,,0.3109208345413208,1.3034078118973886
Movies,44,M0_anchor,text,base_gate,0.1253661960363388,0.0,0.1253661811351776,0.1253661811351776,0.1253661811351776,,0.9924624562263489,1.9405008554458618,0.24327318370342255,,,
Movies,44,M0_anchor,visual,base_gate,0.1253661960363388,0.0,0.1253661811351776,0.1253661811351776,0.1253661811351776,,0.9964573979377747,1.9233134984970093,0.24111847579479218,,,
Movies,44,M1_direct_moe,text,direct_gate,0.20451363921165466,0.03741946443915367,0.16792143881320953,0.19908808171749115,0.2472245693206787,,0.9967565536499023,,,0.15563547611236572,,
Movies,44,M1_direct_moe,visual,direct_gate,0.6918813586235046,0.1505322903394699,0.4458156228065491,0.7417367696762085,0.8417320847511292,,0.9993801712989807,,,1.0824013948440552,,
Movies,44,M2_anchored_moe,text,rho,0.10379434376955032,0.01890183798968792,0.0818728357553482,0.101972296833992,0.12726962566375732,5.9980804508086294e-05,0.9943073987960815,1.9432820081710815,0.240927591919899,,0.05814596265554428,0.24134206544045825
Movies,44,M2_anchored_moe,visual,rho,0.24219833314418793,0.008315064013004303,0.2325792908668518,0.24483415484428406,0.24840368330478668,0.9593929648399353,0.9979279637336731,1.9346613883972168,0.23985882103443146,,0.25685691833496094,1.0708670926806958
Movies,44,M3_collaborative_moe,text,rho,0.12726302444934845,0.04164207726716995,0.07195679843425751,0.12637241184711456,0.18339747190475464,0.005218329839408398,0.9934540390968323,1.9349353313446045,0.24167008697986603,,0.14413554966449738,0.5964145230622008
Movies,44,M3_collaborative_moe,visual,rho,0.2358366698026657,0.02148565463721752,0.21070700883865356,0.24469107389450073,0.24924777448177338,0.8223368525505066,0.9965070486068726,1.9202075004577637,0.2398305982351303,,0.2575622498989105,1.0739340676054858
Grocery,42,M0_anchor,text,base_gate,0.1255692094564438,0.0,0.1255691945552826,0.1255691945552826,0.1255691945552826,,0.9883917570114136,1.9284194707870483,0.24215006828308105,,,
Grocery,42,M0_anchor,visual,base_gate,0.1255692094564438,0.0,0.1255691945552826,0.1255691945552826,0.1255691945552826,,0.9897410273551941,1.893720269203186,0.2377929389476776,,,
Grocery,42,M1_direct_moe,text,direct_gate,0.3918520212173462,0.1359250843524933,0.23752227425575256,0.36409783363342285,0.5885727405548096,,0.9995218515396118,,,0.6112362146377563,,
Grocery,42,M1_direct_moe,visual,direct_gate,0.9892359972000122,0.0074770404025912285,0.9789557456970215,0.9909845590591431,0.9970294833183289,,0.9958825707435608,,,1.915117621421814,,
Grocery,42,M2_anchored_moe,text,rho,0.22254346311092377,0.03519295156002045,0.16778108477592468,0.23845788836479187,0.2480684220790863,0.6762328743934631,0.9931118488311768,1.9383950233459473,0.23871834576129913,,0.1859453171491623,0.7789318267775448
Grocery,42,M2_anchored_moe,visual,rho,0.2499510496854782,5.033227716921829e-05,0.24987256526947021,0.24997107684612274,0.2499956488609314,1.0,0.9925834536552429,1.9147696495056152,0.2358088493347168,,0.48087507486343384,2.039257967714604
Grocery,42,M3_collaborative_moe,text,rho,0.2499278485774994,6.570227560587227e-05,0.24982811510562897,0.24995057284832,0.24999013543128967,1.0,0.9951786994934082,1.943373680114746,0.23838891088962555,,0.48502418398857117,2.034592054548788
Grocery,42,M3_collaborative_moe,visual,rho,0.24998359382152557,1.5727066056570038e-05,0.24995920062065125,0.24998947978019714,0.24999815225601196,1.0,0.9935891628265381,1.9114514589309692,0.2344730645418167,,0.47995731234550476,2.046961399525307
Grocery,43,M0_anchor,text,base_gate,0.12527157366275787,0.0,0.1252715289592743,0.1252715289592743,0.1252715289592743,,0.9882509708404541,1.9294030666351318,0.24169927835464478,,,
Grocery,43,M0_anchor,visual,base_gate,0.12527157366275787,0.0,0.1252715289592743,0.1252715289592743,0.1252715289592743,,0.9911491274833679,1.89847731590271,0.2378251552581787,,,
Grocery,43,M1_direct_moe,text,direct_gate,0.4325679838657379,0.09585083276033401,0.31666135787963867,0.42255163192749023,0.5621705651283264,,0.9981817603111267,,,0.5078823566436768,,
Grocery,43,M1_direct_moe,visual,direct_gate,0.9640457630157471,0.01741218939423561,0.939786434173584,0.9664859771728516,0.9843878746032715,,0.9967239499092102,,,1.8877507448196411,,
Grocery,43,M2_anchored_moe,text,rho,0.2431584596633911,0.007378568407148123,0.23507268726825714,0.24546273052692413,0.24880383908748627,0.9675530195236206,0.9912458658218384,1.9370858669281006,0.23921194672584534,,0.1721520572900772,0.7196632929348477
Grocery,43,M2_anchored_moe,visual,rho,0.24986132979393005,0.00012968492228537798,0.24966107308864594,0.2499087154865265,0.24998243153095245,1.0,0.9925952553749084,1.911759614944458,0.23608440160751343,,0.43215662240982056,1.8305174736968608
Grocery,43,M3_collaborative_moe,text,rho,0.23958086967468262,0.0075068604201078415,0.22996553778648376,0.24159692227840424,0.24651144444942474,0.9485182166099548,0.9916184544563293,1.9365707635879517,0.2389385998249054,,0.1669711023569107,0.6988033849669639
Grocery,43,M3_collaborative_moe,visual,rho,0.24989670515060425,7.457703759428114e-05,0.24978744983673096,0.24991686642169952,0.24997341632843018,1.0,0.9925541877746582,1.9121640920639038,0.23592723906040192,,0.4081035256385803,1.7297855358452185
Grocery,44,M0_anchor,text,base_gate,0.12603247165679932,0.0,0.1260324865579605,0.1260324865579605,0.1260324865579605,,0.9867252111434937,1.9252053499221802,0.24263840913772583,,,
Grocery,44,M0_anchor,visual,base_gate,0.12603247165679932,0.0,0.1260324865579605,0.1260324865579605,0.1260324865579605,,0.9901572465896606,1.893947720527649,0.23869894444942474,,,
Grocery,44,M1_direct_moe,text,direct_gate,0.4811544120311737,0.15595439076423645,0.304325133562088,0.4499815106391907,0.7106955051422119,,0.9999434947967529,,,0.6561481952667236,,
Grocery,44,M1_direct_moe,visual,direct_gate,0.9970091581344604,0.0024515443947166204,0.9935745596885681,0.9977096319198608,0.9993997812271118,,0.994787335395813,,,1.919703722000122,,
Grocery,44,M2_anchored_moe,text,rho,0.24981842935085297,0.0002088618348352611,0.24951522052288055,0.24990332126617432,0.24998809397220612,1.0,0.9933702349662781,1.938866138458252,0.23894581198692322,,0.4833027124404907,2.022645671927242
Grocery,44,M2_anchored_moe,visual,rho,0.2499791830778122,2.5169305445160717e-05,0.2499408721923828,0.24999023973941803,0.24999907612800598,1.0,0.9928452968597412,1.9104336500167847,0.23544180393218994,,0.4821048974990845,2.0476605659967526
Grocery,44,M3_collaborative_moe,text,rho,0.24995842576026917,4.193537461105734e-05,0.24989594519138336,0.24997413158416748,0.24999575316905975,1.0,0.9933494329452515,1.9362796545028687,0.23867778480052948,,0.48190537095069885,2.0190625254606007
Grocery,44,M3_collaborative_moe,visual,rho,0.24999044835567474,1.0075137652165722e-05,0.24997541308403015,0.24999433755874634,0.24999916553497314,1.0,0.9926362037658691,1.9070594310760498,0.23507589101791382,,0.4803367853164673,2.043326447627347
ele-fashion,42,M0_anchor,text,base_gate,0.1287650614976883,0.0,0.1287650167942047,0.1287650167942047,0.1287650167942047,,0.9992120862007141,1.8399730920791626,0.2369241565465927,,,
ele-fashion,42,M0_anchor,visual,base_gate,0.1287650614976883,0.0,0.1287650167942047,0.1287650167942047,0.1287650167942047,,0.9948073029518127,1.8135654926300049,0.23352380096912384,,,
ele-fashion,42,M1_direct_moe,text,direct_gate,0.4594962000846863,0.2241411805152893,0.18140292167663574,0.43220752477645874,0.7874708771705627,,1.0013171434402466,,,0.6605138182640076,,
ele-fashion,42,M1_direct_moe,visual,direct_gate,0.5225630402565002,0.1837070733308792,0.2731368839740753,0.5154740214347839,0.7802294492721558,,0.9941182732582092,,,0.5097516179084778,,
ele-fashion,42,M2_anchored_moe,text,rho,0.11959172040224075,0.08797554671764374,0.010966209694743156,0.10730325430631638,0.24381722509860992,0.2030215859413147,1.0007132291793823,1.8117341995239258,0.22008968889713287,,0.2644602060317993,1.2016019803426805
ele-fashion,42,M2_anchored_moe,visual,rho,0.21478861570358276,0.06210656464099884,0.10931053012609482,0.24616199731826782,0.24976788461208344,0.7171117663383484,0.9937908053398132,1.7878693342208862,0.21719057857990265,,0.2079559862613678,0.9574816164728918
ele-fashion,42,M3_collaborative_moe,text,rho,0.18543531000614166,0.07790207862854004,0.04143867641687393,0.22565360367298126,0.24907825887203217,0.5046182870864868,1.0004304647445679,1.8254936933517456,0.22188825905323029,,0.2827771306037903,1.2744123182108205
ele-fashion,42,M3_collaborative_moe,visual,rho,0.21758726239204407,0.056344836950302124,0.1313747614622116,0.24439160525798798,0.24949245154857635,0.7198735475540161,0.993535041809082,1.7999554872512817,0.21878410875797272,,0.20941926538944244,0.957195961709952
ele-fashion,43,M0_anchor,text,base_gate,0.12885820865631104,0.0,0.12885823845863342,0.12885823845863342,0.12885823845863342,,1.0003865957260132,1.8393000364303589,0.2370089590549469,,,
ele-fashion,43,M0_anchor,visual,base_gate,0.12885820865631104,0.0,0.12885823845863342,0.12885823845863342,0.12885823845863342,,0.9951906800270081,1.819432020187378,0.23444880545139313,,,
ele-fashion,43,M1_direct_moe,text,direct_gate,0.47753340005874634,0.1853315830230713,0.23634111881256104,0.464698851108551,0.7436941862106323,,1.0024656057357788,,,0.5970178842544556,,
ele-fashion,43,M1_direct_moe,visual,direct_gate,0.49868902564048767,0.1653934270143509,0.2910028100013733,0.4855988919734955,0.7292357087135315,,0.9945744276046753,,,0.4896365702152252,,
ele-fashion,43,M2_anchored_moe,text,rho,0.1383008360862732,0.09812187403440475,0.00841410644352436,0.15819919109344482,0.2479599118232727,0.35667890310287476,1.001289963722229,1.830094575881958,0.22256691753864288,,0.2386191040277481,1.0721229671805028
ele-fashion,43,M2_anchored_moe,visual,rho,0.22528092563152313,0.04395396634936333,0.17154961824417114,0.24390922486782074,0.2491832673549652,0.7658520936965942,0.9946215748786926,1.812119483947754,0.22038087248802185,,0.2274322211742401,1.0319961918954719
ele-fashion,43,M3_collaborative_moe,text,rho,0.11972641199827194,0.10392814129590988,0.0013381785247474909,0.10856377333402634,0.2474738359451294,0.3073248565196991,1.0012515783309937,1.8312753438949585,0.22384077310562134,,0.2906452417373657,1.2984463809022946
ele-fashion,43,M3_collaborative_moe,visual,rho,0.16723020374774933,0.09165710210800171,0.007731228601187468,0.21604225039482117,0.2485242336988449,0.4437159299850464,0.9943186640739441,1.8153148889541626,0.22188988327980042,,0.25986430048942566,1.1711408228636542
ele-fashion,44,M0_anchor,text,base_gate,0.1271943747997284,0.0,0.12719428539276123,0.12719428539276123,0.12719428539276123,,0.9995500445365906,1.8429594039916992,0.23441389203071594,,,
ele-fashion,44,M0_anchor,visual,base_gate,0.1271943747997284,0.0,0.12719428539276123,0.12719428539276123,0.12719428539276123,,0.9940855503082275,1.824358582496643,0.23204798996448517,,,
ele-fashion,44,M1_direct_moe,text,direct_gate,0.3964967727661133,0.17425984144210815,0.1914137452840805,0.36923840641975403,0.6540853381156921,,1.0015835762023926,,,0.5681033730506897,,
ele-fashion,44,M1_direct_moe,visual,direct_gate,0.3843487501144409,0.15463191270828247,0.24014060199260712,0.320476770401001,0.6436114311218262,,0.9941100478172302,,,0.539526104927063,,
ele-fashion,44,M2_anchored_moe,text,rho,0.11537475883960724,0.08644205331802368,0.014333341270685196,0.09951835870742798,0.23890358209609985,0.1771426796913147,1.0003581047058105,1.8313891887664795,0.22636131942272186,,0.287588894367218,1.2704860313619033
ele-fashion,44,M2_anchored_moe,visual,rho,0.22599491477012634,0.034994617104530334,0.17991220951080322,0.2400396466255188,0.24863408505916595,0.7429190874099731,0.9937061667442322,1.812943935394287,0.22408148646354675,,0.22340451180934906,0.9969788907380003
ele-fashion,44,M3_collaborative_moe,text,rho,0.13783006370067596,0.08572277426719666,0.017501214519143105,0.14456620812416077,0.24473659694194794,0.2503708004951477,1.0006372928619385,1.8280404806137085,0.22460077702999115,,0.2947939932346344,1.312524369384841
ele-fashion,44,M3_collaborative_moe,visual,rho,0.22094827890396118,0.04667569696903229,0.15283995866775513,0.2425519824028015,0.24884337186813354,0.7169276475906372,0.993082582950592,1.8106842041015625,0.222468301653862,,0.24645371735095978,1.1078149809154234
